accountContextSearch,acctName,acctNumber,acctType,custrecord_cash360_exclude_account,custrecord_cps_bdc_lastupdatedbyimp_acc,custrecord_cps_bdc_updatedbyimp_acc,id,includeChildren,inventory,isInactive,isSummary,lastModifiedDate,localizations,subsidiary,unit,unitsType,cashFlowRate,currency,eliminate,generalRate,reconcileWithMatching,revalue,description,externalId,curDocNum,parent,sSpecAcct
"{'links': [{'rel': 'self', 'href': 'https://7399703.suitetalk.api.netsuite.com/services/rest/record/v1/account/2760/accountContextSearch'}]}",Head Count,100,"{'id': 'Stat', 'refName': 'Statistical'}",False,False,False,2760,True,False,False,False,2024-10-15T15:20:00Z,"{'links': [{'rel': 'self', 'href': 'https://7399703.suitetalk.api.netsuite.com/services/rest/record/v1/account/2760/localizations'}]}","{'links': [{'rel': 'self', 'href': 'https://7399703.suitetalk.api.netsuite.com/services/rest/record/v1/account/2760/subsidiary'}]}",4,"{'links': [{'rel': 'self', 'href': 'https://7399703.suitetalk.api.netsuite.com/services/rest/record/v1/unitstype/3'}], 'id': '3', 'refName': 'Quantity'}",,,,,,,,,,,
"{'links': [{'rel': 'self', 'href': 'https://7399703.suitetalk.api.netsuite.com/services/rest/record/v1/account/1984/accountContextSearch'}]}",Woodhaven/ Ridglea -Checking,10011,"{'id': 'Bank', 'refName': 'Bank'}",False,False,False,1984,False,False,False,False,2023-05-03T18:32:00Z,"{'links': [{'rel': 'self', 'href': 'https://7399703.suitetalk.api.netsuite.com/services/rest/record/v1/account/1984/localizations'}]}","{'links': [{'rel': 'self', 'href': 'https://7399703.suitetalk.api.netsuite.com/services/rest/record/v1/account/1984/subsidiary'}]}",,,"{'id': 'AVERAGE', 'refName': 'Average'}","{'links': [{'rel': 'self', 'href': 'https://7399703.suitetalk.api.netsuite.com/services/rest/record/v1/currency/1'}], 'id': '1', 'refName': 'USD'}",False,"{'id': 'CURRENT', 'refName': 'Current'}",True,True,,,,,
"{'links': [{'rel': 'self', 'href': 'https://7399703.suitetalk.api.netsuite.com/services/rest/record/v1/account/1985/accountContextSearch'}]}",Bank of Texas - Main Checking,10031,"{'id': 'Bank', 'refName': 'Bank'}",False,False,False,1985,False,False,False,False,2023-05-03T18:52:00Z,"{'links': [{'rel': 'self', 'href': 'https://7399703.suitetalk.api.netsuite.com/services/rest/record/v1/account/1985/localizations'}]}","{'links': [{'rel': 'self', 'href': 'https://7399703.suitetalk.api.netsuite.com/services/rest/record/v1/account/1985/subsidiary'}]}",,,"{'id': 'AVERAGE', 'refName': 'Average'}","{'links': [{'rel': 'self', 'href': 'https://7399703.suitetalk.api.netsuite.com/services/rest/record/v1/currency/1'}], 'id': '1', 'refName': 'USD'}",False,"{'id': 'CURRENT', 'refName': 'Current'}",True,True,,,,,
"{'links': [{'rel': 'self', 'href': 'https://7399703.suitetalk.api.netsuite.com/services/rest/record/v1/account/1986/accountContextSearch'}]}",Bank of Texas - Johnnie,10061,"{'id': 'Bank', 'refName': 'Bank'}",False,False,False,1986,False,False,False,False,2023-05-03T18:53:00Z,"{'links': [{'rel': 'self', 'href': 'https://7399703.suitetalk.api.netsuite.com/services/rest/record/v1/account/1986/localizations'}]}","{'links': [{'rel': 'self', 'href': 'https://7399703.suitetalk.api.netsuite.com/services/rest/record/v1/account/1986/subsidiary'}]}",,,"{'id': 'AVERAGE', 'refName': 'Average'}","{'links': [{'rel': 'self', 'href': 'https://7399703.suitetalk.api.netsuite.com/services/rest/record/v1/currency/1'}], 'id': '1', 'refName': 'USD'}",False,"{'id': 'CURRENT', 'refName': 'Current'}",True,True,,,,,
"{'links': [{'rel': 'self', 'href': 'https://7399703.suitetalk.api.netsuite.com/services/rest/record/v1/account/1987/accountContextSearch'}]}",Petty Cash,10501,"{'id': 'Bank', 'refName': 'Bank'}",False,False,False,1987,False,False,False,False,2023-05-03T18:55:00Z,"{'links': [{'rel': 'self', 'href': 'https://7399703.suitetalk.api.netsuite.com/services/rest/record/v1/account/1987/localizations'}]}","{'links': [{'rel': 'self', 'href': 'https://7399703.suitetalk.api.netsuite.com/services/rest/record/v1/account/1987/subsidiary'}]}",,,"{'id': 'AVERAGE', 'refName': 'Average'}","{'links': [{'rel': 'self', 'href': 'https://7399703.suitetalk.api.netsuite.com/services/rest/record/v1/currency/1'}], 'id': '1', 'refName': 'USD'}",False,"{'id': 'CURRENT', 'refName': 'Current'}",True,True,,,,,
"{'links': [{'rel': 'self', 'href': 'https://7399703.suitetalk.api.netsuite.com/services/rest/record/v1/account/1988/accountContextSearch'}]}",Petty Cash- SDC Medical Center,10551,"{'id': 'Bank', 'refName': 'Bank'}",False,False,False,1988,False,False,False,False,2023-05-03T19:26:00Z,"{'links': [{'rel': 'self', 'href': 'https://7399703.suitetalk.api.netsuite.com/services/rest/record/v1/account/1988/localizations'}]}","{'links': [{'rel': 'self', 'href': 'https://7399703.suitetalk.api.netsuite.com/services/rest/record/v1/account/1988/subsidiary'}]}",,,"{'id': 'AVERAGE', 'refName': 'Average'}","{'links': [{'rel': 'self', 'href': 'https://7399703.suitetalk.api.netsuite.com/services/rest/record/v1/currency/1'}], 'id': '1', 'refName': 'USD'}",False,"{'id': 'CURRENT', 'refName': 'Current'}",True,True,,,,,
"{'links': [{'rel': 'self', 'href': 'https://7399703.suitetalk.api.netsuite.com/services/rest/record/v1/account/1736/accountContextSearch'}]}",Bill.com Money In Clearing,1071,"{'id': 'Bank', 'refName': 'Bank'}",False,True,False,1736,False,False,False,False,2024-04-25T14:48:00Z,"{'links': [{'rel': 'self', 'href': 'https://7399703.suitetalk.api.netsuite.com/services/rest/record/v1/account/1736/localizations'}]}","{'links': [{'rel': 'self', 'href': 'https://7399703.suitetalk.api.netsuite.com/services/rest/record/v1/account/1736/subsidiary'}]}",,,"{'id': 'AVERAGE', 'refName': 'Average'}","{'links': [{'rel': 'self', 'href': 'https://7399703.suitetalk.api.netsuite.com/services/rest/record/v1/currency/1'}], 'id': '1', 'refName': 'USD'}",False,"{'id': 'CURRENT', 'refName': 'Current'}",True,True,For payments received via Bill.com,0ca02NUYJUNVIEQ5yhi7,,,
"{'links': [{'rel': 'self', 'href': 'https://7399703.suitetalk.api.netsuite.com/services/rest/record/v1/account/830/accountContextSearch'}]}",Bill.com Money In Clearing (ADV),10710-01,"{'id': 'Bank', 'refName': 'Bank'}",False,False,False,830,False,False,False,False,2022-04-25T19:51:00Z,"{'links': [{'rel': 'self', 'href': 'https://7399703.suitetalk.api.netsuite.com/services/rest/record/v1/account/830/localizations'}]}","{'links': [{'rel': 'self', 'href': 'https://7399703.suitetalk.api.netsuite.com/services/rest/record/v1/account/830/subsidiary'}]}",,,"{'id': 'AVERAGE', 'refName': 'Average'}","{'links': [{'rel': 'self', 'href': 'https://7399703.suitetalk.api.netsuite.com/services/rest/record/v1/currency/1'}], 'id': '1', 'refName': 'USD'}",False,"{'id': 'CURRENT', 'refName': 'Current'}",True,True,,10710-01,,,
"{'links': [{'rel': 'self', 'href': 'https://7399703.suitetalk.api.netsuite.com/services/rest/record/v1/account/831/accountContextSearch'}]}",Bill.com Money In Clearing (AAC),10710-02,"{'id': 'Bank', 'refName': 'Bank'}",False,False,False,831,False,False,False,False,2022-04-25T19:51:00Z,"{'links': [{'rel': 'self', 'href': 'https://7399703.suitetalk.api.netsuite.com/services/rest/record/v1/account/831/localizations'}]}","{'links': [{'rel': 'self', 'href': 'https://7399703.suitetalk.api.netsuite.com/services/rest/record/v1/account/831/subsidiary'}]}",,,"{'id': 'AVERAGE', 'refName': 'Average'}","{'links': [{'rel': 'self', 'href': 'https://7399703.suitetalk.api.netsuite.com/services/rest/record/v1/currency/1'}], 'id': '1', 'refName': 'USD'}",False,"{'id': 'CURRENT', 'refName': 'Current'}",True,True,,10710-02,,,
"{'links': [{'rel': 'self', 'href': 'https://7399703.suitetalk.api.netsuite.com/services/rest/record/v1/account/832/accountContextSearch'}]}",Bill.com Money In Clearing (ARG),10710-03,"{'id': 'Bank', 'refName': 'Bank'}",False,False,False,832,False,False,False,False,2022-06-02T15:57:00Z,"{'links': [{'rel': 'self', 'href': 'https://7399703.suitetalk.api.netsuite.com/services/rest/record/v1/account/832/localizations'}]}","{'links': [{'rel': 'self', 'href': 'https://7399703.suitetalk.api.netsuite.com/services/rest/record/v1/account/832/subsidiary'}]}",,,"{'id': 'AVERAGE', 'refName': 'Average'}","{'links': [{'rel': 'self', 'href': 'https://7399703.suitetalk.api.netsuite.com/services/rest/record/v1/currency/1'}], 'id': '1', 'refName': 'USD'}",False,"{'id': 'CURRENT', 'refName': 'Current'}",True,True,,10710-03,,,
"{'links': [{'rel': 'self', 'href': 'https://7399703.suitetalk.api.netsuite.com/services/rest/record/v1/account/833/accountContextSearch'}]}",Bill.com Money In Clearing (ARM),10710-04,"{'id': 'Bank', 'refName': 'Bank'}",False,False,False,833,False,False,False,False,2022-06-02T15:58:00Z,"{'links': [{'rel': 'self', 'href': 'https://7399703.suitetalk.api.netsuite.com/services/rest/record/v1/account/833/localizations'}]}","{'links': [{'rel': 'self', 'href': 'https://7399703.suitetalk.api.netsuite.com/services/rest/record/v1/account/833/subsidiary'}]}",,,"{'id': 'AVERAGE', 'refName': 'Average'}","{'links': [{'rel': 'self', 'href': 'https://7399703.suitetalk.api.netsuite.com/services/rest/record/v1/currency/1'}], 'id': '1', 'refName': 'USD'}",False,"{'id': 'CURRENT', 'refName': 'Current'}",True,True,,10710-04,,,
"{'links': [{'rel': 'self', 'href': 'https://7399703.suitetalk.api.netsuite.com/services/rest/record/v1/account/834/accountContextSearch'}]}",Bill.com Money In Clearing (FMGO),10710-05,"{'id': 'Bank', 'refName': 'Bank'}",False,False,False,834,False,False,False,False,2022-05-10T16:13:00Z,"{'links': [{'rel': 'self', 'href': 'https://7399703.suitetalk.api.netsuite.com/services/rest/record/v1/account/834/localizations'}]}","{'links': [{'rel': 'self', 'href': 'https://7399703.suitetalk.api.netsuite.com/services/rest/record/v1/account/834/subsidiary'}]}",,,"{'id': 'AVERAGE', 'refName': 'Average'}","{'links': [{'rel': 'self', 'href': 'https://7399703.suitetalk.api.netsuite.com/services/rest/record/v1/currency/1'}], 'id': '1', 'refName': 'USD'}",False,"{'id': 'CURRENT', 'refName': 'Current'}",True,True,,10710-05,,,
"{'links': [{'rel': 'self', 'href': 'https://7399703.suitetalk.api.netsuite.com/services/rest/record/v1/account/835/accountContextSearch'}]}",Bill.com Money In Clearing (FLYR),10710-06,"{'id': 'Bank', 'refName': 'Bank'}",False,False,False,835,False,False,False,False,2022-06-02T15:58:00Z,"{'links': [{'rel': 'self', 'href': 'https://7399703.suitetalk.api.netsuite.com/services/rest/record/v1/account/835/localizations'}]}","{'links': [{'rel': 'self', 'href': 'https://7399703.suitetalk.api.netsuite.com/services/rest/record/v1/account/835/subsidiary'}]}",,,"{'id': 'AVERAGE', 'refName': 'Average'}","{'links': [{'rel': 'self', 'href': 'https://7399703.suitetalk.api.netsuite.com/services/rest/record/v1/currency/1'}], 'id': '1', 'refName': 'USD'}",False,"{'id': 'CURRENT', 'refName': 'Current'}",True,True,,10710-06,,,
"{'links': [{'rel': 'self', 'href': 'https://7399703.suitetalk.api.netsuite.com/services/rest/record/v1/account/836/accountContextSearch'}]}",Bill.com Money In Clearing (HIC),10710-07,"{'id': 'Bank', 'refName': 'Bank'}",False,False,False,836,False,False,False,False,2022-06-02T15:59:00Z,"{'links': [{'rel': 'self', 'href': 'https://7399703.suitetalk.api.netsuite.com/services/rest/record/v1/account/836/localizations'}]}","{'links': [{'rel': 'self', 'href': 'https://7399703.suitetalk.api.netsuite.com/services/rest/record/v1/account/836/subsidiary'}]}",,,"{'id': 'AVERAGE', 'refName': 'Average'}","{'links': [{'rel': 'self', 'href': 'https://7399703.suitetalk.api.netsuite.com/services/rest/record/v1/currency/1'}], 'id': '1', 'refName': 'USD'}",False,"{'id': 'CURRENT', 'refName': 'Current'}",True,True,,10710-07,,,
"{'links': [{'rel': 'self', 'href': 'https://7399703.suitetalk.api.netsuite.com/services/rest/record/v1/account/837/accountContextSearch'}]}",Bill.com Money In Clearing (NFL),10710-08,"{'id': 'Bank', 'refName': 'Bank'}",False,False,False,837,False,False,False,False,2022-04-25T19:51:00Z,"{'links': [{'rel': 'self', 'href': 'https://7399703.suitetalk.api.netsuite.com/services/rest/record/v1/account/837/localizations'}]}","{'links': [{'rel': 'self', 'href': 'https://7399703.suitetalk.api.netsuite.com/services/rest/record/v1/account/837/subsidiary'}]}",,,"{'id': 'AVERAGE', 'refName': 'Average'}","{'links': [{'rel': 'self', 'href': 'https://7399703.suitetalk.api.netsuite.com/services/rest/record/v1/currency/1'}], 'id': '1', 'refName': 'USD'}",False,"{'id': 'CURRENT', 'refName': 'Current'}",True,True,,10710-08,,,
"{'links': [{'rel': 'self', 'href': 'https://7399703.suitetalk.api.netsuite.com/services/rest/record/v1/account/838/accountContextSearch'}]}",Bill.com Money In Clearing (PSO),10710-09,"{'id': 'Bank', 'refName': 'Bank'}",False,False,False,838,False,False,False,False,2022-06-02T16:00:00Z,"{'links': [{'rel': 'self', 'href': 'https://7399703.suitetalk.api.netsuite.com/services/rest/record/v1/account/838/localizations'}]}","{'links': [{'rel': 'self', 'href': 'https://7399703.suitetalk.api.netsuite.com/services/rest/record/v1/account/838/subsidiary'}]}",,,"{'id': 'AVERAGE', 'refName': 'Average'}","{'links': [{'rel': 'self', 'href': 'https://7399703.suitetalk.api.netsuite.com/services/rest/record/v1/currency/1'}], 'id': '1', 'refName': 'USD'}",False,"{'id': 'CURRENT', 'refName': 'Current'}",True,True,,10710-09,,,
"{'links': [{'rel': 'self', 'href': 'https://7399703.suitetalk.api.netsuite.com/services/rest/record/v1/account/839/accountContextSearch'}]}",Bill.com Money In Clearing (Reece Spine),10710-10,"{'id': 'Bank', 'refName': 'Bank'}",False,False,False,839,False,False,False,False,2022-04-25T19:51:00Z,"{'links': [{'rel': 'self', 'href': 'https://7399703.suitetalk.api.netsuite.com/services/rest/record/v1/account/839/localizations'}]}","{'links': [{'rel': 'self', 'href': 'https://7399703.suitetalk.api.netsuite.com/services/rest/record/v1/account/839/subsidiary'}]}",,,"{'id': 'AVERAGE', 'refName': 'Average'}","{'links': [{'rel': 'self', 'href': 'https://7399703.suitetalk.api.netsuite.com/services/rest/record/v1/currency/1'}], 'id': '1', 'refName': 'USD'}",False,"{'id': 'CURRENT', 'refName': 'Current'}",True,True,,10710-10,,,
"{'links': [{'rel': 'self', 'href': 'https://7399703.suitetalk.api.netsuite.com/services/rest/record/v1/account/840/accountContextSearch'}]}",Bill.com Money In Clearing (SOAR),10710-11,"{'id': 'Bank', 'refName': 'Bank'}",False,False,False,840,False,False,False,False,2022-04-25T19:51:00Z,"{'links': [{'rel': 'self', 'href': 'https://7399703.suitetalk.api.netsuite.com/services/rest/record/v1/account/840/localizations'}]}","{'links': [{'rel': 'self', 'href': 'https://7399703.suitetalk.api.netsuite.com/services/rest/record/v1/account/840/subsidiary'}]}",,,"{'id': 'AVERAGE', 'refName': 'Average'}","{'links': [{'rel': 'self', 'href': 'https://7399703.suitetalk.api.netsuite.com/services/rest/record/v1/currency/1'}], 'id': '1', 'refName': 'USD'}",False,"{'id': 'CURRENT', 'refName': 'Current'}",True,True,,10710-11,,,
"{'links': [{'rel': 'self', 'href': 'https://7399703.suitetalk.api.netsuite.com/services/rest/record/v1/account/841/accountContextSearch'}]}",Bill.com Money In Clearing (SRM),10710-12,"{'id': 'Bank', 'refName': 'Bank'}",False,False,False,841,False,False,False,False,2022-06-02T16:00:00Z,"{'links': [{'rel': 'self', 'href': 'https://7399703.suitetalk.api.netsuite.com/services/rest/record/v1/account/841/localizations'}]}","{'links': [{'rel': 'self', 'href': 'https://7399703.suitetalk.api.netsuite.com/services/rest/record/v1/account/841/subsidiary'}]}",,,"{'id': 'AVERAGE', 'refName': 'Average'}","{'links': [{'rel': 'self', 'href': 'https://7399703.suitetalk.api.netsuite.com/services/rest/record/v1/currency/1'}], 'id': '1', 'refName': 'USD'}",False,"{'id': 'CURRENT', 'refName': 'Current'}",True,True,,10710-12,,,
"{'links': [{'rel': 'self', 'href': 'https://7399703.suitetalk.api.netsuite.com/services/rest/record/v1/account/842/accountContextSearch'}]}",Bill.com Money In Clearing (SVS),10710-13,"{'id': 'Bank', 'refName': 'Bank'}",False,False,False,842,False,False,False,False,2022-04-25T19:51:00Z,"{'links': [{'rel': 'self', 'href': 'https://7399703.suitetalk.api.netsuite.com/services/rest/record/v1/account/842/localizations'}]}","{'links': [{'rel': 'self', 'href': 'https://7399703.suitetalk.api.netsuite.com/services/rest/record/v1/account/842/subsidiary'}]}",,,"{'id': 'AVERAGE', 'refName': 'Average'}","{'links': [{'rel': 'self', 'href': 'https://7399703.suitetalk.api.netsuite.com/services/rest/record/v1/currency/1'}], 'id': '1', 'refName': 'USD'}",False,"{'id': 'CURRENT', 'refName': 'Current'}",True,True,,10710-13,,,
"{'links': [{'rel': 'self', 'href': 'https://7399703.suitetalk.api.netsuite.com/services/rest/record/v1/account/843/accountContextSearch'}]}",Bill.com Money In Clearing (TOS),10710-14,"{'id': 'Bank', 'refName': 'Bank'}",False,False,False,843,False,False,False,False,2022-04-25T19:51:00Z,"{'links': [{'rel': 'self', 'href': 'https://7399703.suitetalk.api.netsuite.com/services/rest/record/v1/account/843/localizations'}]}","{'links': [{'rel': 'self', 'href': 'https://7399703.suitetalk.api.netsuite.com/services/rest/record/v1/account/843/subsidiary'}]}",,,"{'id': 'AVERAGE', 'refName': 'Average'}","{'links': [{'rel': 'self', 'href': 'https://7399703.suitetalk.api.netsuite.com/services/rest/record/v1/currency/1'}], 'id': '1', 'refName': 'USD'}",False,"{'id': 'CURRENT', 'refName': 'Current'}",True,True,,10710-14,,,
"{'links': [{'rel': 'self', 'href': 'https://7399703.suitetalk.api.netsuite.com/services/rest/record/v1/account/844/accountContextSearch'}]}",Bill.com Money In Clearing (TSSI),10710-15,"{'id': 'Bank', 'refName': 'Bank'}",False,False,False,844,False,False,False,False,2022-04-25T19:51:00Z,"{'links': [{'rel': 'self', 'href': 'https://7399703.suitetalk.api.netsuite.com/services/rest/record/v1/account/844/localizations'}]}","{'links': [{'rel': 'self', 'href': 'https://7399703.suitetalk.api.netsuite.com/services/rest/record/v1/account/844/subsidiary'}]}",,,"{'id': 'AVERAGE', 'refName': 'Average'}","{'links': [{'rel': 'self', 'href': 'https://7399703.suitetalk.api.netsuite.com/services/rest/record/v1/currency/1'}], 'id': '1', 'refName': 'USD'}",False,"{'id': 'CURRENT', 'refName': 'Current'}",True,True,,10710-15,,,
"{'links': [{'rel': 'self', 'href': 'https://7399703.suitetalk.api.netsuite.com/services/rest/record/v1/account/845/accountContextSearch'}]}",Bill.com Money In Clearing (TX FMG),10710-16,"{'id': 'Bank', 'refName': 'Bank'}",False,False,False,845,False,False,False,False,2022-04-25T19:51:00Z,"{'links': [{'rel': 'self', 'href': 'https://7399703.suitetalk.api.netsuite.com/services/rest/record/v1/account/845/localizations'}]}","{'links': [{'rel': 'self', 'href': 'https://7399703.suitetalk.api.netsuite.com/services/rest/record/v1/account/845/subsidiary'}]}",,,"{'id': 'AVERAGE', 'refName': 'Average'}","{'links': [{'rel': 'self', 'href': 'https://7399703.suitetalk.api.netsuite.com/services/rest/record/v1/currency/1'}], 'id': '1', 'refName': 'USD'}",False,"{'id': 'CURRENT', 'refName': 'Current'}",True,True,,10710-16,,,
"{'links': [{'rel': 'self', 'href': 'https://7399703.suitetalk.api.netsuite.com/services/rest/record/v1/account/846/accountContextSearch'}]}",Bill.com Money In Clearing (UMS),10710-17,"{'id': 'Bank', 'refName': 'Bank'}",False,False,False,846,False,False,False,False,2022-06-02T16:02:00Z,"{'links': [{'rel': 'self', 'href': 'https://7399703.suitetalk.api.netsuite.com/services/rest/record/v1/account/846/localizations'}]}","{'links': [{'rel': 'self', 'href': 'https://7399703.suitetalk.api.netsuite.com/services/rest/record/v1/account/846/subsidiary'}]}",,,"{'id': 'AVERAGE', 'refName': 'Average'}","{'links': [{'rel': 'self', 'href': 'https://7399703.suitetalk.api.netsuite.com/services/rest/record/v1/currency/1'}], 'id': '1', 'refName': 'USD'}",False,"{'id': 'CURRENT', 'refName': 'Current'}",True,True,,10710-17,,,
"{'links': [{'rel': 'self', 'href': 'https://7399703.suitetalk.api.netsuite.com/services/rest/record/v1/account/847/accountContextSearch'}]}",Bill.com Money In Clearing (WTX),10710-18,"{'id': 'Bank', 'refName': 'Bank'}",False,False,False,847,False,False,False,False,2023-08-26T08:10:00Z,"{'links': [{'rel': 'self', 'href': 'https://7399703.suitetalk.api.netsuite.com/services/rest/record/v1/account/847/localizations'}]}","{'links': [{'rel': 'self', 'href': 'https://7399703.suitetalk.api.netsuite.com/services/rest/record/v1/account/847/subsidiary'}]}",,,"{'id': 'AVERAGE', 'refName': 'Average'}","{'links': [{'rel': 'self', 'href': 'https://7399703.suitetalk.api.netsuite.com/services/rest/record/v1/currency/1'}], 'id': '1', 'refName': 'USD'}",False,"{'id': 'CURRENT', 'refName': 'Current'}",True,True,,10710-18,2.0,,
"{'links': [{'rel': 'self', 'href': 'https://7399703.suitetalk.api.netsuite.com/services/rest/record/v1/account/1636/accountContextSearch'}]}",Bill.com Money Out Clearing,1072,"{'id': 'Bank', 'refName': 'Bank'}",False,True,False,1636,False,False,False,False,2023-08-07T16:53:00Z,"{'links': [{'rel': 'self', 'href': 'https://7399703.suitetalk.api.netsuite.com/services/rest/record/v1/account/1636/localizations'}]}","{'links': [{'rel': 'self', 'href': 'https://7399703.suitetalk.api.netsuite.com/services/rest/record/v1/account/1636/subsidiary'}]}",,,"{'id': 'AVERAGE', 'refName': 'Average'}","{'links': [{'rel': 'self', 'href': 'https://7399703.suitetalk.api.netsuite.com/services/rest/record/v1/currency/1'}], 'id': '1', 'refName': 'USD'}",False,"{'id': 'CURRENT', 'refName': 'Current'}",True,True,For payments made via Bill.com,0ca02TOEAVEUFAC40k7e,,,
"{'links': [{'rel': 'self', 'href': 'https://7399703.suitetalk.api.netsuite.com/services/rest/record/v1/account/848/accountContextSearch'}]}",Bill.com Money Out Clearing (ADV),10720-01,"{'id': 'Bank', 'refName': 'Bank'}",False,False,False,848,False,False,False,False,2022-04-25T19:51:00Z,"{'links': [{'rel': 'self', 'href': 'https://7399703.suitetalk.api.netsuite.com/services/rest/record/v1/account/848/localizations'}]}","{'links': [{'rel': 'self', 'href': 'https://7399703.suitetalk.api.netsuite.com/services/rest/record/v1/account/848/subsidiary'}]}",,,"{'id': 'AVERAGE', 'refName': 'Average'}","{'links': [{'rel': 'self', 'href': 'https://7399703.suitetalk.api.netsuite.com/services/rest/record/v1/currency/1'}], 'id': '1', 'refName': 'USD'}",False,"{'id': 'CURRENT', 'refName': 'Current'}",True,True,,10720-01,,,
"{'links': [{'rel': 'self', 'href': 'https://7399703.suitetalk.api.netsuite.com/services/rest/record/v1/account/849/accountContextSearch'}]}",Bill.com Money Out Clearing (AAC),10720-02,"{'id': 'Bank', 'refName': 'Bank'}",False,False,False,849,False,False,False,False,2022-04-25T19:51:00Z,"{'links': [{'rel': 'self', 'href': 'https://7399703.suitetalk.api.netsuite.com/services/rest/record/v1/account/849/localizations'}]}","{'links': [{'rel': 'self', 'href': 'https://7399703.suitetalk.api.netsuite.com/services/rest/record/v1/account/849/subsidiary'}]}",,,"{'id': 'AVERAGE', 'refName': 'Average'}","{'links': [{'rel': 'self', 'href': 'https://7399703.suitetalk.api.netsuite.com/services/rest/record/v1/currency/1'}], 'id': '1', 'refName': 'USD'}",False,"{'id': 'CURRENT', 'refName': 'Current'}",True,True,,10720-02,,,
"{'links': [{'rel': 'self', 'href': 'https://7399703.suitetalk.api.netsuite.com/services/rest/record/v1/account/850/accountContextSearch'}]}",Bill.com Money Out Clearing (ARG),10720-03,"{'id': 'Bank', 'refName': 'Bank'}",False,False,False,850,False,False,False,False,2022-06-02T15:52:00Z,"{'links': [{'rel': 'self', 'href': 'https://7399703.suitetalk.api.netsuite.com/services/rest/record/v1/account/850/localizations'}]}","{'links': [{'rel': 'self', 'href': 'https://7399703.suitetalk.api.netsuite.com/services/rest/record/v1/account/850/subsidiary'}]}",,,"{'id': 'AVERAGE', 'refName': 'Average'}","{'links': [{'rel': 'self', 'href': 'https://7399703.suitetalk.api.netsuite.com/services/rest/record/v1/currency/1'}], 'id': '1', 'refName': 'USD'}",False,"{'id': 'CURRENT', 'refName': 'Current'}",True,True,,10720-03,,,
"{'links': [{'rel': 'self', 'href': 'https://7399703.suitetalk.api.netsuite.com/services/rest/record/v1/account/851/accountContextSearch'}]}",Bill.com Money Out Clearing (ARM),10720-04,"{'id': 'Bank', 'refName': 'Bank'}",False,False,False,851,False,False,False,False,2022-06-02T15:51:00Z,"{'links': [{'rel': 'self', 'href': 'https://7399703.suitetalk.api.netsuite.com/services/rest/record/v1/account/851/localizations'}]}","{'links': [{'rel': 'self', 'href': 'https://7399703.suitetalk.api.netsuite.com/services/rest/record/v1/account/851/subsidiary'}]}",,,"{'id': 'AVERAGE', 'refName': 'Average'}","{'links': [{'rel': 'self', 'href': 'https://7399703.suitetalk.api.netsuite.com/services/rest/record/v1/currency/1'}], 'id': '1', 'refName': 'USD'}",False,"{'id': 'CURRENT', 'refName': 'Current'}",True,True,,10720-04,,,
"{'links': [{'rel': 'self', 'href': 'https://7399703.suitetalk.api.netsuite.com/services/rest/record/v1/account/852/accountContextSearch'}]}",Bill.com Money Out Clearing (FMGO),10720-05,"{'id': 'Bank', 'refName': 'Bank'}",False,False,False,852,False,False,False,False,2022-06-02T15:52:00Z,"{'links': [{'rel': 'self', 'href': 'https://7399703.suitetalk.api.netsuite.com/services/rest/record/v1/account/852/localizations'}]}","{'links': [{'rel': 'self', 'href': 'https://7399703.suitetalk.api.netsuite.com/services/rest/record/v1/account/852/subsidiary'}]}",,,"{'id': 'AVERAGE', 'refName': 'Average'}","{'links': [{'rel': 'self', 'href': 'https://7399703.suitetalk.api.netsuite.com/services/rest/record/v1/currency/1'}], 'id': '1', 'refName': 'USD'}",False,"{'id': 'CURRENT', 'refName': 'Current'}",True,True,,10720-05,,,
"{'links': [{'rel': 'self', 'href': 'https://7399703.suitetalk.api.netsuite.com/services/rest/record/v1/account/853/accountContextSearch'}]}",Bill.com Money Out Clearing (FLYR),10720-06,"{'id': 'Bank', 'refName': 'Bank'}",False,False,False,853,False,False,False,False,2022-06-02T15:53:00Z,"{'links': [{'rel': 'self', 'href': 'https://7399703.suitetalk.api.netsuite.com/services/rest/record/v1/account/853/localizations'}]}","{'links': [{'rel': 'self', 'href': 'https://7399703.suitetalk.api.netsuite.com/services/rest/record/v1/account/853/subsidiary'}]}",,,"{'id': 'AVERAGE', 'refName': 'Average'}","{'links': [{'rel': 'self', 'href': 'https://7399703.suitetalk.api.netsuite.com/services/rest/record/v1/currency/1'}], 'id': '1', 'refName': 'USD'}",False,"{'id': 'CURRENT', 'refName': 'Current'}",True,True,,10720-06,,,
"{'links': [{'rel': 'self', 'href': 'https://7399703.suitetalk.api.netsuite.com/services/rest/record/v1/account/854/accountContextSearch'}]}",Bill.com Money Out Clearing (HIC),10720-07,"{'id': 'Bank', 'refName': 'Bank'}",False,False,False,854,False,False,False,False,2022-06-02T15:54:00Z,"{'links': [{'rel': 'self', 'href': 'https://7399703.suitetalk.api.netsuite.com/services/rest/record/v1/account/854/localizations'}]}","{'links': [{'rel': 'self', 'href': 'https://7399703.suitetalk.api.netsuite.com/services/rest/record/v1/account/854/subsidiary'}]}",,,"{'id': 'AVERAGE', 'refName': 'Average'}","{'links': [{'rel': 'self', 'href': 'https://7399703.suitetalk.api.netsuite.com/services/rest/record/v1/currency/1'}], 'id': '1', 'refName': 'USD'}",False,"{'id': 'CURRENT', 'refName': 'Current'}",True,True,,10720-07,,,
"{'links': [{'rel': 'self', 'href': 'https://7399703.suitetalk.api.netsuite.com/services/rest/record/v1/account/855/accountContextSearch'}]}",Bill.com Money Out Clearing (NFL),10720-08,"{'id': 'Bank', 'refName': 'Bank'}",False,False,False,855,False,False,False,False,2022-04-25T19:51:00Z,"{'links': [{'rel': 'self', 'href': 'https://7399703.suitetalk.api.netsuite.com/services/rest/record/v1/account/855/localizations'}]}","{'links': [{'rel': 'self', 'href': 'https://7399703.suitetalk.api.netsuite.com/services/rest/record/v1/account/855/subsidiary'}]}",,,"{'id': 'AVERAGE', 'refName': 'Average'}","{'links': [{'rel': 'self', 'href': 'https://7399703.suitetalk.api.netsuite.com/services/rest/record/v1/currency/1'}], 'id': '1', 'refName': 'USD'}",False,"{'id': 'CURRENT', 'refName': 'Current'}",True,True,,10720-08,,,
"{'links': [{'rel': 'self', 'href': 'https://7399703.suitetalk.api.netsuite.com/services/rest/record/v1/account/856/accountContextSearch'}]}",Bill.com Money Out Clearing (PSO),10720-09,"{'id': 'Bank', 'refName': 'Bank'}",False,False,False,856,False,False,False,False,2022-05-23T15:47:00Z,"{'links': [{'rel': 'self', 'href': 'https://7399703.suitetalk.api.netsuite.com/services/rest/record/v1/account/856/localizations'}]}","{'links': [{'rel': 'self', 'href': 'https://7399703.suitetalk.api.netsuite.com/services/rest/record/v1/account/856/subsidiary'}]}",,,"{'id': 'AVERAGE', 'refName': 'Average'}","{'links': [{'rel': 'self', 'href': 'https://7399703.suitetalk.api.netsuite.com/services/rest/record/v1/currency/1'}], 'id': '1', 'refName': 'USD'}",False,"{'id': 'CURRENT', 'refName': 'Current'}",True,True,,10720-09,,,
"{'links': [{'rel': 'self', 'href': 'https://7399703.suitetalk.api.netsuite.com/services/rest/record/v1/account/857/accountContextSearch'}]}",Bill.com Money Out Clearing (Reece Spine),10720-10,"{'id': 'Bank', 'refName': 'Bank'}",False,False,False,857,False,False,False,False,2022-06-02T15:55:00Z,"{'links': [{'rel': 'self', 'href': 'https://7399703.suitetalk.api.netsuite.com/services/rest/record/v1/account/857/localizations'}]}","{'links': [{'rel': 'self', 'href': 'https://7399703.suitetalk.api.netsuite.com/services/rest/record/v1/account/857/subsidiary'}]}",,,"{'id': 'AVERAGE', 'refName': 'Average'}","{'links': [{'rel': 'self', 'href': 'https://7399703.suitetalk.api.netsuite.com/services/rest/record/v1/currency/1'}], 'id': '1', 'refName': 'USD'}",False,"{'id': 'CURRENT', 'refName': 'Current'}",True,True,,10720-10,,,
"{'links': [{'rel': 'self', 'href': 'https://7399703.suitetalk.api.netsuite.com/services/rest/record/v1/account/858/accountContextSearch'}]}",Bill.com Money Out Clearing (SOAR),10720-11,"{'id': 'Bank', 'refName': 'Bank'}",False,False,False,858,False,False,False,False,2022-04-25T19:51:00Z,"{'links': [{'rel': 'self', 'href': 'https://7399703.suitetalk.api.netsuite.com/services/rest/record/v1/account/858/localizations'}]}","{'links': [{'rel': 'self', 'href': 'https://7399703.suitetalk.api.netsuite.com/services/rest/record/v1/account/858/subsidiary'}]}",,,"{'id': 'AVERAGE', 'refName': 'Average'}","{'links': [{'rel': 'self', 'href': 'https://7399703.suitetalk.api.netsuite.com/services/rest/record/v1/currency/1'}], 'id': '1', 'refName': 'USD'}",False,"{'id': 'CURRENT', 'refName': 'Current'}",True,True,,10720-11,,,
"{'links': [{'rel': 'self', 'href': 'https://7399703.suitetalk.api.netsuite.com/services/rest/record/v1/account/859/accountContextSearch'}]}",Bill.com Money Out Clearing (SRM),10720-12,"{'id': 'Bank', 'refName': 'Bank'}",False,False,False,859,False,False,False,False,2022-06-02T15:55:00Z,"{'links': [{'rel': 'self', 'href': 'https://7399703.suitetalk.api.netsuite.com/services/rest/record/v1/account/859/localizations'}]}","{'links': [{'rel': 'self', 'href': 'https://7399703.suitetalk.api.netsuite.com/services/rest/record/v1/account/859/subsidiary'}]}",,,"{'id': 'AVERAGE', 'refName': 'Average'}","{'links': [{'rel': 'self', 'href': 'https://7399703.suitetalk.api.netsuite.com/services/rest/record/v1/currency/1'}], 'id': '1', 'refName': 'USD'}",False,"{'id': 'CURRENT', 'refName': 'Current'}",True,True,,10720-12,,,
"{'links': [{'rel': 'self', 'href': 'https://7399703.suitetalk.api.netsuite.com/services/rest/record/v1/account/860/accountContextSearch'}]}",Bill.com Money Out Clearing (SVS),10720-13,"{'id': 'Bank', 'refName': 'Bank'}",False,False,False,860,False,False,False,False,2022-04-25T19:51:00Z,"{'links': [{'rel': 'self', 'href': 'https://7399703.suitetalk.api.netsuite.com/services/rest/record/v1/account/860/localizations'}]}","{'links': [{'rel': 'self', 'href': 'https://7399703.suitetalk.api.netsuite.com/services/rest/record/v1/account/860/subsidiary'}]}",,,"{'id': 'AVERAGE', 'refName': 'Average'}","{'links': [{'rel': 'self', 'href': 'https://7399703.suitetalk.api.netsuite.com/services/rest/record/v1/currency/1'}], 'id': '1', 'refName': 'USD'}",False,"{'id': 'CURRENT', 'refName': 'Current'}",True,True,,10720-13,,,
"{'links': [{'rel': 'self', 'href': 'https://7399703.suitetalk.api.netsuite.com/services/rest/record/v1/account/861/accountContextSearch'}]}",Bill.com Money Out Clearing (TOS),10720-14,"{'id': 'Bank', 'refName': 'Bank'}",False,False,False,861,False,False,False,False,2022-04-25T19:51:00Z,"{'links': [{'rel': 'self', 'href': 'https://7399703.suitetalk.api.netsuite.com/services/rest/record/v1/account/861/localizations'}]}","{'links': [{'rel': 'self', 'href': 'https://7399703.suitetalk.api.netsuite.com/services/rest/record/v1/account/861/subsidiary'}]}",,,"{'id': 'AVERAGE', 'refName': 'Average'}","{'links': [{'rel': 'self', 'href': 'https://7399703.suitetalk.api.netsuite.com/services/rest/record/v1/currency/1'}], 'id': '1', 'refName': 'USD'}",False,"{'id': 'CURRENT', 'refName': 'Current'}",True,True,,10720-14,,,
"{'links': [{'rel': 'self', 'href': 'https://7399703.suitetalk.api.netsuite.com/services/rest/record/v1/account/862/accountContextSearch'}]}",Bill.com Money Out Clearing (TSSI),10720-15,"{'id': 'Bank', 'refName': 'Bank'}",False,False,False,862,False,False,False,False,2022-04-25T19:51:00Z,"{'links': [{'rel': 'self', 'href': 'https://7399703.suitetalk.api.netsuite.com/services/rest/record/v1/account/862/localizations'}]}","{'links': [{'rel': 'self', 'href': 'https://7399703.suitetalk.api.netsuite.com/services/rest/record/v1/account/862/subsidiary'}]}",,,"{'id': 'AVERAGE', 'refName': 'Average'}","{'links': [{'rel': 'self', 'href': 'https://7399703.suitetalk.api.netsuite.com/services/rest/record/v1/currency/1'}], 'id': '1', 'refName': 'USD'}",False,"{'id': 'CURRENT', 'refName': 'Current'}",True,True,,10720-15,,,
"{'links': [{'rel': 'self', 'href': 'https://7399703.suitetalk.api.netsuite.com/services/rest/record/v1/account/863/accountContextSearch'}]}",Bill.com Money Out Clearing (TX FMG),10720-16,"{'id': 'Bank', 'refName': 'Bank'}",False,False,False,863,False,False,False,False,2022-04-25T19:51:00Z,"{'links': [{'rel': 'self', 'href': 'https://7399703.suitetalk.api.netsuite.com/services/rest/record/v1/account/863/localizations'}]}","{'links': [{'rel': 'self', 'href': 'https://7399703.suitetalk.api.netsuite.com/services/rest/record/v1/account/863/subsidiary'}]}",,,"{'id': 'AVERAGE', 'refName': 'Average'}","{'links': [{'rel': 'self', 'href': 'https://7399703.suitetalk.api.netsuite.com/services/rest/record/v1/currency/1'}], 'id': '1', 'refName': 'USD'}",False,"{'id': 'CURRENT', 'refName': 'Current'}",True,True,,10720-16,,,
"{'links': [{'rel': 'self', 'href': 'https://7399703.suitetalk.api.netsuite.com/services/rest/record/v1/account/864/accountContextSearch'}]}",Bill.com Money Out Clearing (UMS),10720-17,"{'id': 'Bank', 'refName': 'Bank'}",False,False,False,864,False,False,False,False,2022-06-02T15:57:00Z,"{'links': [{'rel': 'self', 'href': 'https://7399703.suitetalk.api.netsuite.com/services/rest/record/v1/account/864/localizations'}]}","{'links': [{'rel': 'self', 'href': 'https://7399703.suitetalk.api.netsuite.com/services/rest/record/v1/account/864/subsidiary'}]}",,,"{'id': 'AVERAGE', 'refName': 'Average'}","{'links': [{'rel': 'self', 'href': 'https://7399703.suitetalk.api.netsuite.com/services/rest/record/v1/currency/1'}], 'id': '1', 'refName': 'USD'}",False,"{'id': 'CURRENT', 'refName': 'Current'}",True,True,,10720-17,,,
"{'links': [{'rel': 'self', 'href': 'https://7399703.suitetalk.api.netsuite.com/services/rest/record/v1/account/865/accountContextSearch'}]}",Bill.com Money Out Clearing (WTX),10720-18,"{'id': 'Bank', 'refName': 'Bank'}",False,False,False,865,False,False,False,False,2022-04-25T19:51:00Z,"{'links': [{'rel': 'self', 'href': 'https://7399703.suitetalk.api.netsuite.com/services/rest/record/v1/account/865/localizations'}]}","{'links': [{'rel': 'self', 'href': 'https://7399703.suitetalk.api.netsuite.com/services/rest/record/v1/account/865/subsidiary'}]}",,,"{'id': 'AVERAGE', 'refName': 'Average'}","{'links': [{'rel': 'self', 'href': 'https://7399703.suitetalk.api.netsuite.com/services/rest/record/v1/currency/1'}], 'id': '1', 'refName': 'USD'}",False,"{'id': 'CURRENT', 'refName': 'Current'}",True,True,,10720-18,,,
"{'links': [{'rel': 'self', 'href': 'https://7399703.suitetalk.api.netsuite.com/services/rest/record/v1/account/1955/accountContextSearch'}]}",Bill.com Money Out Clearing (RBSO),10720-19,"{'id': 'Bank', 'refName': 'Bank'}",False,False,False,1955,False,False,False,False,2022-12-22T17:59:00Z,"{'links': [{'rel': 'self', 'href': 'https://7399703.suitetalk.api.netsuite.com/services/rest/record/v1/account/1955/localizations'}]}","{'links': [{'rel': 'self', 'href': 'https://7399703.suitetalk.api.netsuite.com/services/rest/record/v1/account/1955/subsidiary'}]}",,,"{'id': 'AVERAGE', 'refName': 'Average'}","{'links': [{'rel': 'self', 'href': 'https://7399703.suitetalk.api.netsuite.com/services/rest/record/v1/currency/1'}], 'id': '1', 'refName': 'USD'}",False,"{'id': 'CURRENT', 'refName': 'Current'}",True,True,,,,,
"{'links': [{'rel': 'self', 'href': 'https://7399703.suitetalk.api.netsuite.com/services/rest/record/v1/account/2044/accountContextSearch'}]}",Bill.com Money Out Clearing (SDC),10720-20,"{'id': 'Bank', 'refName': 'Bank'}",False,False,False,2044,False,False,False,False,2023-08-14T16:20:00Z,"{'links': [{'rel': 'self', 'href': 'https://7399703.suitetalk.api.netsuite.com/services/rest/record/v1/account/2044/localizations'}]}","{'links': [{'rel': 'self', 'href': 'https://7399703.suitetalk.api.netsuite.com/services/rest/record/v1/account/2044/subsidiary'}]}",,,"{'id': 'AVERAGE', 'refName': 'Average'}","{'links': [{'rel': 'self', 'href': 'https://7399703.suitetalk.api.netsuite.com/services/rest/record/v1/currency/1'}], 'id': '1', 'refName': 'USD'}",False,"{'id': 'CURRENT', 'refName': 'Current'}",True,True,,,2.0,,
"{'links': [{'rel': 'self', 'href': 'https://7399703.suitetalk.api.netsuite.com/services/rest/record/v1/account/2045/accountContextSearch'}]}",Bill.com Money Out Clearing (AI),10720-21,"{'id': 'Bank', 'refName': 'Bank'}",False,False,False,2045,False,False,False,False,2023-08-15T14:20:00Z,"{'links': [{'rel': 'self', 'href': 'https://7399703.suitetalk.api.netsuite.com/services/rest/record/v1/account/2045/localizations'}]}","{'links': [{'rel': 'self', 'href': 'https://7399703.suitetalk.api.netsuite.com/services/rest/record/v1/account/2045/subsidiary'}]}",,,"{'id': 'AVERAGE', 'refName': 'Average'}","{'links': [{'rel': 'self', 'href': 'https://7399703.suitetalk.api.netsuite.com/services/rest/record/v1/currency/1'}], 'id': '1', 'refName': 'USD'}",False,"{'id': 'CURRENT', 'refName': 'Current'}",True,True,,,,,
"{'links': [{'rel': 'self', 'href': 'https://7399703.suitetalk.api.netsuite.com/services/rest/record/v1/account/2046/accountContextSearch'}]}",Bill.com Money Out Clearing (BSDC),10720-22,"{'id': 'Bank', 'refName': 'Bank'}",False,False,False,2046,False,False,False,False,2023-08-16T19:26:00Z,"{'links': [{'rel': 'self', 'href': 'https://7399703.suitetalk.api.netsuite.com/services/rest/record/v1/account/2046/localizations'}]}","{'links': [{'rel': 'self', 'href': 'https://7399703.suitetalk.api.netsuite.com/services/rest/record/v1/account/2046/subsidiary'}]}",,,"{'id': 'AVERAGE', 'refName': 'Average'}","{'links': [{'rel': 'self', 'href': 'https://7399703.suitetalk.api.netsuite.com/services/rest/record/v1/currency/1'}], 'id': '1', 'refName': 'USD'}",False,"{'id': 'CURRENT', 'refName': 'Current'}",True,True,,,,,
"{'links': [{'rel': 'self', 'href': 'https://7399703.suitetalk.api.netsuite.com/services/rest/record/v1/account/2471/accountContextSearch'}]}",Bill.com Money Out Clearing (LCPA),10720-23,"{'id': 'Bank', 'refName': 'Bank'}",False,True,False,2471,False,False,False,False,2023-11-01T18:20:00Z,"{'links': [{'rel': 'self', 'href': 'https://7399703.suitetalk.api.netsuite.com/services/rest/record/v1/account/2471/localizations'}]}","{'links': [{'rel': 'self', 'href': 'https://7399703.suitetalk.api.netsuite.com/services/rest/record/v1/account/2471/subsidiary'}]}",,,"{'id': 'AVERAGE', 'refName': 'Average'}","{'links': [{'rel': 'self', 'href': 'https://7399703.suitetalk.api.netsuite.com/services/rest/record/v1/currency/1'}], 'id': '1', 'refName': 'USD'}",False,"{'id': 'CURRENT', 'refName': 'Current'}",True,True,,,,,
"{'links': [{'rel': 'self', 'href': 'https://7399703.suitetalk.api.netsuite.com/services/rest/record/v1/account/2472/accountContextSearch'}]}",Bill.com Money Out Clearing (CMG NC),10720-24,"{'id': 'Bank', 'refName': 'Bank'}",False,True,False,2472,False,False,False,False,2023-10-31T15:46:00Z,"{'links': [{'rel': 'self', 'href': 'https://7399703.suitetalk.api.netsuite.com/services/rest/record/v1/account/2472/localizations'}]}","{'links': [{'rel': 'self', 'href': 'https://7399703.suitetalk.api.netsuite.com/services/rest/record/v1/account/2472/subsidiary'}]}",,,"{'id': 'AVERAGE', 'refName': 'Average'}","{'links': [{'rel': 'self', 'href': 'https://7399703.suitetalk.api.netsuite.com/services/rest/record/v1/currency/1'}], 'id': '1', 'refName': 'USD'}",False,"{'id': 'CURRENT', 'refName': 'Current'}",True,True,,,,,
"{'links': [{'rel': 'self', 'href': 'https://7399703.suitetalk.api.netsuite.com/services/rest/record/v1/account/2502/accountContextSearch'}]}",Bill.com Money Out Clearing (WR ARG),10720-25,"{'id': 'Bank', 'refName': 'Bank'}",False,True,False,2502,False,False,False,False,2024-02-01T19:06:00Z,"{'links': [{'rel': 'self', 'href': 'https://7399703.suitetalk.api.netsuite.com/services/rest/record/v1/account/2502/localizations'}]}","{'links': [{'rel': 'self', 'href': 'https://7399703.suitetalk.api.netsuite.com/services/rest/record/v1/account/2502/subsidiary'}]}",,,"{'id': 'AVERAGE', 'refName': 'Average'}","{'links': [{'rel': 'self', 'href': 'https://7399703.suitetalk.api.netsuite.com/services/rest/record/v1/currency/1'}], 'id': '1', 'refName': 'USD'}",False,"{'id': 'CURRENT', 'refName': 'Current'}",True,True,,,,,
"{'links': [{'rel': 'self', 'href': 'https://7399703.suitetalk.api.netsuite.com/services/rest/record/v1/account/2509/accountContextSearch'}]}",Bill.com Money Out Clearing (AI DFW),10720-26,"{'id': 'Bank', 'refName': 'Bank'}",False,False,False,2509,False,False,False,False,2024-03-20T16:57:00Z,"{'links': [{'rel': 'self', 'href': 'https://7399703.suitetalk.api.netsuite.com/services/rest/record/v1/account/2509/localizations'}]}","{'links': [{'rel': 'self', 'href': 'https://7399703.suitetalk.api.netsuite.com/services/rest/record/v1/account/2509/subsidiary'}]}",,,"{'id': 'AVERAGE', 'refName': 'Average'}","{'links': [{'rel': 'self', 'href': 'https://7399703.suitetalk.api.netsuite.com/services/rest/record/v1/currency/1'}], 'id': '1', 'refName': 'USD'}",False,"{'id': 'CURRENT', 'refName': 'Current'}",True,True,,,,,
"{'links': [{'rel': 'self', 'href': 'https://7399703.suitetalk.api.netsuite.com/services/rest/record/v1/account/1989/accountContextSearch'}]}",SDC Clearing Account,10991,"{'id': 'Bank', 'refName': 'Bank'}",False,False,False,1989,False,False,False,False,2023-05-03T19:28:00Z,"{'links': [{'rel': 'self', 'href': 'https://7399703.suitetalk.api.netsuite.com/services/rest/record/v1/account/1989/localizations'}]}","{'links': [{'rel': 'self', 'href': 'https://7399703.suitetalk.api.netsuite.com/services/rest/record/v1/account/1989/subsidiary'}]}",,,"{'id': 'AVERAGE', 'refName': 'Average'}","{'links': [{'rel': 'self', 'href': 'https://7399703.suitetalk.api.netsuite.com/services/rest/record/v1/currency/1'}], 'id': '1', 'refName': 'USD'}",False,"{'id': 'CURRENT', 'refName': 'Current'}",True,True,,,,,
"{'links': [{'rel': 'self', 'href': 'https://7399703.suitetalk.api.netsuite.com/services/rest/record/v1/account/1/accountContextSearch'}]}",Checking,11000,"{'id': 'Bank', 'refName': 'Bank'}",False,False,False,1,False,False,False,False,2022-04-25T19:51:00Z,"{'links': [{'rel': 'self', 'href': 'https://7399703.suitetalk.api.netsuite.com/services/rest/record/v1/account/1/localizations'}]}","{'links': [{'rel': 'self', 'href': 'https://7399703.suitetalk.api.netsuite.com/services/rest/record/v1/account/1/subsidiary'}]}",,,"{'id': 'AVERAGE', 'refName': 'Average'}","{'links': [{'rel': 'self', 'href': 'https://7399703.suitetalk.api.netsuite.com/services/rest/record/v1/currency/1'}], 'id': '1', 'refName': 'USD'}",False,"{'id': 'CURRENT', 'refName': 'Current'}",True,False,,11000,,,
"{'links': [{'rel': 'self', 'href': 'https://7399703.suitetalk.api.netsuite.com/services/rest/record/v1/account/866/accountContextSearch'}]}",FMB Business Checking (AAC),11101-01,"{'id': 'Bank', 'refName': 'Bank'}",False,False,False,866,False,False,False,False,2022-04-25T19:51:00Z,"{'links': [{'rel': 'self', 'href': 'https://7399703.suitetalk.api.netsuite.com/services/rest/record/v1/account/866/localizations'}]}","{'links': [{'rel': 'self', 'href': 'https://7399703.suitetalk.api.netsuite.com/services/rest/record/v1/account/866/subsidiary'}]}",,,"{'id': 'AVERAGE', 'refName': 'Average'}","{'links': [{'rel': 'self', 'href': 'https://7399703.suitetalk.api.netsuite.com/services/rest/record/v1/currency/1'}], 'id': '1', 'refName': 'USD'}",False,"{'id': 'CURRENT', 'refName': 'Current'}",True,True,,11101-01,,"{'links': [{'rel': 'self', 'href': 'https://7399703.suitetalk.api.netsuite.com/services/rest/record/v1/account/1'}], 'id': '1', 'refName': '11000 Checking'}",
"{'links': [{'rel': 'self', 'href': 'https://7399703.suitetalk.api.netsuite.com/services/rest/record/v1/account/867/accountContextSearch'}]}",FMB Business Checking (ADV),11101-02,"{'id': 'Bank', 'refName': 'Bank'}",False,False,False,867,False,False,False,False,2022-04-25T19:51:00Z,"{'links': [{'rel': 'self', 'href': 'https://7399703.suitetalk.api.netsuite.com/services/rest/record/v1/account/867/localizations'}]}","{'links': [{'rel': 'self', 'href': 'https://7399703.suitetalk.api.netsuite.com/services/rest/record/v1/account/867/subsidiary'}]}",,,"{'id': 'AVERAGE', 'refName': 'Average'}","{'links': [{'rel': 'self', 'href': 'https://7399703.suitetalk.api.netsuite.com/services/rest/record/v1/currency/1'}], 'id': '1', 'refName': 'USD'}",False,"{'id': 'CURRENT', 'refName': 'Current'}",True,True,,11101-02,,"{'links': [{'rel': 'self', 'href': 'https://7399703.suitetalk.api.netsuite.com/services/rest/record/v1/account/1'}], 'id': '1', 'refName': '11000 Checking'}",
"{'links': [{'rel': 'self', 'href': 'https://7399703.suitetalk.api.netsuite.com/services/rest/record/v1/account/868/accountContextSearch'}]}",FMB Business Checking (ARG),11101-03,"{'id': 'Bank', 'refName': 'Bank'}",False,False,False,868,False,False,False,False,2022-05-13T13:04:00Z,"{'links': [{'rel': 'self', 'href': 'https://7399703.suitetalk.api.netsuite.com/services/rest/record/v1/account/868/localizations'}]}","{'links': [{'rel': 'self', 'href': 'https://7399703.suitetalk.api.netsuite.com/services/rest/record/v1/account/868/subsidiary'}]}",,,"{'id': 'AVERAGE', 'refName': 'Average'}","{'links': [{'rel': 'self', 'href': 'https://7399703.suitetalk.api.netsuite.com/services/rest/record/v1/currency/1'}], 'id': '1', 'refName': 'USD'}",False,"{'id': 'CURRENT', 'refName': 'Current'}",True,True,,11101-03,,"{'links': [{'rel': 'self', 'href': 'https://7399703.suitetalk.api.netsuite.com/services/rest/record/v1/account/1'}], 'id': '1', 'refName': '11000 Checking'}",
"{'links': [{'rel': 'self', 'href': 'https://7399703.suitetalk.api.netsuite.com/services/rest/record/v1/account/869/accountContextSearch'}]}",FMB Business Checking (ARM),11101-04,"{'id': 'Bank', 'refName': 'Bank'}",False,False,False,869,False,False,False,False,2022-05-13T13:06:00Z,"{'links': [{'rel': 'self', 'href': 'https://7399703.suitetalk.api.netsuite.com/services/rest/record/v1/account/869/localizations'}]}","{'links': [{'rel': 'self', 'href': 'https://7399703.suitetalk.api.netsuite.com/services/rest/record/v1/account/869/subsidiary'}]}",,,"{'id': 'AVERAGE', 'refName': 'Average'}","{'links': [{'rel': 'self', 'href': 'https://7399703.suitetalk.api.netsuite.com/services/rest/record/v1/currency/1'}], 'id': '1', 'refName': 'USD'}",False,"{'id': 'CURRENT', 'refName': 'Current'}",True,True,,11101-04,,"{'links': [{'rel': 'self', 'href': 'https://7399703.suitetalk.api.netsuite.com/services/rest/record/v1/account/1'}], 'id': '1', 'refName': '11000 Checking'}",
"{'links': [{'rel': 'self', 'href': 'https://7399703.suitetalk.api.netsuite.com/services/rest/record/v1/account/870/accountContextSearch'}]}",FMB Business Checking (FLYR),11101-05,"{'id': 'Bank', 'refName': 'Bank'}",False,False,False,870,False,False,False,False,2022-05-13T13:05:00Z,"{'links': [{'rel': 'self', 'href': 'https://7399703.suitetalk.api.netsuite.com/services/rest/record/v1/account/870/localizations'}]}","{'links': [{'rel': 'self', 'href': 'https://7399703.suitetalk.api.netsuite.com/services/rest/record/v1/account/870/subsidiary'}]}",,,"{'id': 'AVERAGE', 'refName': 'Average'}","{'links': [{'rel': 'self', 'href': 'https://7399703.suitetalk.api.netsuite.com/services/rest/record/v1/currency/1'}], 'id': '1', 'refName': 'USD'}",False,"{'id': 'CURRENT', 'refName': 'Current'}",True,True,,11101-05,,"{'links': [{'rel': 'self', 'href': 'https://7399703.suitetalk.api.netsuite.com/services/rest/record/v1/account/1'}], 'id': '1', 'refName': '11000 Checking'}",
"{'links': [{'rel': 'self', 'href': 'https://7399703.suitetalk.api.netsuite.com/services/rest/record/v1/account/871/accountContextSearch'}]}",FMB Business Checking (FMGO),11101-06,"{'id': 'Bank', 'refName': 'Bank'}",False,False,False,871,False,False,False,False,2022-05-10T16:06:00Z,"{'links': [{'rel': 'self', 'href': 'https://7399703.suitetalk.api.netsuite.com/services/rest/record/v1/account/871/localizations'}]}","{'links': [{'rel': 'self', 'href': 'https://7399703.suitetalk.api.netsuite.com/services/rest/record/v1/account/871/subsidiary'}]}",,,"{'id': 'AVERAGE', 'refName': 'Average'}","{'links': [{'rel': 'self', 'href': 'https://7399703.suitetalk.api.netsuite.com/services/rest/record/v1/currency/1'}], 'id': '1', 'refName': 'USD'}",False,"{'id': 'CURRENT', 'refName': 'Current'}",True,True,,11101-06,,"{'links': [{'rel': 'self', 'href': 'https://7399703.suitetalk.api.netsuite.com/services/rest/record/v1/account/1'}], 'id': '1', 'refName': '11000 Checking'}",
"{'links': [{'rel': 'self', 'href': 'https://7399703.suitetalk.api.netsuite.com/services/rest/record/v1/account/872/accountContextSearch'}]}",FMB Business Checking (NPIC),11101-07,"{'id': 'Bank', 'refName': 'Bank'}",False,False,False,872,False,False,False,False,2024-02-15T19:26:00Z,"{'links': [{'rel': 'self', 'href': 'https://7399703.suitetalk.api.netsuite.com/services/rest/record/v1/account/872/localizations'}]}","{'links': [{'rel': 'self', 'href': 'https://7399703.suitetalk.api.netsuite.com/services/rest/record/v1/account/872/subsidiary'}]}",,,"{'id': 'AVERAGE', 'refName': 'Average'}","{'links': [{'rel': 'self', 'href': 'https://7399703.suitetalk.api.netsuite.com/services/rest/record/v1/currency/1'}], 'id': '1', 'refName': 'USD'}",False,"{'id': 'CURRENT', 'refName': 'Current'}",True,True,,11101-07,,"{'links': [{'rel': 'self', 'href': 'https://7399703.suitetalk.api.netsuite.com/services/rest/record/v1/account/1'}], 'id': '1', 'refName': '11000 Checking'}",
"{'links': [{'rel': 'self', 'href': 'https://7399703.suitetalk.api.netsuite.com/services/rest/record/v1/account/873/accountContextSearch'}]}",FMB Business Checking (NFL),11101-08,"{'id': 'Bank', 'refName': 'Bank'}",False,False,False,873,False,False,False,False,2022-04-25T19:51:00Z,"{'links': [{'rel': 'self', 'href': 'https://7399703.suitetalk.api.netsuite.com/services/rest/record/v1/account/873/localizations'}]}","{'links': [{'rel': 'self', 'href': 'https://7399703.suitetalk.api.netsuite.com/services/rest/record/v1/account/873/subsidiary'}]}",,,"{'id': 'AVERAGE', 'refName': 'Average'}","{'links': [{'rel': 'self', 'href': 'https://7399703.suitetalk.api.netsuite.com/services/rest/record/v1/currency/1'}], 'id': '1', 'refName': 'USD'}",False,"{'id': 'CURRENT', 'refName': 'Current'}",True,True,,11101-08,,"{'links': [{'rel': 'self', 'href': 'https://7399703.suitetalk.api.netsuite.com/services/rest/record/v1/account/1'}], 'id': '1', 'refName': '11000 Checking'}",
"{'links': [{'rel': 'self', 'href': 'https://7399703.suitetalk.api.netsuite.com/services/rest/record/v1/account/874/accountContextSearch'}]}",FMB Business Checking (PSO),11101-09,"{'id': 'Bank', 'refName': 'Bank'}",False,False,False,874,False,False,False,False,2022-05-13T13:07:00Z,"{'links': [{'rel': 'self', 'href': 'https://7399703.suitetalk.api.netsuite.com/services/rest/record/v1/account/874/localizations'}]}","{'links': [{'rel': 'self', 'href': 'https://7399703.suitetalk.api.netsuite.com/services/rest/record/v1/account/874/subsidiary'}]}",,,"{'id': 'AVERAGE', 'refName': 'Average'}","{'links': [{'rel': 'self', 'href': 'https://7399703.suitetalk.api.netsuite.com/services/rest/record/v1/currency/1'}], 'id': '1', 'refName': 'USD'}",False,"{'id': 'CURRENT', 'refName': 'Current'}",True,True,,11101-09,,"{'links': [{'rel': 'self', 'href': 'https://7399703.suitetalk.api.netsuite.com/services/rest/record/v1/account/1'}], 'id': '1', 'refName': '11000 Checking'}",
"{'links': [{'rel': 'self', 'href': 'https://7399703.suitetalk.api.netsuite.com/services/rest/record/v1/account/875/accountContextSearch'}]}",FMB Business Checking (Reece Spine),11101-10,"{'id': 'Bank', 'refName': 'Bank'}",False,False,False,875,False,False,False,False,2022-04-25T19:51:00Z,"{'links': [{'rel': 'self', 'href': 'https://7399703.suitetalk.api.netsuite.com/services/rest/record/v1/account/875/localizations'}]}","{'links': [{'rel': 'self', 'href': 'https://7399703.suitetalk.api.netsuite.com/services/rest/record/v1/account/875/subsidiary'}]}",,,"{'id': 'AVERAGE', 'refName': 'Average'}","{'links': [{'rel': 'self', 'href': 'https://7399703.suitetalk.api.netsuite.com/services/rest/record/v1/currency/1'}], 'id': '1', 'refName': 'USD'}",False,"{'id': 'CURRENT', 'refName': 'Current'}",True,True,,11101-10,,"{'links': [{'rel': 'self', 'href': 'https://7399703.suitetalk.api.netsuite.com/services/rest/record/v1/account/1'}], 'id': '1', 'refName': '11000 Checking'}",
"{'links': [{'rel': 'self', 'href': 'https://7399703.suitetalk.api.netsuite.com/services/rest/record/v1/account/876/accountContextSearch'}]}",FMB Business Checking (SOAR),11101-11,"{'id': 'Bank', 'refName': 'Bank'}",False,False,False,876,False,False,False,False,2022-04-25T19:51:00Z,"{'links': [{'rel': 'self', 'href': 'https://7399703.suitetalk.api.netsuite.com/services/rest/record/v1/account/876/localizations'}]}","{'links': [{'rel': 'self', 'href': 'https://7399703.suitetalk.api.netsuite.com/services/rest/record/v1/account/876/subsidiary'}]}",,,"{'id': 'AVERAGE', 'refName': 'Average'}","{'links': [{'rel': 'self', 'href': 'https://7399703.suitetalk.api.netsuite.com/services/rest/record/v1/currency/1'}], 'id': '1', 'refName': 'USD'}",False,"{'id': 'CURRENT', 'refName': 'Current'}",True,True,,11101-11,,"{'links': [{'rel': 'self', 'href': 'https://7399703.suitetalk.api.netsuite.com/services/rest/record/v1/account/1'}], 'id': '1', 'refName': '11000 Checking'}",
"{'links': [{'rel': 'self', 'href': 'https://7399703.suitetalk.api.netsuite.com/services/rest/record/v1/account/877/accountContextSearch'}]}",FMB Business Checking (SRM),11101-12,"{'id': 'Bank', 'refName': 'Bank'}",False,False,False,877,False,False,False,False,2022-05-13T13:08:00Z,"{'links': [{'rel': 'self', 'href': 'https://7399703.suitetalk.api.netsuite.com/services/rest/record/v1/account/877/localizations'}]}","{'links': [{'rel': 'self', 'href': 'https://7399703.suitetalk.api.netsuite.com/services/rest/record/v1/account/877/subsidiary'}]}",,,"{'id': 'AVERAGE', 'refName': 'Average'}","{'links': [{'rel': 'self', 'href': 'https://7399703.suitetalk.api.netsuite.com/services/rest/record/v1/currency/1'}], 'id': '1', 'refName': 'USD'}",False,"{'id': 'CURRENT', 'refName': 'Current'}",True,True,,11101-12,,"{'links': [{'rel': 'self', 'href': 'https://7399703.suitetalk.api.netsuite.com/services/rest/record/v1/account/1'}], 'id': '1', 'refName': '11000 Checking'}",
"{'links': [{'rel': 'self', 'href': 'https://7399703.suitetalk.api.netsuite.com/services/rest/record/v1/account/878/accountContextSearch'}]}",FMB Business Checking (SVS),11101-13,"{'id': 'Bank', 'refName': 'Bank'}",False,False,False,878,False,False,False,False,2023-05-04T04:50:00Z,"{'links': [{'rel': 'self', 'href': 'https://7399703.suitetalk.api.netsuite.com/services/rest/record/v1/account/878/localizations'}]}","{'links': [{'rel': 'self', 'href': 'https://7399703.suitetalk.api.netsuite.com/services/rest/record/v1/account/878/subsidiary'}]}",,,"{'id': 'AVERAGE', 'refName': 'Average'}","{'links': [{'rel': 'self', 'href': 'https://7399703.suitetalk.api.netsuite.com/services/rest/record/v1/currency/1'}], 'id': '1', 'refName': 'USD'}",False,"{'id': 'CURRENT', 'refName': 'Current'}",True,True,,11101-13,2.0,"{'links': [{'rel': 'self', 'href': 'https://7399703.suitetalk.api.netsuite.com/services/rest/record/v1/account/1'}], 'id': '1', 'refName': '11000 Checking'}",
"{'links': [{'rel': 'self', 'href': 'https://7399703.suitetalk.api.netsuite.com/services/rest/record/v1/account/879/accountContextSearch'}]}",FMB Business Checking (TOS),11101-14,"{'id': 'Bank', 'refName': 'Bank'}",False,False,False,879,False,False,False,False,2022-04-25T19:51:00Z,"{'links': [{'rel': 'self', 'href': 'https://7399703.suitetalk.api.netsuite.com/services/rest/record/v1/account/879/localizations'}]}","{'links': [{'rel': 'self', 'href': 'https://7399703.suitetalk.api.netsuite.com/services/rest/record/v1/account/879/subsidiary'}]}",,,"{'id': 'AVERAGE', 'refName': 'Average'}","{'links': [{'rel': 'self', 'href': 'https://7399703.suitetalk.api.netsuite.com/services/rest/record/v1/currency/1'}], 'id': '1', 'refName': 'USD'}",False,"{'id': 'CURRENT', 'refName': 'Current'}",True,True,,11101-14,,"{'links': [{'rel': 'self', 'href': 'https://7399703.suitetalk.api.netsuite.com/services/rest/record/v1/account/1'}], 'id': '1', 'refName': '11000 Checking'}",
"{'links': [{'rel': 'self', 'href': 'https://7399703.suitetalk.api.netsuite.com/services/rest/record/v1/account/880/accountContextSearch'}]}",FMB Business Checking (TSSI),11101-15,"{'id': 'Bank', 'refName': 'Bank'}",False,False,False,880,False,False,False,False,2022-04-25T19:51:00Z,"{'links': [{'rel': 'self', 'href': 'https://7399703.suitetalk.api.netsuite.com/services/rest/record/v1/account/880/localizations'}]}","{'links': [{'rel': 'self', 'href': 'https://7399703.suitetalk.api.netsuite.com/services/rest/record/v1/account/880/subsidiary'}]}",,,"{'id': 'AVERAGE', 'refName': 'Average'}","{'links': [{'rel': 'self', 'href': 'https://7399703.suitetalk.api.netsuite.com/services/rest/record/v1/currency/1'}], 'id': '1', 'refName': 'USD'}",False,"{'id': 'CURRENT', 'refName': 'Current'}",True,True,,11101-15,,"{'links': [{'rel': 'self', 'href': 'https://7399703.suitetalk.api.netsuite.com/services/rest/record/v1/account/1'}], 'id': '1', 'refName': '11000 Checking'}",
"{'links': [{'rel': 'self', 'href': 'https://7399703.suitetalk.api.netsuite.com/services/rest/record/v1/account/881/accountContextSearch'}]}",FMB Business Checking (TX FMG),11101-16,"{'id': 'Bank', 'refName': 'Bank'}",False,False,False,881,False,False,False,False,2022-04-25T19:51:00Z,"{'links': [{'rel': 'self', 'href': 'https://7399703.suitetalk.api.netsuite.com/services/rest/record/v1/account/881/localizations'}]}","{'links': [{'rel': 'self', 'href': 'https://7399703.suitetalk.api.netsuite.com/services/rest/record/v1/account/881/subsidiary'}]}",,,"{'id': 'AVERAGE', 'refName': 'Average'}","{'links': [{'rel': 'self', 'href': 'https://7399703.suitetalk.api.netsuite.com/services/rest/record/v1/currency/1'}], 'id': '1', 'refName': 'USD'}",False,"{'id': 'CURRENT', 'refName': 'Current'}",True,True,,11101-16,,"{'links': [{'rel': 'self', 'href': 'https://7399703.suitetalk.api.netsuite.com/services/rest/record/v1/account/1'}], 'id': '1', 'refName': '11000 Checking'}",
"{'links': [{'rel': 'self', 'href': 'https://7399703.suitetalk.api.netsuite.com/services/rest/record/v1/account/882/accountContextSearch'}]}",FMB Business Checking (UMS),11101-17,"{'id': 'Bank', 'refName': 'Bank'}",False,False,False,882,False,False,False,False,2024-03-27T18:14:00Z,"{'links': [{'rel': 'self', 'href': 'https://7399703.suitetalk.api.netsuite.com/services/rest/record/v1/account/882/localizations'}]}","{'links': [{'rel': 'self', 'href': 'https://7399703.suitetalk.api.netsuite.com/services/rest/record/v1/account/882/subsidiary'}]}",,,"{'id': 'AVERAGE', 'refName': 'Average'}","{'links': [{'rel': 'self', 'href': 'https://7399703.suitetalk.api.netsuite.com/services/rest/record/v1/currency/1'}], 'id': '1', 'refName': 'USD'}",False,"{'id': 'CURRENT', 'refName': 'Current'}",True,True,,11101-17,2.0,"{'links': [{'rel': 'self', 'href': 'https://7399703.suitetalk.api.netsuite.com/services/rest/record/v1/account/1'}], 'id': '1', 'refName': '11000 Checking'}",
"{'links': [{'rel': 'self', 'href': 'https://7399703.suitetalk.api.netsuite.com/services/rest/record/v1/account/883/accountContextSearch'}]}",FMB Business Checking (WTX),11101-18,"{'id': 'Bank', 'refName': 'Bank'}",False,False,False,883,False,False,False,False,2023-05-03T15:56:00Z,"{'links': [{'rel': 'self', 'href': 'https://7399703.suitetalk.api.netsuite.com/services/rest/record/v1/account/883/localizations'}]}","{'links': [{'rel': 'self', 'href': 'https://7399703.suitetalk.api.netsuite.com/services/rest/record/v1/account/883/subsidiary'}]}",,,"{'id': 'AVERAGE', 'refName': 'Average'}","{'links': [{'rel': 'self', 'href': 'https://7399703.suitetalk.api.netsuite.com/services/rest/record/v1/currency/1'}], 'id': '1', 'refName': 'USD'}",False,"{'id': 'CURRENT', 'refName': 'Current'}",True,True,,11101-18,,"{'links': [{'rel': 'self', 'href': 'https://7399703.suitetalk.api.netsuite.com/services/rest/record/v1/account/1'}], 'id': '1', 'refName': '11000 Checking'}",
"{'links': [{'rel': 'self', 'href': 'https://7399703.suitetalk.api.netsuite.com/services/rest/record/v1/account/1940/accountContextSearch'}]}",FMB Business Checking (RBS),11101-19,"{'id': 'Bank', 'refName': 'Bank'}",False,False,False,1940,False,False,False,False,2022-10-07T19:27:00Z,"{'links': [{'rel': 'self', 'href': 'https://7399703.suitetalk.api.netsuite.com/services/rest/record/v1/account/1940/localizations'}]}","{'links': [{'rel': 'self', 'href': 'https://7399703.suitetalk.api.netsuite.com/services/rest/record/v1/account/1940/subsidiary'}]}",,,"{'id': 'AVERAGE', 'refName': 'Average'}","{'links': [{'rel': 'self', 'href': 'https://7399703.suitetalk.api.netsuite.com/services/rest/record/v1/currency/1'}], 'id': '1', 'refName': 'USD'}",False,"{'id': 'CURRENT', 'refName': 'Current'}",True,True,,,,"{'links': [{'rel': 'self', 'href': 'https://7399703.suitetalk.api.netsuite.com/services/rest/record/v1/account/1'}], 'id': '1', 'refName': '11000 Checking'}",
"{'links': [{'rel': 'self', 'href': 'https://7399703.suitetalk.api.netsuite.com/services/rest/record/v1/account/1947/accountContextSearch'}]}",FMB Business Checking (AI),11101-20,"{'id': 'Bank', 'refName': 'Bank'}",False,False,False,1947,False,False,False,False,2025-03-21T14:06:00Z,"{'links': [{'rel': 'self', 'href': 'https://7399703.suitetalk.api.netsuite.com/services/rest/record/v1/account/1947/localizations'}]}","{'links': [{'rel': 'self', 'href': 'https://7399703.suitetalk.api.netsuite.com/services/rest/record/v1/account/1947/subsidiary'}]}",,,"{'id': 'AVERAGE', 'refName': 'Average'}","{'links': [{'rel': 'self', 'href': 'https://7399703.suitetalk.api.netsuite.com/services/rest/record/v1/currency/1'}], 'id': '1', 'refName': 'USD'}",False,"{'id': 'CURRENT', 'refName': 'Current'}",True,True,,,2.0,"{'links': [{'rel': 'self', 'href': 'https://7399703.suitetalk.api.netsuite.com/services/rest/record/v1/account/1'}], 'id': '1', 'refName': '11000 Checking'}",
"{'links': [{'rel': 'self', 'href': 'https://7399703.suitetalk.api.netsuite.com/services/rest/record/v1/account/1960/accountContextSearch'}]}",FMB Business Checking (Remedy),11101-21,"{'id': 'Bank', 'refName': 'Bank'}",False,False,False,1960,False,False,False,False,2024-02-14T21:03:00Z,"{'links': [{'rel': 'self', 'href': 'https://7399703.suitetalk.api.netsuite.com/services/rest/record/v1/account/1960/localizations'}]}","{'links': [{'rel': 'self', 'href': 'https://7399703.suitetalk.api.netsuite.com/services/rest/record/v1/account/1960/subsidiary'}]}",,,"{'id': 'AVERAGE', 'refName': 'Average'}","{'links': [{'rel': 'self', 'href': 'https://7399703.suitetalk.api.netsuite.com/services/rest/record/v1/currency/1'}], 'id': '1', 'refName': 'USD'}",False,"{'id': 'CURRENT', 'refName': 'Current'}",True,True,,,,"{'links': [{'rel': 'self', 'href': 'https://7399703.suitetalk.api.netsuite.com/services/rest/record/v1/account/1'}], 'id': '1', 'refName': '11000 Checking'}",
"{'links': [{'rel': 'self', 'href': 'https://7399703.suitetalk.api.netsuite.com/services/rest/record/v1/account/1961/accountContextSearch'}]}",FMB Business Checking (Mid-TX),11101-22,"{'id': 'Bank', 'refName': 'Bank'}",False,False,False,1961,False,False,False,False,2023-01-27T17:42:00Z,"{'links': [{'rel': 'self', 'href': 'https://7399703.suitetalk.api.netsuite.com/services/rest/record/v1/account/1961/localizations'}]}","{'links': [{'rel': 'self', 'href': 'https://7399703.suitetalk.api.netsuite.com/services/rest/record/v1/account/1961/subsidiary'}]}",,,"{'id': 'AVERAGE', 'refName': 'Average'}","{'links': [{'rel': 'self', 'href': 'https://7399703.suitetalk.api.netsuite.com/services/rest/record/v1/currency/1'}], 'id': '1', 'refName': 'USD'}",False,"{'id': 'CURRENT', 'refName': 'Current'}",True,True,,,,"{'links': [{'rel': 'self', 'href': 'https://7399703.suitetalk.api.netsuite.com/services/rest/record/v1/account/1'}], 'id': '1', 'refName': '11000 Checking'}",
"{'links': [{'rel': 'self', 'href': 'https://7399703.suitetalk.api.netsuite.com/services/rest/record/v1/account/1974/accountContextSearch'}]}",FMB Business Checking (RWB I),11101-23,"{'id': 'Bank', 'refName': 'Bank'}",False,False,False,1974,False,False,False,False,2023-03-23T17:36:00Z,"{'links': [{'rel': 'self', 'href': 'https://7399703.suitetalk.api.netsuite.com/services/rest/record/v1/account/1974/localizations'}]}","{'links': [{'rel': 'self', 'href': 'https://7399703.suitetalk.api.netsuite.com/services/rest/record/v1/account/1974/subsidiary'}]}",,,"{'id': 'AVERAGE', 'refName': 'Average'}","{'links': [{'rel': 'self', 'href': 'https://7399703.suitetalk.api.netsuite.com/services/rest/record/v1/currency/1'}], 'id': '1', 'refName': 'USD'}",False,"{'id': 'CURRENT', 'refName': 'Current'}",True,True,,,,"{'links': [{'rel': 'self', 'href': 'https://7399703.suitetalk.api.netsuite.com/services/rest/record/v1/account/1'}], 'id': '1', 'refName': '11000 Checking'}",
"{'links': [{'rel': 'self', 'href': 'https://7399703.suitetalk.api.netsuite.com/services/rest/record/v1/account/1981/accountContextSearch'}]}",FMB Business Checking (UJH),11101-24,"{'id': 'Bank', 'refName': 'Bank'}",False,False,False,1981,False,False,False,False,2023-04-20T15:24:00Z,"{'links': [{'rel': 'self', 'href': 'https://7399703.suitetalk.api.netsuite.com/services/rest/record/v1/account/1981/localizations'}]}","{'links': [{'rel': 'self', 'href': 'https://7399703.suitetalk.api.netsuite.com/services/rest/record/v1/account/1981/subsidiary'}]}",,,"{'id': 'AVERAGE', 'refName': 'Average'}","{'links': [{'rel': 'self', 'href': 'https://7399703.suitetalk.api.netsuite.com/services/rest/record/v1/currency/1'}], 'id': '1', 'refName': 'USD'}",False,"{'id': 'CURRENT', 'refName': 'Current'}",True,True,,,,"{'links': [{'rel': 'self', 'href': 'https://7399703.suitetalk.api.netsuite.com/services/rest/record/v1/account/1'}], 'id': '1', 'refName': '11000 Checking'}",
"{'links': [{'rel': 'self', 'href': 'https://7399703.suitetalk.api.netsuite.com/services/rest/record/v1/account/2028/accountContextSearch'}]}",FMB Business Checking (SDC LP 9495),11101-25,"{'id': 'Bank', 'refName': 'Bank'}",False,False,False,2028,False,False,False,False,2023-05-12T14:59:00Z,"{'links': [{'rel': 'self', 'href': 'https://7399703.suitetalk.api.netsuite.com/services/rest/record/v1/account/2028/localizations'}]}","{'links': [{'rel': 'self', 'href': 'https://7399703.suitetalk.api.netsuite.com/services/rest/record/v1/account/2028/subsidiary'}]}",,,"{'id': 'AVERAGE', 'refName': 'Average'}","{'links': [{'rel': 'self', 'href': 'https://7399703.suitetalk.api.netsuite.com/services/rest/record/v1/currency/1'}], 'id': '1', 'refName': 'USD'}",False,"{'id': 'CURRENT', 'refName': 'Current'}",True,True,Operating Account,,,"{'links': [{'rel': 'self', 'href': 'https://7399703.suitetalk.api.netsuite.com/services/rest/record/v1/account/1'}], 'id': '1', 'refName': '11000 Checking'}",
"{'links': [{'rel': 'self', 'href': 'https://7399703.suitetalk.api.netsuite.com/services/rest/record/v1/account/2029/accountContextSearch'}]}",FMB Business Checking (SDC LP 9486)*,11101-26,"{'id': 'Bank', 'refName': 'Bank'}",False,True,False,2029,False,False,False,False,2024-09-23T19:02:00Z,"{'links': [{'rel': 'self', 'href': 'https://7399703.suitetalk.api.netsuite.com/services/rest/record/v1/account/2029/localizations'}]}","{'links': [{'rel': 'self', 'href': 'https://7399703.suitetalk.api.netsuite.com/services/rest/record/v1/account/2029/subsidiary'}]}",,,"{'id': 'AVERAGE', 'refName': 'Average'}","{'links': [{'rel': 'self', 'href': 'https://7399703.suitetalk.api.netsuite.com/services/rest/record/v1/currency/1'}], 'id': '1', 'refName': 'USD'}",False,"{'id': 'CURRENT', 'refName': 'Current'}",True,True,Deposit Account,,,"{'links': [{'rel': 'self', 'href': 'https://7399703.suitetalk.api.netsuite.com/services/rest/record/v1/account/1'}], 'id': '1', 'refName': '11000 Checking'}",
"{'links': [{'rel': 'self', 'href': 'https://7399703.suitetalk.api.netsuite.com/services/rest/record/v1/account/2034/accountContextSearch'}]}",FMB Business Checking (Omada),11101-27,"{'id': 'Bank', 'refName': 'Bank'}",False,False,False,2034,False,False,False,False,2023-07-18T16:20:00Z,"{'links': [{'rel': 'self', 'href': 'https://7399703.suitetalk.api.netsuite.com/services/rest/record/v1/account/2034/localizations'}]}","{'links': [{'rel': 'self', 'href': 'https://7399703.suitetalk.api.netsuite.com/services/rest/record/v1/account/2034/subsidiary'}]}",,,"{'id': 'AVERAGE', 'refName': 'Average'}","{'links': [{'rel': 'self', 'href': 'https://7399703.suitetalk.api.netsuite.com/services/rest/record/v1/currency/1'}], 'id': '1', 'refName': 'USD'}",False,"{'id': 'CURRENT', 'refName': 'Current'}",True,True,,,,"{'links': [{'rel': 'self', 'href': 'https://7399703.suitetalk.api.netsuite.com/services/rest/record/v1/account/1'}], 'id': '1', 'refName': '11000 Checking'}",
"{'links': [{'rel': 'self', 'href': 'https://7399703.suitetalk.api.netsuite.com/services/rest/record/v1/account/2038/accountContextSearch'}]}",FMB Business Checking (LCPA),11101-28,"{'id': 'Bank', 'refName': 'Bank'}",False,False,False,2038,False,False,False,False,2023-07-26T14:17:00Z,"{'links': [{'rel': 'self', 'href': 'https://7399703.suitetalk.api.netsuite.com/services/rest/record/v1/account/2038/localizations'}]}","{'links': [{'rel': 'self', 'href': 'https://7399703.suitetalk.api.netsuite.com/services/rest/record/v1/account/2038/subsidiary'}]}",,,"{'id': 'AVERAGE', 'refName': 'Average'}","{'links': [{'rel': 'self', 'href': 'https://7399703.suitetalk.api.netsuite.com/services/rest/record/v1/currency/1'}], 'id': '1', 'refName': 'USD'}",False,"{'id': 'CURRENT', 'refName': 'Current'}",True,True,,,,"{'links': [{'rel': 'self', 'href': 'https://7399703.suitetalk.api.netsuite.com/services/rest/record/v1/account/1'}], 'id': '1', 'refName': '11000 Checking'}",
"{'links': [{'rel': 'self', 'href': 'https://7399703.suitetalk.api.netsuite.com/services/rest/record/v1/account/2261/accountContextSearch'}]}",FMB Business Checking (CMG NC),11101-29,"{'id': 'Bank', 'refName': 'Bank'}",False,False,False,2261,False,False,False,False,2023-09-25T17:22:00Z,"{'links': [{'rel': 'self', 'href': 'https://7399703.suitetalk.api.netsuite.com/services/rest/record/v1/account/2261/localizations'}]}","{'links': [{'rel': 'self', 'href': 'https://7399703.suitetalk.api.netsuite.com/services/rest/record/v1/account/2261/subsidiary'}]}",,,"{'id': 'AVERAGE', 'refName': 'Average'}","{'links': [{'rel': 'self', 'href': 'https://7399703.suitetalk.api.netsuite.com/services/rest/record/v1/currency/1'}], 'id': '1', 'refName': 'USD'}",False,"{'id': 'CURRENT', 'refName': 'Current'}",True,True,,,,"{'links': [{'rel': 'self', 'href': 'https://7399703.suitetalk.api.netsuite.com/services/rest/record/v1/account/1'}], 'id': '1', 'refName': '11000 Checking'}",
"{'links': [{'rel': 'self', 'href': 'https://7399703.suitetalk.api.netsuite.com/services/rest/record/v1/account/2473/accountContextSearch'}]}",FMB Business Checking (Omada RV),11101-30,"{'id': 'Bank', 'refName': 'Bank'}",False,False,False,2473,False,False,False,False,2023-11-01T17:09:00Z,"{'links': [{'rel': 'self', 'href': 'https://7399703.suitetalk.api.netsuite.com/services/rest/record/v1/account/2473/localizations'}]}","{'links': [{'rel': 'self', 'href': 'https://7399703.suitetalk.api.netsuite.com/services/rest/record/v1/account/2473/subsidiary'}]}",,,"{'id': 'AVERAGE', 'refName': 'Average'}","{'links': [{'rel': 'self', 'href': 'https://7399703.suitetalk.api.netsuite.com/services/rest/record/v1/currency/1'}], 'id': '1', 'refName': 'USD'}",False,"{'id': 'CURRENT', 'refName': 'Current'}",True,True,,,,"{'links': [{'rel': 'self', 'href': 'https://7399703.suitetalk.api.netsuite.com/services/rest/record/v1/account/1'}], 'id': '1', 'refName': '11000 Checking'}",
"{'links': [{'rel': 'self', 'href': 'https://7399703.suitetalk.api.netsuite.com/services/rest/record/v1/account/2474/accountContextSearch'}]}",FMB Business Checking (WR ARG),11101-31,"{'id': 'Bank', 'refName': 'Bank'}",False,False,False,2474,False,False,False,False,2023-11-28T16:20:00Z,"{'links': [{'rel': 'self', 'href': 'https://7399703.suitetalk.api.netsuite.com/services/rest/record/v1/account/2474/localizations'}]}","{'links': [{'rel': 'self', 'href': 'https://7399703.suitetalk.api.netsuite.com/services/rest/record/v1/account/2474/subsidiary'}]}",,,"{'id': 'AVERAGE', 'refName': 'Average'}","{'links': [{'rel': 'self', 'href': 'https://7399703.suitetalk.api.netsuite.com/services/rest/record/v1/currency/1'}], 'id': '1', 'refName': 'USD'}",False,"{'id': 'CURRENT', 'refName': 'Current'}",True,True,,,,"{'links': [{'rel': 'self', 'href': 'https://7399703.suitetalk.api.netsuite.com/services/rest/record/v1/account/1'}], 'id': '1', 'refName': '11000 Checking'}",
"{'links': [{'rel': 'self', 'href': 'https://7399703.suitetalk.api.netsuite.com/services/rest/record/v1/account/2475/accountContextSearch'}]}",FMB Business Checking (ARG II x3939),11101-32,"{'id': 'Bank', 'refName': 'Bank'}",False,False,False,2475,False,False,False,False,2025-05-19T15:10:00Z,"{'links': [{'rel': 'self', 'href': 'https://7399703.suitetalk.api.netsuite.com/services/rest/record/v1/account/2475/localizations'}]}","{'links': [{'rel': 'self', 'href': 'https://7399703.suitetalk.api.netsuite.com/services/rest/record/v1/account/2475/subsidiary'}]}",,,"{'id': 'AVERAGE', 'refName': 'Average'}","{'links': [{'rel': 'self', 'href': 'https://7399703.suitetalk.api.netsuite.com/services/rest/record/v1/currency/1'}], 'id': '1', 'refName': 'USD'}",False,"{'id': 'CURRENT', 'refName': 'Current'}",True,True,,,,"{'links': [{'rel': 'self', 'href': 'https://7399703.suitetalk.api.netsuite.com/services/rest/record/v1/account/1'}], 'id': '1', 'refName': '11000 Checking'}",
"{'links': [{'rel': 'self', 'href': 'https://7399703.suitetalk.api.netsuite.com/services/rest/record/v1/account/2476/accountContextSearch'}]}",FMB Business Checking (MSP),11101-33,"{'id': 'Bank', 'refName': 'Bank'}",False,False,False,2476,False,False,False,False,2023-11-28T16:31:00Z,"{'links': [{'rel': 'self', 'href': 'https://7399703.suitetalk.api.netsuite.com/services/rest/record/v1/account/2476/localizations'}]}","{'links': [{'rel': 'self', 'href': 'https://7399703.suitetalk.api.netsuite.com/services/rest/record/v1/account/2476/subsidiary'}]}",,,"{'id': 'AVERAGE', 'refName': 'Average'}","{'links': [{'rel': 'self', 'href': 'https://7399703.suitetalk.api.netsuite.com/services/rest/record/v1/currency/1'}], 'id': '1', 'refName': 'USD'}",False,"{'id': 'CURRENT', 'refName': 'Current'}",True,True,,,,"{'links': [{'rel': 'self', 'href': 'https://7399703.suitetalk.api.netsuite.com/services/rest/record/v1/account/1'}], 'id': '1', 'refName': '11000 Checking'}",
"{'links': [{'rel': 'self', 'href': 'https://7399703.suitetalk.api.netsuite.com/services/rest/record/v1/account/2478/accountContextSearch'}]}",FMB Business Checking (AI DFW),11101-34,"{'id': 'Bank', 'refName': 'Bank'}",False,False,False,2478,False,False,False,False,2023-12-20T19:19:00Z,"{'links': [{'rel': 'self', 'href': 'https://7399703.suitetalk.api.netsuite.com/services/rest/record/v1/account/2478/localizations'}]}","{'links': [{'rel': 'self', 'href': 'https://7399703.suitetalk.api.netsuite.com/services/rest/record/v1/account/2478/subsidiary'}]}",,,"{'id': 'AVERAGE', 'refName': 'Average'}","{'links': [{'rel': 'self', 'href': 'https://7399703.suitetalk.api.netsuite.com/services/rest/record/v1/currency/1'}], 'id': '1', 'refName': 'USD'}",False,"{'id': 'CURRENT', 'refName': 'Current'}",True,False,,,,"{'links': [{'rel': 'self', 'href': 'https://7399703.suitetalk.api.netsuite.com/services/rest/record/v1/account/1'}], 'id': '1', 'refName': '11000 Checking'}",
"{'links': [{'rel': 'self', 'href': 'https://7399703.suitetalk.api.netsuite.com/services/rest/record/v1/account/2479/accountContextSearch'}]}",FMB Business Checking (INSP),11101-35,"{'id': 'Bank', 'refName': 'Bank'}",False,False,False,2479,False,False,False,False,2023-11-28T16:40:00Z,"{'links': [{'rel': 'self', 'href': 'https://7399703.suitetalk.api.netsuite.com/services/rest/record/v1/account/2479/localizations'}]}","{'links': [{'rel': 'self', 'href': 'https://7399703.suitetalk.api.netsuite.com/services/rest/record/v1/account/2479/subsidiary'}]}",,,"{'id': 'AVERAGE', 'refName': 'Average'}","{'links': [{'rel': 'self', 'href': 'https://7399703.suitetalk.api.netsuite.com/services/rest/record/v1/currency/1'}], 'id': '1', 'refName': 'USD'}",False,"{'id': 'CURRENT', 'refName': 'Current'}",True,True,,,,"{'links': [{'rel': 'self', 'href': 'https://7399703.suitetalk.api.netsuite.com/services/rest/record/v1/account/1'}], 'id': '1', 'refName': '11000 Checking'}",
"{'links': [{'rel': 'self', 'href': 'https://7399703.suitetalk.api.netsuite.com/services/rest/record/v1/account/2499/accountContextSearch'}]}",FMB Business Checking (Reece Capital),11101-36,"{'id': 'Bank', 'refName': 'Bank'}",False,False,False,2499,False,False,False,False,2024-01-02T14:28:00Z,"{'links': [{'rel': 'self', 'href': 'https://7399703.suitetalk.api.netsuite.com/services/rest/record/v1/account/2499/localizations'}]}","{'links': [{'rel': 'self', 'href': 'https://7399703.suitetalk.api.netsuite.com/services/rest/record/v1/account/2499/subsidiary'}]}",,,"{'id': 'AVERAGE', 'refName': 'Average'}","{'links': [{'rel': 'self', 'href': 'https://7399703.suitetalk.api.netsuite.com/services/rest/record/v1/currency/1'}], 'id': '1', 'refName': 'USD'}",False,"{'id': 'CURRENT', 'refName': 'Current'}",True,True,,,,"{'links': [{'rel': 'self', 'href': 'https://7399703.suitetalk.api.netsuite.com/services/rest/record/v1/account/1'}], 'id': '1', 'refName': '11000 Checking'}",
"{'links': [{'rel': 'self', 'href': 'https://7399703.suitetalk.api.netsuite.com/services/rest/record/v1/account/2506/accountContextSearch'}]}",FMB Business Checking (Flying Owl),11101-37,"{'id': 'Bank', 'refName': 'Bank'}",False,False,False,2506,False,False,False,False,2024-03-11T22:14:00Z,"{'links': [{'rel': 'self', 'href': 'https://7399703.suitetalk.api.netsuite.com/services/rest/record/v1/account/2506/localizations'}]}","{'links': [{'rel': 'self', 'href': 'https://7399703.suitetalk.api.netsuite.com/services/rest/record/v1/account/2506/subsidiary'}]}",,,"{'id': 'AVERAGE', 'refName': 'Average'}","{'links': [{'rel': 'self', 'href': 'https://7399703.suitetalk.api.netsuite.com/services/rest/record/v1/currency/1'}], 'id': '1', 'refName': 'USD'}",False,"{'id': 'CURRENT', 'refName': 'Current'}",True,True,,,,"{'links': [{'rel': 'self', 'href': 'https://7399703.suitetalk.api.netsuite.com/services/rest/record/v1/account/1'}], 'id': '1', 'refName': '11000 Checking'}",
"{'links': [{'rel': 'self', 'href': 'https://7399703.suitetalk.api.netsuite.com/services/rest/record/v1/account/2790/accountContextSearch'}]}",FMB Business Checking (ARG II x3543),11101-38,"{'id': 'Bank', 'refName': 'Bank'}",False,False,False,2790,False,False,False,False,2025-05-19T15:11:00Z,"{'links': [{'rel': 'self', 'href': 'https://7399703.suitetalk.api.netsuite.com/services/rest/record/v1/account/2790/localizations'}]}","{'links': [{'rel': 'self', 'href': 'https://7399703.suitetalk.api.netsuite.com/services/rest/record/v1/account/2790/subsidiary'}]}",,,"{'id': 'AVERAGE', 'refName': 'Average'}","{'links': [{'rel': 'self', 'href': 'https://7399703.suitetalk.api.netsuite.com/services/rest/record/v1/currency/1'}], 'id': '1', 'refName': 'USD'}",False,"{'id': 'CURRENT', 'refName': 'Current'}",True,True,,,,"{'links': [{'rel': 'self', 'href': 'https://7399703.suitetalk.api.netsuite.com/services/rest/record/v1/account/1'}], 'id': '1', 'refName': '11000 Checking'}",
"{'links': [{'rel': 'self', 'href': 'https://7399703.suitetalk.api.netsuite.com/services/rest/record/v1/account/884/accountContextSearch'}]}",Chase Business Checking (Armina),11102-01,"{'id': 'Bank', 'refName': 'Bank'}",False,False,False,884,False,False,False,False,2022-05-13T13:09:00Z,"{'links': [{'rel': 'self', 'href': 'https://7399703.suitetalk.api.netsuite.com/services/rest/record/v1/account/884/localizations'}]}","{'links': [{'rel': 'self', 'href': 'https://7399703.suitetalk.api.netsuite.com/services/rest/record/v1/account/884/subsidiary'}]}",,,"{'id': 'AVERAGE', 'refName': 'Average'}","{'links': [{'rel': 'self', 'href': 'https://7399703.suitetalk.api.netsuite.com/services/rest/record/v1/currency/1'}], 'id': '1', 'refName': 'USD'}",False,"{'id': 'CURRENT', 'refName': 'Current'}",True,True,,11102-01,,"{'links': [{'rel': 'self', 'href': 'https://7399703.suitetalk.api.netsuite.com/services/rest/record/v1/account/1'}], 'id': '1', 'refName': '11000 Checking'}",
"{'links': [{'rel': 'self', 'href': 'https://7399703.suitetalk.api.netsuite.com/services/rest/record/v1/account/885/accountContextSearch'}]}",Chase Business Checking (GJ&D),11102-02,"{'id': 'Bank', 'refName': 'Bank'}",False,False,False,885,False,False,False,False,2022-05-13T13:10:00Z,"{'links': [{'rel': 'self', 'href': 'https://7399703.suitetalk.api.netsuite.com/services/rest/record/v1/account/885/localizations'}]}","{'links': [{'rel': 'self', 'href': 'https://7399703.suitetalk.api.netsuite.com/services/rest/record/v1/account/885/subsidiary'}]}",,,"{'id': 'AVERAGE', 'refName': 'Average'}","{'links': [{'rel': 'self', 'href': 'https://7399703.suitetalk.api.netsuite.com/services/rest/record/v1/currency/1'}], 'id': '1', 'refName': 'USD'}",False,"{'id': 'CURRENT', 'refName': 'Current'}",True,True,,11102-02,,"{'links': [{'rel': 'self', 'href': 'https://7399703.suitetalk.api.netsuite.com/services/rest/record/v1/account/1'}], 'id': '1', 'refName': '11000 Checking'}",
"{'links': [{'rel': 'self', 'href': 'https://7399703.suitetalk.api.netsuite.com/services/rest/record/v1/account/886/accountContextSearch'}]}",Chase Business Checking (Reece Spine),11102-03,"{'id': 'Bank', 'refName': 'Bank'}",False,False,False,886,False,False,False,False,2022-04-25T19:51:00Z,"{'links': [{'rel': 'self', 'href': 'https://7399703.suitetalk.api.netsuite.com/services/rest/record/v1/account/886/localizations'}]}","{'links': [{'rel': 'self', 'href': 'https://7399703.suitetalk.api.netsuite.com/services/rest/record/v1/account/886/subsidiary'}]}",,,"{'id': 'AVERAGE', 'refName': 'Average'}","{'links': [{'rel': 'self', 'href': 'https://7399703.suitetalk.api.netsuite.com/services/rest/record/v1/currency/1'}], 'id': '1', 'refName': 'USD'}",False,"{'id': 'CURRENT', 'refName': 'Current'}",True,True,,11102-03,,"{'links': [{'rel': 'self', 'href': 'https://7399703.suitetalk.api.netsuite.com/services/rest/record/v1/account/1'}], 'id': '1', 'refName': '11000 Checking'}",
"{'links': [{'rel': 'self', 'href': 'https://7399703.suitetalk.api.netsuite.com/services/rest/record/v1/account/887/accountContextSearch'}]}",Chase Business Checking (SOAR),11102-04,"{'id': 'Bank', 'refName': 'Bank'}",False,False,False,887,False,False,False,False,2022-04-25T19:51:00Z,"{'links': [{'rel': 'self', 'href': 'https://7399703.suitetalk.api.netsuite.com/services/rest/record/v1/account/887/localizations'}]}","{'links': [{'rel': 'self', 'href': 'https://7399703.suitetalk.api.netsuite.com/services/rest/record/v1/account/887/subsidiary'}]}",,,"{'id': 'AVERAGE', 'refName': 'Average'}","{'links': [{'rel': 'self', 'href': 'https://7399703.suitetalk.api.netsuite.com/services/rest/record/v1/currency/1'}], 'id': '1', 'refName': 'USD'}",False,"{'id': 'CURRENT', 'refName': 'Current'}",True,True,,11102-04,,"{'links': [{'rel': 'self', 'href': 'https://7399703.suitetalk.api.netsuite.com/services/rest/record/v1/account/1'}], 'id': '1', 'refName': '11000 Checking'}",
"{'links': [{'rel': 'self', 'href': 'https://7399703.suitetalk.api.netsuite.com/services/rest/record/v1/account/888/accountContextSearch'}]}",Chase Business Checking (SRM),11102-05,"{'id': 'Bank', 'refName': 'Bank'}",False,False,False,888,False,False,False,False,2022-05-13T13:10:00Z,"{'links': [{'rel': 'self', 'href': 'https://7399703.suitetalk.api.netsuite.com/services/rest/record/v1/account/888/localizations'}]}","{'links': [{'rel': 'self', 'href': 'https://7399703.suitetalk.api.netsuite.com/services/rest/record/v1/account/888/subsidiary'}]}",,,"{'id': 'AVERAGE', 'refName': 'Average'}","{'links': [{'rel': 'self', 'href': 'https://7399703.suitetalk.api.netsuite.com/services/rest/record/v1/currency/1'}], 'id': '1', 'refName': 'USD'}",False,"{'id': 'CURRENT', 'refName': 'Current'}",True,True,,11102-05,,"{'links': [{'rel': 'self', 'href': 'https://7399703.suitetalk.api.netsuite.com/services/rest/record/v1/account/1'}], 'id': '1', 'refName': '11000 Checking'}",
"{'links': [{'rel': 'self', 'href': 'https://7399703.suitetalk.api.netsuite.com/services/rest/record/v1/account/889/accountContextSearch'}]}",Chase Business Checking (Strike Funding),11102-06,"{'id': 'Bank', 'refName': 'Bank'}",False,False,False,889,False,False,False,False,2022-04-25T19:51:00Z,"{'links': [{'rel': 'self', 'href': 'https://7399703.suitetalk.api.netsuite.com/services/rest/record/v1/account/889/localizations'}]}","{'links': [{'rel': 'self', 'href': 'https://7399703.suitetalk.api.netsuite.com/services/rest/record/v1/account/889/subsidiary'}]}",,,"{'id': 'AVERAGE', 'refName': 'Average'}","{'links': [{'rel': 'self', 'href': 'https://7399703.suitetalk.api.netsuite.com/services/rest/record/v1/currency/1'}], 'id': '1', 'refName': 'USD'}",False,"{'id': 'CURRENT', 'refName': 'Current'}",True,True,,11102-06,,"{'links': [{'rel': 'self', 'href': 'https://7399703.suitetalk.api.netsuite.com/services/rest/record/v1/account/1'}], 'id': '1', 'refName': '11000 Checking'}",
"{'links': [{'rel': 'self', 'href': 'https://7399703.suitetalk.api.netsuite.com/services/rest/record/v1/account/890/accountContextSearch'}]}",Chase Business Checking (TSSI),11102-07,"{'id': 'Bank', 'refName': 'Bank'}",False,False,False,890,False,False,False,False,2022-04-25T19:51:00Z,"{'links': [{'rel': 'self', 'href': 'https://7399703.suitetalk.api.netsuite.com/services/rest/record/v1/account/890/localizations'}]}","{'links': [{'rel': 'self', 'href': 'https://7399703.suitetalk.api.netsuite.com/services/rest/record/v1/account/890/subsidiary'}]}",,,"{'id': 'AVERAGE', 'refName': 'Average'}","{'links': [{'rel': 'self', 'href': 'https://7399703.suitetalk.api.netsuite.com/services/rest/record/v1/currency/1'}], 'id': '1', 'refName': 'USD'}",False,"{'id': 'CURRENT', 'refName': 'Current'}",True,True,,11102-07,,"{'links': [{'rel': 'self', 'href': 'https://7399703.suitetalk.api.netsuite.com/services/rest/record/v1/account/1'}], 'id': '1', 'refName': '11000 Checking'}",
"{'links': [{'rel': 'self', 'href': 'https://7399703.suitetalk.api.netsuite.com/services/rest/record/v1/account/891/accountContextSearch'}]}",Chase Business Checking (TX FMG),11102-08,"{'id': 'Bank', 'refName': 'Bank'}",False,False,False,891,False,False,False,False,2022-04-25T19:51:00Z,"{'links': [{'rel': 'self', 'href': 'https://7399703.suitetalk.api.netsuite.com/services/rest/record/v1/account/891/localizations'}]}","{'links': [{'rel': 'self', 'href': 'https://7399703.suitetalk.api.netsuite.com/services/rest/record/v1/account/891/subsidiary'}]}",,,"{'id': 'AVERAGE', 'refName': 'Average'}","{'links': [{'rel': 'self', 'href': 'https://7399703.suitetalk.api.netsuite.com/services/rest/record/v1/currency/1'}], 'id': '1', 'refName': 'USD'}",False,"{'id': 'CURRENT', 'refName': 'Current'}",True,True,,11102-08,,"{'links': [{'rel': 'self', 'href': 'https://7399703.suitetalk.api.netsuite.com/services/rest/record/v1/account/1'}], 'id': '1', 'refName': '11000 Checking'}",
"{'links': [{'rel': 'self', 'href': 'https://7399703.suitetalk.api.netsuite.com/services/rest/record/v1/account/892/accountContextSearch'}]}",Chase Business Checking (WTX),11102-09,"{'id': 'Bank', 'refName': 'Bank'}",False,False,False,892,False,False,False,False,2022-04-25T19:51:00Z,"{'links': [{'rel': 'self', 'href': 'https://7399703.suitetalk.api.netsuite.com/services/rest/record/v1/account/892/localizations'}]}","{'links': [{'rel': 'self', 'href': 'https://7399703.suitetalk.api.netsuite.com/services/rest/record/v1/account/892/subsidiary'}]}",,,"{'id': 'AVERAGE', 'refName': 'Average'}","{'links': [{'rel': 'self', 'href': 'https://7399703.suitetalk.api.netsuite.com/services/rest/record/v1/currency/1'}], 'id': '1', 'refName': 'USD'}",False,"{'id': 'CURRENT', 'refName': 'Current'}",True,True,,11102-09,,"{'links': [{'rel': 'self', 'href': 'https://7399703.suitetalk.api.netsuite.com/services/rest/record/v1/account/1'}], 'id': '1', 'refName': '11000 Checking'}",
"{'links': [{'rel': 'self', 'href': 'https://7399703.suitetalk.api.netsuite.com/services/rest/record/v1/account/1970/accountContextSearch'}]}",Chase Business Checking (AI),11102-10,"{'id': 'Bank', 'refName': 'Bank'}",False,False,False,1970,False,False,False,False,2023-03-09T20:11:00Z,"{'links': [{'rel': 'self', 'href': 'https://7399703.suitetalk.api.netsuite.com/services/rest/record/v1/account/1970/localizations'}]}","{'links': [{'rel': 'self', 'href': 'https://7399703.suitetalk.api.netsuite.com/services/rest/record/v1/account/1970/subsidiary'}]}",,,"{'id': 'AVERAGE', 'refName': 'Average'}","{'links': [{'rel': 'self', 'href': 'https://7399703.suitetalk.api.netsuite.com/services/rest/record/v1/currency/1'}], 'id': '1', 'refName': 'USD'}",False,"{'id': 'CURRENT', 'refName': 'Current'}",True,True,,,,"{'links': [{'rel': 'self', 'href': 'https://7399703.suitetalk.api.netsuite.com/services/rest/record/v1/account/1'}], 'id': '1', 'refName': '11000 Checking'}",
"{'links': [{'rel': 'self', 'href': 'https://7399703.suitetalk.api.netsuite.com/services/rest/record/v1/account/2033/accountContextSearch'}]}",Chase Business Checking (DME),11102-11,"{'id': 'Bank', 'refName': 'Bank'}",False,False,False,2033,False,False,False,False,2023-07-14T17:00:00Z,"{'links': [{'rel': 'self', 'href': 'https://7399703.suitetalk.api.netsuite.com/services/rest/record/v1/account/2033/localizations'}]}","{'links': [{'rel': 'self', 'href': 'https://7399703.suitetalk.api.netsuite.com/services/rest/record/v1/account/2033/subsidiary'}]}",,,"{'id': 'AVERAGE', 'refName': 'Average'}","{'links': [{'rel': 'self', 'href': 'https://7399703.suitetalk.api.netsuite.com/services/rest/record/v1/currency/1'}], 'id': '1', 'refName': 'USD'}",False,"{'id': 'CURRENT', 'refName': 'Current'}",True,True,,,,"{'links': [{'rel': 'self', 'href': 'https://7399703.suitetalk.api.netsuite.com/services/rest/record/v1/account/1'}], 'id': '1', 'refName': '11000 Checking'}",
"{'links': [{'rel': 'self', 'href': 'https://7399703.suitetalk.api.netsuite.com/services/rest/record/v1/account/893/accountContextSearch'}]}",Bank of Texas Business Checking (UMS II),11103-01,"{'id': 'Bank', 'refName': 'Bank'}",False,False,False,893,False,False,False,False,2022-05-13T13:11:00Z,"{'links': [{'rel': 'self', 'href': 'https://7399703.suitetalk.api.netsuite.com/services/rest/record/v1/account/893/localizations'}]}","{'links': [{'rel': 'self', 'href': 'https://7399703.suitetalk.api.netsuite.com/services/rest/record/v1/account/893/subsidiary'}]}",,,"{'id': 'AVERAGE', 'refName': 'Average'}","{'links': [{'rel': 'self', 'href': 'https://7399703.suitetalk.api.netsuite.com/services/rest/record/v1/currency/1'}], 'id': '1', 'refName': 'USD'}",False,"{'id': 'CURRENT', 'refName': 'Current'}",True,True,,11103-01,,"{'links': [{'rel': 'self', 'href': 'https://7399703.suitetalk.api.netsuite.com/services/rest/record/v1/account/1'}], 'id': '1', 'refName': '11000 Checking'}",
"{'links': [{'rel': 'self', 'href': 'https://7399703.suitetalk.api.netsuite.com/services/rest/record/v1/account/894/accountContextSearch'}]}",Bank of Texas Business Checking (SOAR),11103-02,"{'id': 'Bank', 'refName': 'Bank'}",False,False,False,894,False,False,False,False,2022-04-25T19:51:00Z,"{'links': [{'rel': 'self', 'href': 'https://7399703.suitetalk.api.netsuite.com/services/rest/record/v1/account/894/localizations'}]}","{'links': [{'rel': 'self', 'href': 'https://7399703.suitetalk.api.netsuite.com/services/rest/record/v1/account/894/subsidiary'}]}",,,"{'id': 'AVERAGE', 'refName': 'Average'}","{'links': [{'rel': 'self', 'href': 'https://7399703.suitetalk.api.netsuite.com/services/rest/record/v1/currency/1'}], 'id': '1', 'refName': 'USD'}",False,"{'id': 'CURRENT', 'refName': 'Current'}",True,True,,11103-02,,"{'links': [{'rel': 'self', 'href': 'https://7399703.suitetalk.api.netsuite.com/services/rest/record/v1/account/1'}], 'id': '1', 'refName': '11000 Checking'}",
"{'links': [{'rel': 'self', 'href': 'https://7399703.suitetalk.api.netsuite.com/services/rest/record/v1/account/2470/accountContextSearch'}]}",Pinnacle Business Checking (SDC),11104-01,"{'id': 'Bank', 'refName': 'Bank'}",False,False,False,2470,False,False,False,False,2023-10-23T14:37:00Z,"{'links': [{'rel': 'self', 'href': 'https://7399703.suitetalk.api.netsuite.com/services/rest/record/v1/account/2470/localizations'}]}","{'links': [{'rel': 'self', 'href': 'https://7399703.suitetalk.api.netsuite.com/services/rest/record/v1/account/2470/subsidiary'}]}",,,"{'id': 'AVERAGE', 'refName': 'Average'}","{'links': [{'rel': 'self', 'href': 'https://7399703.suitetalk.api.netsuite.com/services/rest/record/v1/currency/1'}], 'id': '1', 'refName': 'USD'}",False,"{'id': 'CURRENT', 'refName': 'Current'}",True,True,,,,"{'links': [{'rel': 'self', 'href': 'https://7399703.suitetalk.api.netsuite.com/services/rest/record/v1/account/1'}], 'id': '1', 'refName': '11000 Checking'}",
"{'links': [{'rel': 'self', 'href': 'https://7399703.suitetalk.api.netsuite.com/services/rest/record/v1/account/229/accountContextSearch'}]}",Other Cash Equivalents,11105,"{'id': 'OthCurrAsset', 'refName': 'Other Current Asset'}",False,False,False,229,True,False,False,False,2022-04-25T19:52:00Z,"{'links': [{'rel': 'self', 'href': 'https://7399703.suitetalk.api.netsuite.com/services/rest/record/v1/account/229/localizations'}]}","{'links': [{'rel': 'self', 'href': 'https://7399703.suitetalk.api.netsuite.com/services/rest/record/v1/account/229/subsidiary'}]}",,,"{'id': 'AVERAGE', 'refName': 'Average'}",,False,"{'id': 'CURRENT', 'refName': 'Current'}",,False,,11105,,,
"{'links': [{'rel': 'self', 'href': 'https://7399703.suitetalk.api.netsuite.com/services/rest/record/v1/account/2022/accountContextSearch'}]}",Accounts Receivable - Medifacts,12011,"{'id': 'OthCurrAsset', 'refName': 'Other Current Asset'}",False,False,False,2022,False,False,False,False,2023-05-03T23:18:00Z,"{'links': [{'rel': 'self', 'href': 'https://7399703.suitetalk.api.netsuite.com/services/rest/record/v1/account/2022/localizations'}]}","{'links': [{'rel': 'self', 'href': 'https://7399703.suitetalk.api.netsuite.com/services/rest/record/v1/account/2022/subsidiary'}]}",,,"{'id': 'AVERAGE', 'refName': 'Average'}",,False,"{'id': 'CURRENT', 'refName': 'Current'}",,False,,,,,
"{'links': [{'rel': 'self', 'href': 'https://7399703.suitetalk.api.netsuite.com/services/rest/record/v1/account/119/accountContextSearch'}]}",Accounts Receivable,12100,"{'id': 'AcctRec', 'refName': 'Accounts Receivable'}",False,False,False,119,True,False,False,False,2022-04-25T19:51:00Z,"{'links': [{'rel': 'self', 'href': 'https://7399703.suitetalk.api.netsuite.com/services/rest/record/v1/account/119/localizations'}]}","{'links': [{'rel': 'self', 'href': 'https://7399703.suitetalk.api.netsuite.com/services/rest/record/v1/account/119/subsidiary'}]}",,,"{'id': 'AVERAGE', 'refName': 'Average'}",,False,"{'id': 'CURRENT', 'refName': 'Current'}",,True,,12100,,,"{'id': 'AcctRec', 'refName': 'AcctRec'}"
"{'links': [{'rel': 'self', 'href': 'https://7399703.suitetalk.api.netsuite.com/services/rest/record/v1/account/230/accountContextSearch'}]}",Accounts Receivable - Cases in Progress,12105,"{'id': 'AcctRec', 'refName': 'Accounts Receivable'}",False,False,False,230,True,False,False,False,2022-04-25T19:51:00Z,"{'links': [{'rel': 'self', 'href': 'https://7399703.suitetalk.api.netsuite.com/services/rest/record/v1/account/230/localizations'}]}","{'links': [{'rel': 'self', 'href': 'https://7399703.suitetalk.api.netsuite.com/services/rest/record/v1/account/230/subsidiary'}]}",,,"{'id': 'AVERAGE', 'refName': 'Average'}",,False,"{'id': 'CURRENT', 'refName': 'Current'}",,True,,12105,,,
"{'links': [{'rel': 'self', 'href': 'https://7399703.suitetalk.api.netsuite.com/services/rest/record/v1/account/213/accountContextSearch'}]}",Inventory,12110,"{'id': 'OthCurrAsset', 'refName': 'Other Current Asset'}",False,False,False,213,True,True,False,False,2022-04-25T19:52:00Z,"{'links': [{'rel': 'self', 'href': 'https://7399703.suitetalk.api.netsuite.com/services/rest/record/v1/account/213/localizations'}]}","{'links': [{'rel': 'self', 'href': 'https://7399703.suitetalk.api.netsuite.com/services/rest/record/v1/account/213/subsidiary'}]}",,,"{'id': 'AVERAGE', 'refName': 'Average'}",,False,"{'id': 'CURRENT', 'refName': 'Current'}",,False,,12110,,,"{'id': 'InvtAsset', 'refName': 'InvtAsset'}"
"{'links': [{'rel': 'self', 'href': 'https://7399703.suitetalk.api.netsuite.com/services/rest/record/v1/account/231/accountContextSearch'}]}",Employee Advances,12115,"{'id': 'OthCurrAsset', 'refName': 'Other Current Asset'}",False,False,False,231,True,False,False,False,2022-04-25T19:52:00Z,"{'links': [{'rel': 'self', 'href': 'https://7399703.suitetalk.api.netsuite.com/services/rest/record/v1/account/231/localizations'}]}","{'links': [{'rel': 'self', 'href': 'https://7399703.suitetalk.api.netsuite.com/services/rest/record/v1/account/231/subsidiary'}]}",,,"{'id': 'AVERAGE', 'refName': 'Average'}",,False,"{'id': 'CURRENT', 'refName': 'Current'}",,False,,12115,,,
"{'links': [{'rel': 'self', 'href': 'https://7399703.suitetalk.api.netsuite.com/services/rest/record/v1/account/232/accountContextSearch'}]}",Prepaid Expense,12120,"{'id': 'OthCurrAsset', 'refName': 'Other Current Asset'}",False,False,False,232,True,False,False,False,2022-04-25T19:53:00Z,"{'links': [{'rel': 'self', 'href': 'https://7399703.suitetalk.api.netsuite.com/services/rest/record/v1/account/232/localizations'}]}","{'links': [{'rel': 'self', 'href': 'https://7399703.suitetalk.api.netsuite.com/services/rest/record/v1/account/232/subsidiary'}]}",,,"{'id': 'AVERAGE', 'refName': 'Average'}",,False,"{'id': 'CURRENT', 'refName': 'Current'}",,False,,12120,,,
"{'links': [{'rel': 'self', 'href': 'https://7399703.suitetalk.api.netsuite.com/services/rest/record/v1/account/233/accountContextSearch'}]}",Prepaid Insurance,12125,"{'id': 'OthCurrAsset', 'refName': 'Other Current Asset'}",False,False,False,233,True,False,False,False,2022-04-25T19:53:00Z,"{'links': [{'rel': 'self', 'href': 'https://7399703.suitetalk.api.netsuite.com/services/rest/record/v1/account/233/localizations'}]}","{'links': [{'rel': 'self', 'href': 'https://7399703.suitetalk.api.netsuite.com/services/rest/record/v1/account/233/subsidiary'}]}",,,"{'id': 'AVERAGE', 'refName': 'Average'}",,False,"{'id': 'CURRENT', 'refName': 'Current'}",,False,,12125,,,
"{'links': [{'rel': 'self', 'href': 'https://7399703.suitetalk.api.netsuite.com/services/rest/record/v1/account/234/accountContextSearch'}]}",Loans Receivable,12130,"{'id': 'OthCurrAsset', 'refName': 'Other Current Asset'}",False,False,False,234,True,False,False,False,2022-04-25T19:52:00Z,"{'links': [{'rel': 'self', 'href': 'https://7399703.suitetalk.api.netsuite.com/services/rest/record/v1/account/234/localizations'}]}","{'links': [{'rel': 'self', 'href': 'https://7399703.suitetalk.api.netsuite.com/services/rest/record/v1/account/234/subsidiary'}]}",,,"{'id': 'AVERAGE', 'refName': 'Average'}",,False,"{'id': 'CURRENT', 'refName': 'Current'}",,False,,12130,,,
"{'links': [{'rel': 'self', 'href': 'https://7399703.suitetalk.api.netsuite.com/services/rest/record/v1/account/235/accountContextSearch'}]}",Loans Receivable AAC,12131,"{'id': 'OthCurrAsset', 'refName': 'Other Current Asset'}",False,False,False,235,True,False,False,False,2023-04-13T15:33:00Z,"{'links': [{'rel': 'self', 'href': 'https://7399703.suitetalk.api.netsuite.com/services/rest/record/v1/account/235/localizations'}]}","{'links': [{'rel': 'self', 'href': 'https://7399703.suitetalk.api.netsuite.com/services/rest/record/v1/account/235/subsidiary'}]}",,,"{'id': 'AVERAGE', 'refName': 'Average'}",,True,"{'id': 'CURRENT', 'refName': 'Current'}",,False,,12131,,"{'links': [{'rel': 'self', 'href': 'https://7399703.suitetalk.api.netsuite.com/services/rest/record/v1/account/234'}], 'id': '234', 'refName': '12130 Loans Receivable'}",
"{'links': [{'rel': 'self', 'href': 'https://7399703.suitetalk.api.netsuite.com/services/rest/record/v1/account/236/accountContextSearch'}]}",Loans Receivable ADV,12132,"{'id': 'OthCurrAsset', 'refName': 'Other Current Asset'}",False,False,False,236,True,False,False,False,2023-04-13T15:33:00Z,"{'links': [{'rel': 'self', 'href': 'https://7399703.suitetalk.api.netsuite.com/services/rest/record/v1/account/236/localizations'}]}","{'links': [{'rel': 'self', 'href': 'https://7399703.suitetalk.api.netsuite.com/services/rest/record/v1/account/236/subsidiary'}]}",,,"{'id': 'AVERAGE', 'refName': 'Average'}",,True,"{'id': 'CURRENT', 'refName': 'Current'}",,False,,12132,,"{'links': [{'rel': 'self', 'href': 'https://7399703.suitetalk.api.netsuite.com/services/rest/record/v1/account/234'}], 'id': '234', 'refName': '12130 Loans Receivable'}",
"{'links': [{'rel': 'self', 'href': 'https://7399703.suitetalk.api.netsuite.com/services/rest/record/v1/account/237/accountContextSearch'}]}",Loans Receivable ARG,12133,"{'id': 'OthCurrAsset', 'refName': 'Other Current Asset'}",False,False,False,237,True,False,False,False,2023-04-13T15:34:00Z,"{'links': [{'rel': 'self', 'href': 'https://7399703.suitetalk.api.netsuite.com/services/rest/record/v1/account/237/localizations'}]}","{'links': [{'rel': 'self', 'href': 'https://7399703.suitetalk.api.netsuite.com/services/rest/record/v1/account/237/subsidiary'}]}",,,"{'id': 'AVERAGE', 'refName': 'Average'}",,True,"{'id': 'CURRENT', 'refName': 'Current'}",,False,,12133,,"{'links': [{'rel': 'self', 'href': 'https://7399703.suitetalk.api.netsuite.com/services/rest/record/v1/account/234'}], 'id': '234', 'refName': '12130 Loans Receivable'}",
"{'links': [{'rel': 'self', 'href': 'https://7399703.suitetalk.api.netsuite.com/services/rest/record/v1/account/238/accountContextSearch'}]}",Loans Receivable ARM,12134,"{'id': 'OthCurrAsset', 'refName': 'Other Current Asset'}",False,False,False,238,True,False,False,False,2023-04-13T15:34:00Z,"{'links': [{'rel': 'self', 'href': 'https://7399703.suitetalk.api.netsuite.com/services/rest/record/v1/account/238/localizations'}]}","{'links': [{'rel': 'self', 'href': 'https://7399703.suitetalk.api.netsuite.com/services/rest/record/v1/account/238/subsidiary'}]}",,,"{'id': 'AVERAGE', 'refName': 'Average'}",,True,"{'id': 'CURRENT', 'refName': 'Current'}",,False,,12134,,"{'links': [{'rel': 'self', 'href': 'https://7399703.suitetalk.api.netsuite.com/services/rest/record/v1/account/234'}], 'id': '234', 'refName': '12130 Loans Receivable'}",
"{'links': [{'rel': 'self', 'href': 'https://7399703.suitetalk.api.netsuite.com/services/rest/record/v1/account/239/accountContextSearch'}]}",Loans Receivable FMGO,12135,"{'id': 'OthCurrAsset', 'refName': 'Other Current Asset'}",False,False,False,239,True,False,False,False,2023-04-13T15:34:00Z,"{'links': [{'rel': 'self', 'href': 'https://7399703.suitetalk.api.netsuite.com/services/rest/record/v1/account/239/localizations'}]}","{'links': [{'rel': 'self', 'href': 'https://7399703.suitetalk.api.netsuite.com/services/rest/record/v1/account/239/subsidiary'}]}",,,"{'id': 'AVERAGE', 'refName': 'Average'}",,True,"{'id': 'CURRENT', 'refName': 'Current'}",,False,,12135,,"{'links': [{'rel': 'self', 'href': 'https://7399703.suitetalk.api.netsuite.com/services/rest/record/v1/account/234'}], 'id': '234', 'refName': '12130 Loans Receivable'}",
"{'links': [{'rel': 'self', 'href': 'https://7399703.suitetalk.api.netsuite.com/services/rest/record/v1/account/240/accountContextSearch'}]}",Loans Receivable FLYR,12136,"{'id': 'OthCurrAsset', 'refName': 'Other Current Asset'}",False,False,False,240,True,False,False,False,2023-04-13T15:34:00Z,"{'links': [{'rel': 'self', 'href': 'https://7399703.suitetalk.api.netsuite.com/services/rest/record/v1/account/240/localizations'}]}","{'links': [{'rel': 'self', 'href': 'https://7399703.suitetalk.api.netsuite.com/services/rest/record/v1/account/240/subsidiary'}]}",,,"{'id': 'AVERAGE', 'refName': 'Average'}",,True,"{'id': 'CURRENT', 'refName': 'Current'}",,False,,12136,,"{'links': [{'rel': 'self', 'href': 'https://7399703.suitetalk.api.netsuite.com/services/rest/record/v1/account/234'}], 'id': '234', 'refName': '12130 Loans Receivable'}",
"{'links': [{'rel': 'self', 'href': 'https://7399703.suitetalk.api.netsuite.com/services/rest/record/v1/account/241/accountContextSearch'}]}",Loans Receivable GJ&D,12137,"{'id': 'OthCurrAsset', 'refName': 'Other Current Asset'}",False,False,False,241,True,False,False,False,2023-04-13T15:34:00Z,"{'links': [{'rel': 'self', 'href': 'https://7399703.suitetalk.api.netsuite.com/services/rest/record/v1/account/241/localizations'}]}","{'links': [{'rel': 'self', 'href': 'https://7399703.suitetalk.api.netsuite.com/services/rest/record/v1/account/241/subsidiary'}]}",,,"{'id': 'AVERAGE', 'refName': 'Average'}",,True,"{'id': 'CURRENT', 'refName': 'Current'}",,False,,12137,,"{'links': [{'rel': 'self', 'href': 'https://7399703.suitetalk.api.netsuite.com/services/rest/record/v1/account/234'}], 'id': '234', 'refName': '12130 Loans Receivable'}",
"{'links': [{'rel': 'self', 'href': 'https://7399703.suitetalk.api.netsuite.com/services/rest/record/v1/account/242/accountContextSearch'}]}",Loans Receivable NPIC,12138,"{'id': 'OthCurrAsset', 'refName': 'Other Current Asset'}",False,False,False,242,True,False,False,False,2024-02-15T19:26:00Z,"{'links': [{'rel': 'self', 'href': 'https://7399703.suitetalk.api.netsuite.com/services/rest/record/v1/account/242/localizations'}]}","{'links': [{'rel': 'self', 'href': 'https://7399703.suitetalk.api.netsuite.com/services/rest/record/v1/account/242/subsidiary'}]}",,,"{'id': 'AVERAGE', 'refName': 'Average'}",,True,"{'id': 'CURRENT', 'refName': 'Current'}",,False,,12138,,"{'links': [{'rel': 'self', 'href': 'https://7399703.suitetalk.api.netsuite.com/services/rest/record/v1/account/234'}], 'id': '234', 'refName': '12130 Loans Receivable'}",
"{'links': [{'rel': 'self', 'href': 'https://7399703.suitetalk.api.netsuite.com/services/rest/record/v1/account/243/accountContextSearch'}]}",Loans Receivable MDTX MRI,12139,"{'id': 'OthCurrAsset', 'refName': 'Other Current Asset'}",False,False,False,243,True,False,False,False,2023-04-13T15:35:00Z,"{'links': [{'rel': 'self', 'href': 'https://7399703.suitetalk.api.netsuite.com/services/rest/record/v1/account/243/localizations'}]}","{'links': [{'rel': 'self', 'href': 'https://7399703.suitetalk.api.netsuite.com/services/rest/record/v1/account/243/subsidiary'}]}",,,"{'id': 'AVERAGE', 'refName': 'Average'}",,True,"{'id': 'CURRENT', 'refName': 'Current'}",,False,,12139,,"{'links': [{'rel': 'self', 'href': 'https://7399703.suitetalk.api.netsuite.com/services/rest/record/v1/account/234'}], 'id': '234', 'refName': '12130 Loans Receivable'}",
"{'links': [{'rel': 'self', 'href': 'https://7399703.suitetalk.api.netsuite.com/services/rest/record/v1/account/244/accountContextSearch'}]}",Loans Receivable NFL,12140,"{'id': 'OthCurrAsset', 'refName': 'Other Current Asset'}",False,False,False,244,True,False,False,False,2023-04-13T15:35:00Z,"{'links': [{'rel': 'self', 'href': 'https://7399703.suitetalk.api.netsuite.com/services/rest/record/v1/account/244/localizations'}]}","{'links': [{'rel': 'self', 'href': 'https://7399703.suitetalk.api.netsuite.com/services/rest/record/v1/account/244/subsidiary'}]}",,,"{'id': 'AVERAGE', 'refName': 'Average'}",,True,"{'id': 'CURRENT', 'refName': 'Current'}",,False,,12140,,"{'links': [{'rel': 'self', 'href': 'https://7399703.suitetalk.api.netsuite.com/services/rest/record/v1/account/234'}], 'id': '234', 'refName': '12130 Loans Receivable'}",
"{'links': [{'rel': 'self', 'href': 'https://7399703.suitetalk.api.netsuite.com/services/rest/record/v1/account/245/accountContextSearch'}]}",Loans Receivable PSO,12141,"{'id': 'OthCurrAsset', 'refName': 'Other Current Asset'}",False,False,False,245,True,False,False,False,2023-04-13T15:35:00Z,"{'links': [{'rel': 'self', 'href': 'https://7399703.suitetalk.api.netsuite.com/services/rest/record/v1/account/245/localizations'}]}","{'links': [{'rel': 'self', 'href': 'https://7399703.suitetalk.api.netsuite.com/services/rest/record/v1/account/245/subsidiary'}]}",,,"{'id': 'AVERAGE', 'refName': 'Average'}",,True,"{'id': 'CURRENT', 'refName': 'Current'}",,False,,12141,,"{'links': [{'rel': 'self', 'href': 'https://7399703.suitetalk.api.netsuite.com/services/rest/record/v1/account/234'}], 'id': '234', 'refName': '12130 Loans Receivable'}",
"{'links': [{'rel': 'self', 'href': 'https://7399703.suitetalk.api.netsuite.com/services/rest/record/v1/account/246/accountContextSearch'}]}",Loans Receivable Reece Spine,12142,"{'id': 'OthCurrAsset', 'refName': 'Other Current Asset'}",False,False,False,246,True,False,False,False,2023-04-13T15:34:00Z,"{'links': [{'rel': 'self', 'href': 'https://7399703.suitetalk.api.netsuite.com/services/rest/record/v1/account/246/localizations'}]}","{'links': [{'rel': 'self', 'href': 'https://7399703.suitetalk.api.netsuite.com/services/rest/record/v1/account/246/subsidiary'}]}",,,"{'id': 'AVERAGE', 'refName': 'Average'}",,True,"{'id': 'CURRENT', 'refName': 'Current'}",,False,,12142,,"{'links': [{'rel': 'self', 'href': 'https://7399703.suitetalk.api.netsuite.com/services/rest/record/v1/account/234'}], 'id': '234', 'refName': '12130 Loans Receivable'}",
"{'links': [{'rel': 'self', 'href': 'https://7399703.suitetalk.api.netsuite.com/services/rest/record/v1/account/247/accountContextSearch'}]}",Loans Receivable RWB I,12143,"{'id': 'OthCurrAsset', 'refName': 'Other Current Asset'}",False,False,False,247,True,False,False,False,2023-04-13T15:36:00Z,"{'links': [{'rel': 'self', 'href': 'https://7399703.suitetalk.api.netsuite.com/services/rest/record/v1/account/247/localizations'}]}","{'links': [{'rel': 'self', 'href': 'https://7399703.suitetalk.api.netsuite.com/services/rest/record/v1/account/247/subsidiary'}]}",,,"{'id': 'AVERAGE', 'refName': 'Average'}",,True,"{'id': 'CURRENT', 'refName': 'Current'}",,False,,12143,,"{'links': [{'rel': 'self', 'href': 'https://7399703.suitetalk.api.netsuite.com/services/rest/record/v1/account/234'}], 'id': '234', 'refName': '12130 Loans Receivable'}",
"{'links': [{'rel': 'self', 'href': 'https://7399703.suitetalk.api.netsuite.com/services/rest/record/v1/account/248/accountContextSearch'}]}",Loans Receivable SOAR,12144,"{'id': 'OthCurrAsset', 'refName': 'Other Current Asset'}",False,False,False,248,True,False,False,False,2023-04-13T15:36:00Z,"{'links': [{'rel': 'self', 'href': 'https://7399703.suitetalk.api.netsuite.com/services/rest/record/v1/account/248/localizations'}]}","{'links': [{'rel': 'self', 'href': 'https://7399703.suitetalk.api.netsuite.com/services/rest/record/v1/account/248/subsidiary'}]}",,,"{'id': 'AVERAGE', 'refName': 'Average'}",,True,"{'id': 'CURRENT', 'refName': 'Current'}",,False,,12144,,"{'links': [{'rel': 'self', 'href': 'https://7399703.suitetalk.api.netsuite.com/services/rest/record/v1/account/234'}], 'id': '234', 'refName': '12130 Loans Receivable'}",
"{'links': [{'rel': 'self', 'href': 'https://7399703.suitetalk.api.netsuite.com/services/rest/record/v1/account/249/accountContextSearch'}]}",Loans Receivable SRM,12145,"{'id': 'OthCurrAsset', 'refName': 'Other Current Asset'}",False,False,False,249,True,False,False,False,2023-04-13T15:36:00Z,"{'links': [{'rel': 'self', 'href': 'https://7399703.suitetalk.api.netsuite.com/services/rest/record/v1/account/249/localizations'}]}","{'links': [{'rel': 'self', 'href': 'https://7399703.suitetalk.api.netsuite.com/services/rest/record/v1/account/249/subsidiary'}]}",,,"{'id': 'AVERAGE', 'refName': 'Average'}",,True,"{'id': 'CURRENT', 'refName': 'Current'}",,False,,12145,,"{'links': [{'rel': 'self', 'href': 'https://7399703.suitetalk.api.netsuite.com/services/rest/record/v1/account/234'}], 'id': '234', 'refName': '12130 Loans Receivable'}",
"{'links': [{'rel': 'self', 'href': 'https://7399703.suitetalk.api.netsuite.com/services/rest/record/v1/account/250/accountContextSearch'}]}",Loans Receivable SVS,12146,"{'id': 'OthCurrAsset', 'refName': 'Other Current Asset'}",False,False,False,250,True,False,False,False,2023-04-13T15:36:00Z,"{'links': [{'rel': 'self', 'href': 'https://7399703.suitetalk.api.netsuite.com/services/rest/record/v1/account/250/localizations'}]}","{'links': [{'rel': 'self', 'href': 'https://7399703.suitetalk.api.netsuite.com/services/rest/record/v1/account/250/subsidiary'}]}",,,"{'id': 'AVERAGE', 'refName': 'Average'}",,True,"{'id': 'CURRENT', 'refName': 'Current'}",,False,,12146,,"{'links': [{'rel': 'self', 'href': 'https://7399703.suitetalk.api.netsuite.com/services/rest/record/v1/account/234'}], 'id': '234', 'refName': '12130 Loans Receivable'}",
"{'links': [{'rel': 'self', 'href': 'https://7399703.suitetalk.api.netsuite.com/services/rest/record/v1/account/251/accountContextSearch'}]}",Loans Receivable TOS,12147,"{'id': 'OthCurrAsset', 'refName': 'Other Current Asset'}",False,False,False,251,True,False,False,False,2023-04-13T15:36:00Z,"{'links': [{'rel': 'self', 'href': 'https://7399703.suitetalk.api.netsuite.com/services/rest/record/v1/account/251/localizations'}]}","{'links': [{'rel': 'self', 'href': 'https://7399703.suitetalk.api.netsuite.com/services/rest/record/v1/account/251/subsidiary'}]}",,,"{'id': 'AVERAGE', 'refName': 'Average'}",,True,"{'id': 'CURRENT', 'refName': 'Current'}",,False,,12147,,"{'links': [{'rel': 'self', 'href': 'https://7399703.suitetalk.api.netsuite.com/services/rest/record/v1/account/234'}], 'id': '234', 'refName': '12130 Loans Receivable'}",
"{'links': [{'rel': 'self', 'href': 'https://7399703.suitetalk.api.netsuite.com/services/rest/record/v1/account/252/accountContextSearch'}]}",Loans Receivable TSSI,12148,"{'id': 'OthCurrAsset', 'refName': 'Other Current Asset'}",False,False,False,252,True,False,False,False,2023-04-13T15:36:00Z,"{'links': [{'rel': 'self', 'href': 'https://7399703.suitetalk.api.netsuite.com/services/rest/record/v1/account/252/localizations'}]}","{'links': [{'rel': 'self', 'href': 'https://7399703.suitetalk.api.netsuite.com/services/rest/record/v1/account/252/subsidiary'}]}",,,"{'id': 'AVERAGE', 'refName': 'Average'}",,True,"{'id': 'CURRENT', 'refName': 'Current'}",,False,,12148,,"{'links': [{'rel': 'self', 'href': 'https://7399703.suitetalk.api.netsuite.com/services/rest/record/v1/account/234'}], 'id': '234', 'refName': '12130 Loans Receivable'}",
"{'links': [{'rel': 'self', 'href': 'https://7399703.suitetalk.api.netsuite.com/services/rest/record/v1/account/253/accountContextSearch'}]}",Loans Receivable TX FMG,12149,"{'id': 'OthCurrAsset', 'refName': 'Other Current Asset'}",False,False,False,253,True,False,False,False,2023-04-13T15:36:00Z,"{'links': [{'rel': 'self', 'href': 'https://7399703.suitetalk.api.netsuite.com/services/rest/record/v1/account/253/localizations'}]}","{'links': [{'rel': 'self', 'href': 'https://7399703.suitetalk.api.netsuite.com/services/rest/record/v1/account/253/subsidiary'}]}",,,"{'id': 'AVERAGE', 'refName': 'Average'}",,True,"{'id': 'CURRENT', 'refName': 'Current'}",,False,,12149,,"{'links': [{'rel': 'self', 'href': 'https://7399703.suitetalk.api.netsuite.com/services/rest/record/v1/account/234'}], 'id': '234', 'refName': '12130 Loans Receivable'}",
"{'links': [{'rel': 'self', 'href': 'https://7399703.suitetalk.api.netsuite.com/services/rest/record/v1/account/254/accountContextSearch'}]}",Loans Receivable UMS,12150,"{'id': 'OthCurrAsset', 'refName': 'Other Current Asset'}",False,False,False,254,True,False,False,False,2023-04-13T15:36:00Z,"{'links': [{'rel': 'self', 'href': 'https://7399703.suitetalk.api.netsuite.com/services/rest/record/v1/account/254/localizations'}]}","{'links': [{'rel': 'self', 'href': 'https://7399703.suitetalk.api.netsuite.com/services/rest/record/v1/account/254/subsidiary'}]}",,,"{'id': 'AVERAGE', 'refName': 'Average'}",,True,"{'id': 'CURRENT', 'refName': 'Current'}",,False,,12150,,"{'links': [{'rel': 'self', 'href': 'https://7399703.suitetalk.api.netsuite.com/services/rest/record/v1/account/234'}], 'id': '234', 'refName': '12130 Loans Receivable'}",
"{'links': [{'rel': 'self', 'href': 'https://7399703.suitetalk.api.netsuite.com/services/rest/record/v1/account/255/accountContextSearch'}]}",Loans Receivable WTX,12151,"{'id': 'OthCurrAsset', 'refName': 'Other Current Asset'}",False,False,False,255,True,False,False,False,2023-04-13T15:36:00Z,"{'links': [{'rel': 'self', 'href': 'https://7399703.suitetalk.api.netsuite.com/services/rest/record/v1/account/255/localizations'}]}","{'links': [{'rel': 'self', 'href': 'https://7399703.suitetalk.api.netsuite.com/services/rest/record/v1/account/255/subsidiary'}]}",,,"{'id': 'AVERAGE', 'refName': 'Average'}",,True,"{'id': 'CURRENT', 'refName': 'Current'}",,False,,12151,,"{'links': [{'rel': 'self', 'href': 'https://7399703.suitetalk.api.netsuite.com/services/rest/record/v1/account/234'}], 'id': '234', 'refName': '12130 Loans Receivable'}",
"{'links': [{'rel': 'self', 'href': 'https://7399703.suitetalk.api.netsuite.com/services/rest/record/v1/account/1941/accountContextSearch'}]}",Loans Receivable RBS,12152,"{'id': 'OthCurrAsset', 'refName': 'Other Current Asset'}",False,False,False,1941,True,False,False,False,2023-04-13T15:36:00Z,"{'links': [{'rel': 'self', 'href': 'https://7399703.suitetalk.api.netsuite.com/services/rest/record/v1/account/1941/localizations'}]}","{'links': [{'rel': 'self', 'href': 'https://7399703.suitetalk.api.netsuite.com/services/rest/record/v1/account/1941/subsidiary'}]}",,,"{'id': 'AVERAGE', 'refName': 'Average'}",,True,"{'id': 'CURRENT', 'refName': 'Current'}",,False,,,,"{'links': [{'rel': 'self', 'href': 'https://7399703.suitetalk.api.netsuite.com/services/rest/record/v1/account/234'}], 'id': '234', 'refName': '12130 Loans Receivable'}",
"{'links': [{'rel': 'self', 'href': 'https://7399703.suitetalk.api.netsuite.com/services/rest/record/v1/account/1953/accountContextSearch'}]}",Loans Receivable Remedy,12153,"{'id': 'OthCurrAsset', 'refName': 'Other Current Asset'}",False,False,False,1953,True,False,False,False,2024-02-14T21:03:00Z,"{'links': [{'rel': 'self', 'href': 'https://7399703.suitetalk.api.netsuite.com/services/rest/record/v1/account/1953/localizations'}]}","{'links': [{'rel': 'self', 'href': 'https://7399703.suitetalk.api.netsuite.com/services/rest/record/v1/account/1953/subsidiary'}]}",,,"{'id': 'AVERAGE', 'refName': 'Average'}",,True,"{'id': 'CURRENT', 'refName': 'Current'}",,False,,,,"{'links': [{'rel': 'self', 'href': 'https://7399703.suitetalk.api.netsuite.com/services/rest/record/v1/account/234'}], 'id': '234', 'refName': '12130 Loans Receivable'}",
"{'links': [{'rel': 'self', 'href': 'https://7399703.suitetalk.api.netsuite.com/services/rest/record/v1/account/1957/accountContextSearch'}]}",Loans Receivable AI,12154,"{'id': 'OthCurrAsset', 'refName': 'Other Current Asset'}",False,False,False,1957,True,False,False,False,2023-04-13T15:36:00Z,"{'links': [{'rel': 'self', 'href': 'https://7399703.suitetalk.api.netsuite.com/services/rest/record/v1/account/1957/localizations'}]}","{'links': [{'rel': 'self', 'href': 'https://7399703.suitetalk.api.netsuite.com/services/rest/record/v1/account/1957/subsidiary'}]}",,,"{'id': 'AVERAGE', 'refName': 'Average'}",,True,"{'id': 'CURRENT', 'refName': 'Current'}",,False,,,,"{'links': [{'rel': 'self', 'href': 'https://7399703.suitetalk.api.netsuite.com/services/rest/record/v1/account/234'}], 'id': '234', 'refName': '12130 Loans Receivable'}",
"{'links': [{'rel': 'self', 'href': 'https://7399703.suitetalk.api.netsuite.com/services/rest/record/v1/account/1977/accountContextSearch'}]}",Loans Receivable UJH,12155,"{'id': 'OthCurrAsset', 'refName': 'Other Current Asset'}",False,False,False,1977,True,False,False,False,2023-04-20T14:32:00Z,"{'links': [{'rel': 'self', 'href': 'https://7399703.suitetalk.api.netsuite.com/services/rest/record/v1/account/1977/localizations'}]}","{'links': [{'rel': 'self', 'href': 'https://7399703.suitetalk.api.netsuite.com/services/rest/record/v1/account/1977/subsidiary'}]}",,,"{'id': 'AVERAGE', 'refName': 'Average'}",,True,"{'id': 'CURRENT', 'refName': 'Current'}",,False,,,,"{'links': [{'rel': 'self', 'href': 'https://7399703.suitetalk.api.netsuite.com/services/rest/record/v1/account/234'}], 'id': '234', 'refName': '12130 Loans Receivable'}",
"{'links': [{'rel': 'self', 'href': 'https://7399703.suitetalk.api.netsuite.com/services/rest/record/v1/account/2027/accountContextSearch'}]}",Loans Receivable SDC,12156,"{'id': 'OthCurrAsset', 'refName': 'Other Current Asset'}",False,False,False,2027,True,False,False,False,2023-06-29T16:56:00Z,"{'links': [{'rel': 'self', 'href': 'https://7399703.suitetalk.api.netsuite.com/services/rest/record/v1/account/2027/localizations'}]}","{'links': [{'rel': 'self', 'href': 'https://7399703.suitetalk.api.netsuite.com/services/rest/record/v1/account/2027/subsidiary'}]}",,,"{'id': 'AVERAGE', 'refName': 'Average'}",,True,"{'id': 'CURRENT', 'refName': 'Current'}",,False,,,,"{'links': [{'rel': 'self', 'href': 'https://7399703.suitetalk.api.netsuite.com/services/rest/record/v1/account/234'}], 'id': '234', 'refName': '12130 Loans Receivable'}",
"{'links': [{'rel': 'self', 'href': 'https://7399703.suitetalk.api.netsuite.com/services/rest/record/v1/account/2039/accountContextSearch'}]}",Loans Receivable Omada,12157,"{'id': 'OthCurrAsset', 'refName': 'Other Current Asset'}",False,False,False,2039,True,False,False,False,2023-08-04T18:00:00Z,"{'links': [{'rel': 'self', 'href': 'https://7399703.suitetalk.api.netsuite.com/services/rest/record/v1/account/2039/localizations'}]}","{'links': [{'rel': 'self', 'href': 'https://7399703.suitetalk.api.netsuite.com/services/rest/record/v1/account/2039/subsidiary'}]}",,,"{'id': 'AVERAGE', 'refName': 'Average'}",,True,"{'id': 'CURRENT', 'refName': 'Current'}",,False,,,,"{'links': [{'rel': 'self', 'href': 'https://7399703.suitetalk.api.netsuite.com/services/rest/record/v1/account/234'}], 'id': '234', 'refName': '12130 Loans Receivable'}",
"{'links': [{'rel': 'self', 'href': 'https://7399703.suitetalk.api.netsuite.com/services/rest/record/v1/account/2040/accountContextSearch'}]}",Loans Receivable LCPA,12158,"{'id': 'OthCurrAsset', 'refName': 'Other Current Asset'}",False,False,False,2040,True,False,False,False,2023-08-04T18:02:00Z,"{'links': [{'rel': 'self', 'href': 'https://7399703.suitetalk.api.netsuite.com/services/rest/record/v1/account/2040/localizations'}]}","{'links': [{'rel': 'self', 'href': 'https://7399703.suitetalk.api.netsuite.com/services/rest/record/v1/account/2040/subsidiary'}]}",,,"{'id': 'AVERAGE', 'refName': 'Average'}",,True,"{'id': 'CURRENT', 'refName': 'Current'}",,False,,,,"{'links': [{'rel': 'self', 'href': 'https://7399703.suitetalk.api.netsuite.com/services/rest/record/v1/account/234'}], 'id': '234', 'refName': '12130 Loans Receivable'}",
"{'links': [{'rel': 'self', 'href': 'https://7399703.suitetalk.api.netsuite.com/services/rest/record/v1/account/2262/accountContextSearch'}]}",Loans Receivable CMG NC,12159,"{'id': 'OthCurrAsset', 'refName': 'Other Current Asset'}",False,False,False,2262,True,False,False,False,2023-09-25T17:24:00Z,"{'links': [{'rel': 'self', 'href': 'https://7399703.suitetalk.api.netsuite.com/services/rest/record/v1/account/2262/localizations'}]}","{'links': [{'rel': 'self', 'href': 'https://7399703.suitetalk.api.netsuite.com/services/rest/record/v1/account/2262/subsidiary'}]}",,,"{'id': 'AVERAGE', 'refName': 'Average'}",,True,"{'id': 'CURRENT', 'refName': 'Current'}",,False,,,,"{'links': [{'rel': 'self', 'href': 'https://7399703.suitetalk.api.netsuite.com/services/rest/record/v1/account/234'}], 'id': '234', 'refName': '12130 Loans Receivable'}",
"{'links': [{'rel': 'self', 'href': 'https://7399703.suitetalk.api.netsuite.com/services/rest/record/v1/account/1836/accountContextSearch'}]}",Loans to Owner,12160,"{'id': 'OthCurrAsset', 'refName': 'Other Current Asset'}",False,False,False,1836,True,False,False,False,2022-06-07T16:41:00Z,"{'links': [{'rel': 'self', 'href': 'https://7399703.suitetalk.api.netsuite.com/services/rest/record/v1/account/1836/localizations'}]}","{'links': [{'rel': 'self', 'href': 'https://7399703.suitetalk.api.netsuite.com/services/rest/record/v1/account/1836/subsidiary'}]}",,,"{'id': 'AVERAGE', 'refName': 'Average'}",,False,"{'id': 'CURRENT', 'refName': 'Current'}",,False,,,,"{'links': [{'rel': 'self', 'href': 'https://7399703.suitetalk.api.netsuite.com/services/rest/record/v1/account/234'}], 'id': '234', 'refName': '12130 Loans Receivable'}",
"{'links': [{'rel': 'self', 'href': 'https://7399703.suitetalk.api.netsuite.com/services/rest/record/v1/account/2465/accountContextSearch'}]}",Loans Receivable WRARG,12161,"{'id': 'OthCurrAsset', 'refName': 'Other Current Asset'}",False,False,False,2465,True,False,False,False,2023-10-20T15:13:00Z,"{'links': [{'rel': 'self', 'href': 'https://7399703.suitetalk.api.netsuite.com/services/rest/record/v1/account/2465/localizations'}]}","{'links': [{'rel': 'self', 'href': 'https://7399703.suitetalk.api.netsuite.com/services/rest/record/v1/account/2465/subsidiary'}]}",,,"{'id': 'AVERAGE', 'refName': 'Average'}","{'links': [{'rel': 'self', 'href': 'https://7399703.suitetalk.api.netsuite.com/services/rest/record/v1/currency/1'}], 'id': '1', 'refName': 'USD'}",True,"{'id': 'CURRENT', 'refName': 'Current'}",,False,,,,"{'links': [{'rel': 'self', 'href': 'https://7399703.suitetalk.api.netsuite.com/services/rest/record/v1/account/234'}], 'id': '234', 'refName': '12130 Loans Receivable'}",
"{'links': [{'rel': 'self', 'href': 'https://7399703.suitetalk.api.netsuite.com/services/rest/record/v1/account/2480/accountContextSearch'}]}",Loans Receivable Med Source,12162,"{'id': 'OthCurrAsset', 'refName': 'Other Current Asset'}",False,False,False,2480,True,False,False,False,2023-11-28T16:44:00Z,"{'links': [{'rel': 'self', 'href': 'https://7399703.suitetalk.api.netsuite.com/services/rest/record/v1/account/2480/localizations'}]}","{'links': [{'rel': 'self', 'href': 'https://7399703.suitetalk.api.netsuite.com/services/rest/record/v1/account/2480/subsidiary'}]}",,,"{'id': 'AVERAGE', 'refName': 'Average'}",,True,"{'id': 'CURRENT', 'refName': 'Current'}",,False,,,,"{'links': [{'rel': 'self', 'href': 'https://7399703.suitetalk.api.netsuite.com/services/rest/record/v1/account/234'}], 'id': '234', 'refName': '12130 Loans Receivable'}",
"{'links': [{'rel': 'self', 'href': 'https://7399703.suitetalk.api.netsuite.com/services/rest/record/v1/account/2481/accountContextSearch'}]}",Loans Receivable ARG II,12163,"{'id': 'OthCurrAsset', 'refName': 'Other Current Asset'}",False,False,False,2481,True,False,False,False,2023-11-28T16:45:00Z,"{'links': [{'rel': 'self', 'href': 'https://7399703.suitetalk.api.netsuite.com/services/rest/record/v1/account/2481/localizations'}]}","{'links': [{'rel': 'self', 'href': 'https://7399703.suitetalk.api.netsuite.com/services/rest/record/v1/account/2481/subsidiary'}]}",,,"{'id': 'AVERAGE', 'refName': 'Average'}",,True,"{'id': 'CURRENT', 'refName': 'Current'}",,False,,,,"{'links': [{'rel': 'self', 'href': 'https://7399703.suitetalk.api.netsuite.com/services/rest/record/v1/account/234'}], 'id': '234', 'refName': '12130 Loans Receivable'}",
"{'links': [{'rel': 'self', 'href': 'https://7399703.suitetalk.api.netsuite.com/services/rest/record/v1/account/2482/accountContextSearch'}]}",Loans Receivable AI DFW,12164,"{'id': 'OthCurrAsset', 'refName': 'Other Current Asset'}",False,False,False,2482,True,False,False,False,2023-11-28T16:45:00Z,"{'links': [{'rel': 'self', 'href': 'https://7399703.suitetalk.api.netsuite.com/services/rest/record/v1/account/2482/localizations'}]}","{'links': [{'rel': 'self', 'href': 'https://7399703.suitetalk.api.netsuite.com/services/rest/record/v1/account/2482/subsidiary'}]}",,,"{'id': 'AVERAGE', 'refName': 'Average'}",,True,"{'id': 'CURRENT', 'refName': 'Current'}",,False,,,,"{'links': [{'rel': 'self', 'href': 'https://7399703.suitetalk.api.netsuite.com/services/rest/record/v1/account/234'}], 'id': '234', 'refName': '12130 Loans Receivable'}",
"{'links': [{'rel': 'self', 'href': 'https://7399703.suitetalk.api.netsuite.com/services/rest/record/v1/account/2483/accountContextSearch'}]}",Loans Receivable INSP,12165,"{'id': 'OthCurrAsset', 'refName': 'Other Current Asset'}",False,False,False,2483,True,False,False,False,2023-11-28T16:46:00Z,"{'links': [{'rel': 'self', 'href': 'https://7399703.suitetalk.api.netsuite.com/services/rest/record/v1/account/2483/localizations'}]}","{'links': [{'rel': 'self', 'href': 'https://7399703.suitetalk.api.netsuite.com/services/rest/record/v1/account/2483/subsidiary'}]}",,,"{'id': 'AVERAGE', 'refName': 'Average'}",,True,"{'id': 'CURRENT', 'refName': 'Current'}",,False,,,,"{'links': [{'rel': 'self', 'href': 'https://7399703.suitetalk.api.netsuite.com/services/rest/record/v1/account/234'}], 'id': '234', 'refName': '12130 Loans Receivable'}",
"{'links': [{'rel': 'self', 'href': 'https://7399703.suitetalk.api.netsuite.com/services/rest/record/v1/account/2503/accountContextSearch'}]}",Loans Receivable FLY Owl,12166,"{'id': 'OthCurrAsset', 'refName': 'Other Current Asset'}",False,False,False,2503,True,False,False,False,2024-02-14T22:02:00Z,"{'links': [{'rel': 'self', 'href': 'https://7399703.suitetalk.api.netsuite.com/services/rest/record/v1/account/2503/localizations'}]}","{'links': [{'rel': 'self', 'href': 'https://7399703.suitetalk.api.netsuite.com/services/rest/record/v1/account/2503/subsidiary'}]}",,,"{'id': 'AVERAGE', 'refName': 'Average'}",,True,"{'id': 'CURRENT', 'refName': 'Current'}",,False,,,,"{'links': [{'rel': 'self', 'href': 'https://7399703.suitetalk.api.netsuite.com/services/rest/record/v1/account/234'}], 'id': '234', 'refName': '12130 Loans Receivable'}",
"{'links': [{'rel': 'self', 'href': 'https://7399703.suitetalk.api.netsuite.com/services/rest/record/v1/account/2508/accountContextSearch'}]}",Loans Receivable Omada RV,12167,"{'id': 'OthCurrAsset', 'refName': 'Other Current Asset'}",False,False,False,2508,True,False,False,False,2024-03-13T17:09:00Z,"{'links': [{'rel': 'self', 'href': 'https://7399703.suitetalk.api.netsuite.com/services/rest/record/v1/account/2508/localizations'}]}","{'links': [{'rel': 'self', 'href': 'https://7399703.suitetalk.api.netsuite.com/services/rest/record/v1/account/2508/subsidiary'}]}",,,"{'id': 'AVERAGE', 'refName': 'Average'}",,True,"{'id': 'CURRENT', 'refName': 'Current'}",,False,,,,"{'links': [{'rel': 'self', 'href': 'https://7399703.suitetalk.api.netsuite.com/services/rest/record/v1/account/234'}], 'id': '234', 'refName': '12130 Loans Receivable'}",
"{'links': [{'rel': 'self', 'href': 'https://7399703.suitetalk.api.netsuite.com/services/rest/record/v1/account/2501/accountContextSearch'}]}",Loans Receivable Reece Capital,12168,"{'id': 'OthCurrAsset', 'refName': 'Other Current Asset'}",False,False,False,2501,True,False,False,False,2024-03-22T14:41:00Z,"{'links': [{'rel': 'self', 'href': 'https://7399703.suitetalk.api.netsuite.com/services/rest/record/v1/account/2501/localizations'}]}","{'links': [{'rel': 'self', 'href': 'https://7399703.suitetalk.api.netsuite.com/services/rest/record/v1/account/2501/subsidiary'}]}",,,"{'id': 'AVERAGE', 'refName': 'Average'}",,True,"{'id': 'CURRENT', 'refName': 'Current'}",,False,,,,"{'links': [{'rel': 'self', 'href': 'https://7399703.suitetalk.api.netsuite.com/services/rest/record/v1/account/234'}], 'id': '234', 'refName': '12130 Loans Receivable'}",
"{'links': [{'rel': 'self', 'href': 'https://7399703.suitetalk.api.netsuite.com/services/rest/record/v1/account/2739/accountContextSearch'}]}",Loans Receivable Ramila & Associates,12169,"{'id': 'OthCurrAsset', 'refName': 'Other Current Asset'}",False,False,False,2739,True,False,False,False,2024-08-13T19:57:00Z,"{'links': [{'rel': 'self', 'href': 'https://7399703.suitetalk.api.netsuite.com/services/rest/record/v1/account/2739/localizations'}]}","{'links': [{'rel': 'self', 'href': 'https://7399703.suitetalk.api.netsuite.com/services/rest/record/v1/account/2739/subsidiary'}]}",,,"{'id': 'AVERAGE', 'refName': 'Average'}",,False,"{'id': 'CURRENT', 'refName': 'Current'}",,False,,,,"{'links': [{'rel': 'self', 'href': 'https://7399703.suitetalk.api.netsuite.com/services/rest/record/v1/account/234'}], 'id': '234', 'refName': '12130 Loans Receivable'}",
"{'links': [{'rel': 'self', 'href': 'https://7399703.suitetalk.api.netsuite.com/services/rest/record/v1/account/2740/accountContextSearch'}]}",Loan Receivable from Dr Hothem,12170,"{'id': 'OthCurrAsset', 'refName': 'Other Current Asset'}",False,False,False,2740,True,False,False,False,2024-08-22T18:12:00Z,"{'links': [{'rel': 'self', 'href': 'https://7399703.suitetalk.api.netsuite.com/services/rest/record/v1/account/2740/localizations'}]}","{'links': [{'rel': 'self', 'href': 'https://7399703.suitetalk.api.netsuite.com/services/rest/record/v1/account/2740/subsidiary'}]}",,,"{'id': 'AVERAGE', 'refName': 'Average'}",,False,"{'id': 'CURRENT', 'refName': 'Current'}",,False,,,,,
"{'links': [{'rel': 'self', 'href': 'https://7399703.suitetalk.api.netsuite.com/services/rest/record/v1/account/256/accountContextSearch'}]}",Income Tax Receivable,12175,"{'id': 'OthCurrAsset', 'refName': 'Other Current Asset'}",False,False,False,256,True,False,False,False,2022-04-25T19:52:00Z,"{'links': [{'rel': 'self', 'href': 'https://7399703.suitetalk.api.netsuite.com/services/rest/record/v1/account/256/localizations'}]}","{'links': [{'rel': 'self', 'href': 'https://7399703.suitetalk.api.netsuite.com/services/rest/record/v1/account/256/subsidiary'}]}",,,"{'id': 'AVERAGE', 'refName': 'Average'}",,False,"{'id': 'CURRENT', 'refName': 'Current'}",,False,,12175,,,
"{'links': [{'rel': 'self', 'href': 'https://7399703.suitetalk.api.netsuite.com/services/rest/record/v1/account/122/accountContextSearch'}]}",Undeposited Funds,12180,"{'id': 'OthCurrAsset', 'refName': 'Other Current Asset'}",False,False,False,122,True,False,False,False,2022-04-25T19:53:00Z,"{'links': [{'rel': 'self', 'href': 'https://7399703.suitetalk.api.netsuite.com/services/rest/record/v1/account/122/localizations'}]}","{'links': [{'rel': 'self', 'href': 'https://7399703.suitetalk.api.netsuite.com/services/rest/record/v1/account/122/subsidiary'}]}",,,"{'id': 'AVERAGE', 'refName': 'Average'}",,False,"{'id': 'CURRENT', 'refName': 'Current'}",,False,,12180,,,"{'id': 'UndepFunds', 'refName': 'UndepFunds'}"
"{'links': [{'rel': 'self', 'href': 'https://7399703.suitetalk.api.netsuite.com/services/rest/record/v1/account/1983/accountContextSearch'}]}",Receivables due from Partners,12181,"{'id': 'OthCurrAsset', 'refName': 'Other Current Asset'}",False,False,False,1983,True,False,False,False,2023-05-02T16:43:00Z,"{'links': [{'rel': 'self', 'href': 'https://7399703.suitetalk.api.netsuite.com/services/rest/record/v1/account/1983/localizations'}]}","{'links': [{'rel': 'self', 'href': 'https://7399703.suitetalk.api.netsuite.com/services/rest/record/v1/account/1983/subsidiary'}]}",,,"{'id': 'AVERAGE', 'refName': 'Average'}",,False,"{'id': 'CURRENT', 'refName': 'Current'}",,False,,,,,
"{'links': [{'rel': 'self', 'href': 'https://7399703.suitetalk.api.netsuite.com/services/rest/record/v1/account/2735/accountContextSearch'}]}",Deposits in Transit,12183,"{'id': 'OthCurrAsset', 'refName': 'Other Current Asset'}",False,False,False,2735,True,False,False,False,2024-07-26T17:57:00Z,"{'links': [{'rel': 'self', 'href': 'https://7399703.suitetalk.api.netsuite.com/services/rest/record/v1/account/2735/localizations'}]}","{'links': [{'rel': 'self', 'href': 'https://7399703.suitetalk.api.netsuite.com/services/rest/record/v1/account/2735/subsidiary'}]}",,,"{'id': 'AVERAGE', 'refName': 'Average'}",,False,"{'id': 'CURRENT', 'refName': 'Current'}",,False,,,,,
"{'links': [{'rel': 'self', 'href': 'https://7399703.suitetalk.api.netsuite.com/services/rest/record/v1/account/257/accountContextSearch'}]}",Interest Receivable,12185,"{'id': 'OthCurrAsset', 'refName': 'Other Current Asset'}",False,False,False,257,True,False,False,False,2022-04-25T19:52:00Z,"{'links': [{'rel': 'self', 'href': 'https://7399703.suitetalk.api.netsuite.com/services/rest/record/v1/account/257/localizations'}]}","{'links': [{'rel': 'self', 'href': 'https://7399703.suitetalk.api.netsuite.com/services/rest/record/v1/account/257/subsidiary'}]}",,,"{'id': 'AVERAGE', 'refName': 'Average'}",,False,"{'id': 'CURRENT', 'refName': 'Current'}",,False,,12185,,,
"{'links': [{'rel': 'self', 'href': 'https://7399703.suitetalk.api.netsuite.com/services/rest/record/v1/account/1951/accountContextSearch'}]}",Interest Receivable,12186,"{'id': 'OthCurrAsset', 'refName': 'Other Current Asset'}",False,False,False,1951,True,False,False,False,2023-04-13T15:37:00Z,"{'links': [{'rel': 'self', 'href': 'https://7399703.suitetalk.api.netsuite.com/services/rest/record/v1/account/1951/localizations'}]}","{'links': [{'rel': 'self', 'href': 'https://7399703.suitetalk.api.netsuite.com/services/rest/record/v1/account/1951/subsidiary'}]}",,,"{'id': 'AVERAGE', 'refName': 'Average'}",,True,"{'id': 'CURRENT', 'refName': 'Current'}",,False,,,,"{'links': [{'rel': 'self', 'href': 'https://7399703.suitetalk.api.netsuite.com/services/rest/record/v1/account/257'}], 'id': '257', 'refName': '12185 Interest Receivable'}",
"{'links': [{'rel': 'self', 'href': 'https://7399703.suitetalk.api.netsuite.com/services/rest/record/v1/account/1133/accountContextSearch'}]}",Interest Receivable on Loans to Owner,12195,"{'id': 'OthCurrAsset', 'refName': 'Other Current Asset'}",False,False,False,1133,True,False,False,False,2022-05-10T14:49:00Z,"{'links': [{'rel': 'self', 'href': 'https://7399703.suitetalk.api.netsuite.com/services/rest/record/v1/account/1133/localizations'}]}","{'links': [{'rel': 'self', 'href': 'https://7399703.suitetalk.api.netsuite.com/services/rest/record/v1/account/1133/subsidiary'}]}",,,"{'id': 'AVERAGE', 'refName': 'Average'}",,False,"{'id': 'CURRENT', 'refName': 'Current'}",,False,,,,"{'links': [{'rel': 'self', 'href': 'https://7399703.suitetalk.api.netsuite.com/services/rest/record/v1/account/257'}], 'id': '257', 'refName': '12185 Interest Receivable'}",
"{'links': [{'rel': 'self', 'href': 'https://7399703.suitetalk.api.netsuite.com/services/rest/record/v1/account/1134/accountContextSearch'}]}",Test Rent Expense,12345678,"{'id': 'Expense', 'refName': 'Expense'}",False,False,False,1134,True,False,False,False,2022-05-17T19:57:00Z,"{'links': [{'rel': 'self', 'href': 'https://7399703.suitetalk.api.netsuite.com/services/rest/record/v1/account/1134/localizations'}]}","{'links': [{'rel': 'self', 'href': 'https://7399703.suitetalk.api.netsuite.com/services/rest/record/v1/account/1134/subsidiary'}]}",,,"{'id': 'AVERAGE', 'refName': 'Average'}",,False,"{'id': 'AVERAGE', 'refName': 'Average'}",,False,,,,,
"{'links': [{'rel': 'self', 'href': 'https://7399703.suitetalk.api.netsuite.com/services/rest/record/v1/account/1993/accountContextSearch'}]}",Notes Receivable - Medifacts,13031,"{'id': 'OthCurrAsset', 'refName': 'Other Current Asset'}",False,False,False,1993,False,False,False,False,2023-05-03T19:43:00Z,"{'links': [{'rel': 'self', 'href': 'https://7399703.suitetalk.api.netsuite.com/services/rest/record/v1/account/1993/localizations'}]}","{'links': [{'rel': 'self', 'href': 'https://7399703.suitetalk.api.netsuite.com/services/rest/record/v1/account/1993/subsidiary'}]}",,,"{'id': 'AVERAGE', 'refName': 'Average'}",,False,"{'id': 'CURRENT', 'refName': 'Current'}",,False,,,,,
"{'links': [{'rel': 'self', 'href': 'https://7399703.suitetalk.api.netsuite.com/services/rest/record/v1/account/1992/accountContextSearch'}]}",Notes Receivable - AL Shaw/TPMA,13041,"{'id': 'OthCurrAsset', 'refName': 'Other Current Asset'}",False,False,False,1992,False,False,False,False,2023-05-03T19:42:00Z,"{'links': [{'rel': 'self', 'href': 'https://7399703.suitetalk.api.netsuite.com/services/rest/record/v1/account/1992/localizations'}]}","{'links': [{'rel': 'self', 'href': 'https://7399703.suitetalk.api.netsuite.com/services/rest/record/v1/account/1992/subsidiary'}]}",,,"{'id': 'AVERAGE', 'refName': 'Average'}",,False,"{'id': 'CURRENT', 'refName': 'Current'}",,False,,,,,
"{'links': [{'rel': 'self', 'href': 'https://7399703.suitetalk.api.netsuite.com/services/rest/record/v1/account/1994/accountContextSearch'}]}",Notes Receivable - AHM,13061,"{'id': 'OthCurrAsset', 'refName': 'Other Current Asset'}",False,False,False,1994,False,False,False,False,2023-05-03T19:46:00Z,"{'links': [{'rel': 'self', 'href': 'https://7399703.suitetalk.api.netsuite.com/services/rest/record/v1/account/1994/localizations'}]}","{'links': [{'rel': 'self', 'href': 'https://7399703.suitetalk.api.netsuite.com/services/rest/record/v1/account/1994/subsidiary'}]}",,,"{'id': 'AVERAGE', 'refName': 'Average'}",,False,"{'id': 'CURRENT', 'refName': 'Current'}",,False,,,,,
"{'links': [{'rel': 'self', 'href': 'https://7399703.suitetalk.api.netsuite.com/services/rest/record/v1/account/2754/accountContextSearch'}]}",Escrow Receivable,13099,"{'id': 'OthCurrAsset', 'refName': 'Other Current Asset'}",False,False,False,2754,True,False,False,False,2024-08-28T14:54:00Z,"{'links': [{'rel': 'self', 'href': 'https://7399703.suitetalk.api.netsuite.com/services/rest/record/v1/account/2754/localizations'}]}","{'links': [{'rel': 'self', 'href': 'https://7399703.suitetalk.api.netsuite.com/services/rest/record/v1/account/2754/subsidiary'}]}",,,"{'id': 'AVERAGE', 'refName': 'Average'}",,False,"{'id': 'CURRENT', 'refName': 'Current'}",,False,,,,,
"{'links': [{'rel': 'self', 'href': 'https://7399703.suitetalk.api.netsuite.com/services/rest/record/v1/account/258/accountContextSearch'}]}",Buildings & Improvements,13100,"{'id': 'FixedAsset', 'refName': 'Fixed Asset'}",False,False,False,258,True,False,False,False,2022-04-25T19:51:00Z,"{'links': [{'rel': 'self', 'href': 'https://7399703.suitetalk.api.netsuite.com/services/rest/record/v1/account/258/localizations'}]}","{'links': [{'rel': 'self', 'href': 'https://7399703.suitetalk.api.netsuite.com/services/rest/record/v1/account/258/subsidiary'}]}",,,"{'id': 'AVERAGE', 'refName': 'Average'}",,False,"{'id': 'CURRENT', 'refName': 'Current'}",,False,,13100,,,
"{'links': [{'rel': 'self', 'href': 'https://7399703.suitetalk.api.netsuite.com/services/rest/record/v1/account/259/accountContextSearch'}]}",Furniture,13105,"{'id': 'FixedAsset', 'refName': 'Fixed Asset'}",False,False,False,259,True,False,False,False,2022-04-25T19:52:00Z,"{'links': [{'rel': 'self', 'href': 'https://7399703.suitetalk.api.netsuite.com/services/rest/record/v1/account/259/localizations'}]}","{'links': [{'rel': 'self', 'href': 'https://7399703.suitetalk.api.netsuite.com/services/rest/record/v1/account/259/subsidiary'}]}",,,"{'id': 'AVERAGE', 'refName': 'Average'}",,False,"{'id': 'CURRENT', 'refName': 'Current'}",,False,,13105,,,
"{'links': [{'rel': 'self', 'href': 'https://7399703.suitetalk.api.netsuite.com/services/rest/record/v1/account/260/accountContextSearch'}]}",Computers & Software,13110,"{'id': 'FixedAsset', 'refName': 'Fixed Asset'}",False,False,False,260,True,False,False,False,2022-04-25T19:51:00Z,"{'links': [{'rel': 'self', 'href': 'https://7399703.suitetalk.api.netsuite.com/services/rest/record/v1/account/260/localizations'}]}","{'links': [{'rel': 'self', 'href': 'https://7399703.suitetalk.api.netsuite.com/services/rest/record/v1/account/260/subsidiary'}]}",,,"{'id': 'AVERAGE', 'refName': 'Average'}",,False,"{'id': 'CURRENT', 'refName': 'Current'}",,False,,13110,,,
"{'links': [{'rel': 'self', 'href': 'https://7399703.suitetalk.api.netsuite.com/services/rest/record/v1/account/1997/accountContextSearch'}]}",Section 754 Asset,13111,"{'id': 'FixedAsset', 'refName': 'Fixed Asset'}",False,False,False,1997,False,False,False,False,2023-05-03T20:02:00Z,"{'links': [{'rel': 'self', 'href': 'https://7399703.suitetalk.api.netsuite.com/services/rest/record/v1/account/1997/localizations'}]}","{'links': [{'rel': 'self', 'href': 'https://7399703.suitetalk.api.netsuite.com/services/rest/record/v1/account/1997/subsidiary'}]}",,,"{'id': 'AVERAGE', 'refName': 'Average'}",,False,"{'id': 'CURRENT', 'refName': 'Current'}",,False,,,,,
"{'links': [{'rel': 'self', 'href': 'https://7399703.suitetalk.api.netsuite.com/services/rest/record/v1/account/261/accountContextSearch'}]}",Medical Equipment,13115,"{'id': 'FixedAsset', 'refName': 'Fixed Asset'}",False,False,False,261,True,False,False,False,2022-04-25T19:52:00Z,"{'links': [{'rel': 'self', 'href': 'https://7399703.suitetalk.api.netsuite.com/services/rest/record/v1/account/261/localizations'}]}","{'links': [{'rel': 'self', 'href': 'https://7399703.suitetalk.api.netsuite.com/services/rest/record/v1/account/261/subsidiary'}]}",,,"{'id': 'AVERAGE', 'refName': 'Average'}",,False,"{'id': 'CURRENT', 'refName': 'Current'}",,False,,13115,,,
"{'links': [{'rel': 'self', 'href': 'https://7399703.suitetalk.api.netsuite.com/services/rest/record/v1/account/262/accountContextSearch'}]}",Leasehold Improvements,13120,"{'id': 'FixedAsset', 'refName': 'Fixed Asset'}",False,False,False,262,True,False,False,False,2022-04-25T19:52:00Z,"{'links': [{'rel': 'self', 'href': 'https://7399703.suitetalk.api.netsuite.com/services/rest/record/v1/account/262/localizations'}]}","{'links': [{'rel': 'self', 'href': 'https://7399703.suitetalk.api.netsuite.com/services/rest/record/v1/account/262/subsidiary'}]}",,,"{'id': 'AVERAGE', 'refName': 'Average'}",,False,"{'id': 'CURRENT', 'refName': 'Current'}",,False,,13120,,,
"{'links': [{'rel': 'self', 'href': 'https://7399703.suitetalk.api.netsuite.com/services/rest/record/v1/account/263/accountContextSearch'}]}",Property Plant and Equipment,13125,"{'id': 'FixedAsset', 'refName': 'Fixed Asset'}",False,False,False,263,True,False,False,False,2022-04-25T19:53:00Z,"{'links': [{'rel': 'self', 'href': 'https://7399703.suitetalk.api.netsuite.com/services/rest/record/v1/account/263/localizations'}]}","{'links': [{'rel': 'self', 'href': 'https://7399703.suitetalk.api.netsuite.com/services/rest/record/v1/account/263/subsidiary'}]}",,,"{'id': 'AVERAGE', 'refName': 'Average'}",,False,"{'id': 'CURRENT', 'refName': 'Current'}",,False,,13125,,,
"{'links': [{'rel': 'self', 'href': 'https://7399703.suitetalk.api.netsuite.com/services/rest/record/v1/account/2615/accountContextSearch'}]}",PP&E (Work in Progess),13126,"{'id': 'FixedAsset', 'refName': 'Fixed Asset'}",False,False,False,2615,True,False,False,False,2024-04-30T13:37:00Z,"{'links': [{'rel': 'self', 'href': 'https://7399703.suitetalk.api.netsuite.com/services/rest/record/v1/account/2615/localizations'}]}","{'links': [{'rel': 'self', 'href': 'https://7399703.suitetalk.api.netsuite.com/services/rest/record/v1/account/2615/subsidiary'}]}",,,"{'id': 'AVERAGE', 'refName': 'Average'}",,False,"{'id': 'CURRENT', 'refName': 'Current'}",,False,,,,,
"{'links': [{'rel': 'self', 'href': 'https://7399703.suitetalk.api.netsuite.com/services/rest/record/v1/account/1031/accountContextSearch'}]}",Licensure,13130,"{'id': 'FixedAsset', 'refName': 'Fixed Asset'}",False,False,False,1031,True,False,False,False,2022-04-25T19:52:00Z,"{'links': [{'rel': 'self', 'href': 'https://7399703.suitetalk.api.netsuite.com/services/rest/record/v1/account/1031/localizations'}]}","{'links': [{'rel': 'self', 'href': 'https://7399703.suitetalk.api.netsuite.com/services/rest/record/v1/account/1031/subsidiary'}]}",,,"{'id': 'AVERAGE', 'refName': 'Average'}",,False,"{'id': 'CURRENT', 'refName': 'Current'}",,False,,13130,,,
"{'links': [{'rel': 'self', 'href': 'https://7399703.suitetalk.api.netsuite.com/services/rest/record/v1/account/264/accountContextSearch'}]}",Accumulated Depreciation,13200,"{'id': 'FixedAsset', 'refName': 'Fixed Asset'}",False,False,False,264,True,False,False,False,2022-04-25T19:51:00Z,"{'links': [{'rel': 'self', 'href': 'https://7399703.suitetalk.api.netsuite.com/services/rest/record/v1/account/264/localizations'}]}","{'links': [{'rel': 'self', 'href': 'https://7399703.suitetalk.api.netsuite.com/services/rest/record/v1/account/264/subsidiary'}]}",,,"{'id': 'AVERAGE', 'refName': 'Average'}",,False,"{'id': 'CURRENT', 'refName': 'Current'}",,False,,13200,,,
"{'links': [{'rel': 'self', 'href': 'https://7399703.suitetalk.api.netsuite.com/services/rest/record/v1/account/265/accountContextSearch'}]}",Accumulated Amortization,13300,"{'id': 'FixedAsset', 'refName': 'Fixed Asset'}",False,False,False,265,True,False,False,False,2022-04-25T19:51:00Z,"{'links': [{'rel': 'self', 'href': 'https://7399703.suitetalk.api.netsuite.com/services/rest/record/v1/account/265/localizations'}]}","{'links': [{'rel': 'self', 'href': 'https://7399703.suitetalk.api.netsuite.com/services/rest/record/v1/account/265/subsidiary'}]}",,,"{'id': 'AVERAGE', 'refName': 'Average'}",,False,"{'id': 'CURRENT', 'refName': 'Current'}",,False,,13300,,,
"{'links': [{'rel': 'self', 'href': 'https://7399703.suitetalk.api.netsuite.com/services/rest/record/v1/account/2023/accountContextSearch'}]}",Goodwill,13400,"{'id': 'FixedAsset', 'refName': 'Fixed Asset'}",False,False,False,2023,True,False,False,False,2023-05-04T14:26:00Z,"{'links': [{'rel': 'self', 'href': 'https://7399703.suitetalk.api.netsuite.com/services/rest/record/v1/account/2023/localizations'}]}","{'links': [{'rel': 'self', 'href': 'https://7399703.suitetalk.api.netsuite.com/services/rest/record/v1/account/2023/subsidiary'}]}",,,"{'id': 'AVERAGE', 'refName': 'Average'}",,False,"{'id': 'CURRENT', 'refName': 'Current'}",,False,,,,,
"{'links': [{'rel': 'self', 'href': 'https://7399703.suitetalk.api.netsuite.com/services/rest/record/v1/account/2768/accountContextSearch'}]}",754 Step Up Intangibles,13401,"{'id': 'FixedAsset', 'refName': 'Fixed Asset'}",False,False,False,2768,True,False,False,False,2024-12-19T16:47:00Z,"{'links': [{'rel': 'self', 'href': 'https://7399703.suitetalk.api.netsuite.com/services/rest/record/v1/account/2768/localizations'}]}","{'links': [{'rel': 'self', 'href': 'https://7399703.suitetalk.api.netsuite.com/services/rest/record/v1/account/2768/subsidiary'}]}",,,"{'id': 'AVERAGE', 'refName': 'Average'}",,False,"{'id': 'CURRENT', 'refName': 'Current'}",,False,,,,,
"{'links': [{'rel': 'self', 'href': 'https://7399703.suitetalk.api.netsuite.com/services/rest/record/v1/account/2772/accountContextSearch'}]}",Amortizable Loan Fees,13402,"{'id': 'FixedAsset', 'refName': 'Fixed Asset'}",False,False,False,2772,True,False,False,False,2025-01-23T21:12:00Z,"{'links': [{'rel': 'self', 'href': 'https://7399703.suitetalk.api.netsuite.com/services/rest/record/v1/account/2772/localizations'}]}","{'links': [{'rel': 'self', 'href': 'https://7399703.suitetalk.api.netsuite.com/services/rest/record/v1/account/2772/subsidiary'}]}",,,"{'id': 'AVERAGE', 'refName': 'Average'}",,False,"{'id': 'CURRENT', 'refName': 'Current'}",,False,,,,,
"{'links': [{'rel': 'self', 'href': 'https://7399703.suitetalk.api.netsuite.com/services/rest/record/v1/account/1995/accountContextSearch'}]}",Notes Receivable - Mark Self,13750,"{'id': 'OthCurrAsset', 'refName': 'Other Current Asset'}",False,False,False,1995,False,False,False,False,2023-05-03T19:52:00Z,"{'links': [{'rel': 'self', 'href': 'https://7399703.suitetalk.api.netsuite.com/services/rest/record/v1/account/1995/localizations'}]}","{'links': [{'rel': 'self', 'href': 'https://7399703.suitetalk.api.netsuite.com/services/rest/record/v1/account/1995/subsidiary'}]}",,,"{'id': 'AVERAGE', 'refName': 'Average'}",,False,"{'id': 'CURRENT', 'refName': 'Current'}",,False,,,,,
"{'links': [{'rel': 'self', 'href': 'https://7399703.suitetalk.api.netsuite.com/services/rest/record/v1/account/1996/accountContextSearch'}]}",Notes Receivable - Diane Self,13760,"{'id': 'OthCurrAsset', 'refName': 'Other Current Asset'}",False,False,False,1996,False,False,False,False,2023-05-03T19:53:00Z,"{'links': [{'rel': 'self', 'href': 'https://7399703.suitetalk.api.netsuite.com/services/rest/record/v1/account/1996/localizations'}]}","{'links': [{'rel': 'self', 'href': 'https://7399703.suitetalk.api.netsuite.com/services/rest/record/v1/account/1996/subsidiary'}]}",,,"{'id': 'AVERAGE', 'refName': 'Average'}",,False,"{'id': 'CURRENT', 'refName': 'Current'}",,False,,,,,
"{'links': [{'rel': 'self', 'href': 'https://7399703.suitetalk.api.netsuite.com/services/rest/record/v1/account/266/accountContextSearch'}]}",Accounts Receivable - Medical Investments,14100,"{'id': 'OthAsset', 'refName': 'Other Asset'}",False,False,False,266,True,False,False,False,2022-04-25T19:51:00Z,"{'links': [{'rel': 'self', 'href': 'https://7399703.suitetalk.api.netsuite.com/services/rest/record/v1/account/266/localizations'}]}","{'links': [{'rel': 'self', 'href': 'https://7399703.suitetalk.api.netsuite.com/services/rest/record/v1/account/266/subsidiary'}]}",,,"{'id': 'AVERAGE', 'refName': 'Average'}",,False,"{'id': 'CURRENT', 'refName': 'Current'}",,False,,14100,,,
"{'links': [{'rel': 'self', 'href': 'https://7399703.suitetalk.api.netsuite.com/services/rest/record/v1/account/267/accountContextSearch'}]}",Investments in Medical Receivables,14101,"{'id': 'OthAsset', 'refName': 'Other Asset'}",False,False,False,267,True,False,False,False,2022-04-25T19:51:00Z,"{'links': [{'rel': 'self', 'href': 'https://7399703.suitetalk.api.netsuite.com/services/rest/record/v1/account/267/localizations'}]}","{'links': [{'rel': 'self', 'href': 'https://7399703.suitetalk.api.netsuite.com/services/rest/record/v1/account/267/subsidiary'}]}",,,"{'id': 'AVERAGE', 'refName': 'Average'}",,False,"{'id': 'CURRENT', 'refName': 'Current'}",,False,,14101,,"{'links': [{'rel': 'self', 'href': 'https://7399703.suitetalk.api.netsuite.com/services/rest/record/v1/account/266'}], 'id': '266', 'refName': '14100 Accounts Receivable - Medical Investments'}",
"{'links': [{'rel': 'self', 'href': 'https://7399703.suitetalk.api.netsuite.com/services/rest/record/v1/account/268/accountContextSearch'}]}",Cost of Medical Receivable Investment,14102,"{'id': 'OthAsset', 'refName': 'Other Asset'}",False,False,False,268,True,False,False,False,2022-04-25T19:51:00Z,"{'links': [{'rel': 'self', 'href': 'https://7399703.suitetalk.api.netsuite.com/services/rest/record/v1/account/268/localizations'}]}","{'links': [{'rel': 'self', 'href': 'https://7399703.suitetalk.api.netsuite.com/services/rest/record/v1/account/268/subsidiary'}]}",,,"{'id': 'AVERAGE', 'refName': 'Average'}",,False,"{'id': 'CURRENT', 'refName': 'Current'}",,False,,14102,,"{'links': [{'rel': 'self', 'href': 'https://7399703.suitetalk.api.netsuite.com/services/rest/record/v1/account/267'}], 'id': '267', 'refName': '14101 Accounts Receivable - Medical Investments : Investments in Medical Receivables'}",
"{'links': [{'rel': 'self', 'href': 'https://7399703.suitetalk.api.netsuite.com/services/rest/record/v1/account/269/accountContextSearch'}]}",Investments in Medical Receivables - Adjusted Allowance,14103,"{'id': 'OthAsset', 'refName': 'Other Asset'}",False,False,False,269,True,False,False,False,2022-04-25T19:51:00Z,"{'links': [{'rel': 'self', 'href': 'https://7399703.suitetalk.api.netsuite.com/services/rest/record/v1/account/269/localizations'}]}","{'links': [{'rel': 'self', 'href': 'https://7399703.suitetalk.api.netsuite.com/services/rest/record/v1/account/269/subsidiary'}]}",,,"{'id': 'AVERAGE', 'refName': 'Average'}",,False,"{'id': 'CURRENT', 'refName': 'Current'}",,False,,14103,,"{'links': [{'rel': 'self', 'href': 'https://7399703.suitetalk.api.netsuite.com/services/rest/record/v1/account/266'}], 'id': '266', 'refName': '14100 Accounts Receivable - Medical Investments'}",
"{'links': [{'rel': 'self', 'href': 'https://7399703.suitetalk.api.netsuite.com/services/rest/record/v1/account/270/accountContextSearch'}]}",Accounts Receivable - Medical Investments (REECE),14104,"{'id': 'OthAsset', 'refName': 'Other Asset'}",False,False,False,270,True,False,False,False,2022-04-25T19:51:00Z,"{'links': [{'rel': 'self', 'href': 'https://7399703.suitetalk.api.netsuite.com/services/rest/record/v1/account/270/localizations'}]}","{'links': [{'rel': 'self', 'href': 'https://7399703.suitetalk.api.netsuite.com/services/rest/record/v1/account/270/subsidiary'}]}",,,"{'id': 'AVERAGE', 'refName': 'Average'}",,False,"{'id': 'CURRENT', 'refName': 'Current'}",,False,,14104,,,
"{'links': [{'rel': 'self', 'href': 'https://7399703.suitetalk.api.netsuite.com/services/rest/record/v1/account/271/accountContextSearch'}]}",Investments in Medical Receivables (REECE),14105,"{'id': 'OthAsset', 'refName': 'Other Asset'}",False,False,False,271,True,False,False,False,2022-04-25T19:51:00Z,"{'links': [{'rel': 'self', 'href': 'https://7399703.suitetalk.api.netsuite.com/services/rest/record/v1/account/271/localizations'}]}","{'links': [{'rel': 'self', 'href': 'https://7399703.suitetalk.api.netsuite.com/services/rest/record/v1/account/271/subsidiary'}]}",,,"{'id': 'AVERAGE', 'refName': 'Average'}",,False,"{'id': 'CURRENT', 'refName': 'Current'}",,False,,14105,,"{'links': [{'rel': 'self', 'href': 'https://7399703.suitetalk.api.netsuite.com/services/rest/record/v1/account/270'}], 'id': '270', 'refName': '14104 Accounts Receivable - Medical Investments (REECE)'}",
"{'links': [{'rel': 'self', 'href': 'https://7399703.suitetalk.api.netsuite.com/services/rest/record/v1/account/529/accountContextSearch'}]}",Cost of AR (REECE),14106,"{'id': 'OthAsset', 'refName': 'Other Asset'}",False,False,False,529,True,False,False,False,2022-04-25T19:51:00Z,"{'links': [{'rel': 'self', 'href': 'https://7399703.suitetalk.api.netsuite.com/services/rest/record/v1/account/529/localizations'}]}","{'links': [{'rel': 'self', 'href': 'https://7399703.suitetalk.api.netsuite.com/services/rest/record/v1/account/529/subsidiary'}]}",,,"{'id': 'AVERAGE', 'refName': 'Average'}",,False,"{'id': 'CURRENT', 'refName': 'Current'}",,False,,14106,,"{'links': [{'rel': 'self', 'href': 'https://7399703.suitetalk.api.netsuite.com/services/rest/record/v1/account/271'}], 'id': '271', 'refName': '14105 Accounts Receivable - Medical Investments (REECE) : Investments in Medical Receivables (REECE)'}",
"{'links': [{'rel': 'self', 'href': 'https://7399703.suitetalk.api.netsuite.com/services/rest/record/v1/account/272/accountContextSearch'}]}",Adjusted Allowance (REECE),14107,"{'id': 'OthAsset', 'refName': 'Other Asset'}",False,False,False,272,True,False,False,False,2022-04-25T19:51:00Z,"{'links': [{'rel': 'self', 'href': 'https://7399703.suitetalk.api.netsuite.com/services/rest/record/v1/account/272/localizations'}]}","{'links': [{'rel': 'self', 'href': 'https://7399703.suitetalk.api.netsuite.com/services/rest/record/v1/account/272/subsidiary'}]}",,,"{'id': 'AVERAGE', 'refName': 'Average'}",,False,"{'id': 'CURRENT', 'refName': 'Current'}",,False,,14107,,"{'links': [{'rel': 'self', 'href': 'https://7399703.suitetalk.api.netsuite.com/services/rest/record/v1/account/270'}], 'id': '270', 'refName': '14104 Accounts Receivable - Medical Investments (REECE)'}",
"{'links': [{'rel': 'self', 'href': 'https://7399703.suitetalk.api.netsuite.com/services/rest/record/v1/account/273/accountContextSearch'}]}",Security Deposits,14109,"{'id': 'OthAsset', 'refName': 'Other Asset'}",False,False,False,273,True,False,False,False,2022-04-25T19:53:00Z,"{'links': [{'rel': 'self', 'href': 'https://7399703.suitetalk.api.netsuite.com/services/rest/record/v1/account/273/localizations'}]}","{'links': [{'rel': 'self', 'href': 'https://7399703.suitetalk.api.netsuite.com/services/rest/record/v1/account/273/subsidiary'}]}",,,"{'id': 'AVERAGE', 'refName': 'Average'}",,False,"{'id': 'CURRENT', 'refName': 'Current'}",,False,,14109,,,
"{'links': [{'rel': 'self', 'href': 'https://7399703.suitetalk.api.netsuite.com/services/rest/record/v1/account/274/accountContextSearch'}]}",Deferred Income Taxes,14110,"{'id': 'OthAsset', 'refName': 'Other Asset'}",False,False,False,274,True,False,False,False,2022-04-25T19:52:00Z,"{'links': [{'rel': 'self', 'href': 'https://7399703.suitetalk.api.netsuite.com/services/rest/record/v1/account/274/localizations'}]}","{'links': [{'rel': 'self', 'href': 'https://7399703.suitetalk.api.netsuite.com/services/rest/record/v1/account/274/subsidiary'}]}",,,"{'id': 'AVERAGE', 'refName': 'Average'}",,False,"{'id': 'CURRENT', 'refName': 'Current'}",,False,,14110,,,
"{'links': [{'rel': 'self', 'href': 'https://7399703.suitetalk.api.netsuite.com/services/rest/record/v1/account/276/accountContextSearch'}]}",Accounts Receivable - L/T Medical Receivables,14150,"{'id': 'OthAsset', 'refName': 'Other Asset'}",False,False,False,276,True,False,False,False,2022-04-25T19:51:00Z,"{'links': [{'rel': 'self', 'href': 'https://7399703.suitetalk.api.netsuite.com/services/rest/record/v1/account/276/localizations'}]}","{'links': [{'rel': 'self', 'href': 'https://7399703.suitetalk.api.netsuite.com/services/rest/record/v1/account/276/subsidiary'}]}",,,"{'id': 'AVERAGE', 'refName': 'Average'}",,False,"{'id': 'CURRENT', 'refName': 'Current'}",,False,,14150,,,
"{'links': [{'rel': 'self', 'href': 'https://7399703.suitetalk.api.netsuite.com/services/rest/record/v1/account/277/accountContextSearch'}]}",Provisional Adjustment,14151,"{'id': 'OthAsset', 'refName': 'Other Asset'}",False,False,False,277,True,False,False,False,2022-04-25T19:51:00Z,"{'links': [{'rel': 'self', 'href': 'https://7399703.suitetalk.api.netsuite.com/services/rest/record/v1/account/277/localizations'}]}","{'links': [{'rel': 'self', 'href': 'https://7399703.suitetalk.api.netsuite.com/services/rest/record/v1/account/277/subsidiary'}]}",,,"{'id': 'AVERAGE', 'refName': 'Average'}",,False,"{'id': 'CURRENT', 'refName': 'Current'}",,False,,14151,,"{'links': [{'rel': 'self', 'href': 'https://7399703.suitetalk.api.netsuite.com/services/rest/record/v1/account/276'}], 'id': '276', 'refName': '14150 Accounts Receivable - L/T Medical Receivables'}",
"{'links': [{'rel': 'self', 'href': 'https://7399703.suitetalk.api.netsuite.com/services/rest/record/v1/account/2771/accountContextSearch'}]}",Accrued Accounts Receivable - L/T Medical Receivables,14155,"{'id': 'OthAsset', 'refName': 'Other Asset'}",False,False,False,2771,True,False,False,False,2025-01-09T21:47:00Z,"{'links': [{'rel': 'self', 'href': 'https://7399703.suitetalk.api.netsuite.com/services/rest/record/v1/account/2771/localizations'}]}","{'links': [{'rel': 'self', 'href': 'https://7399703.suitetalk.api.netsuite.com/services/rest/record/v1/account/2771/subsidiary'}]}",,,"{'id': 'AVERAGE', 'refName': 'Average'}",,False,"{'id': 'CURRENT', 'refName': 'Current'}",,False,,,,"{'links': [{'rel': 'self', 'href': 'https://7399703.suitetalk.api.netsuite.com/services/rest/record/v1/account/276'}], 'id': '276', 'refName': '14150 Accounts Receivable - L/T Medical Receivables'}",
"{'links': [{'rel': 'self', 'href': 'https://7399703.suitetalk.api.netsuite.com/services/rest/record/v1/account/278/accountContextSearch'}]}",Accounts Receivable - Surgery Center Billings,14200,"{'id': 'OthAsset', 'refName': 'Other Asset'}",False,False,False,278,True,False,False,False,2022-04-25T19:51:00Z,"{'links': [{'rel': 'self', 'href': 'https://7399703.suitetalk.api.netsuite.com/services/rest/record/v1/account/278/localizations'}]}","{'links': [{'rel': 'self', 'href': 'https://7399703.suitetalk.api.netsuite.com/services/rest/record/v1/account/278/subsidiary'}]}",,,"{'id': 'AVERAGE', 'refName': 'Average'}",,False,"{'id': 'CURRENT', 'refName': 'Current'}",,False,,14200,,,
"{'links': [{'rel': 'self', 'href': 'https://7399703.suitetalk.api.netsuite.com/services/rest/record/v1/account/279/accountContextSearch'}]}",Investments in Surgery Center Billings,14201,"{'id': 'OthAsset', 'refName': 'Other Asset'}",False,False,False,279,True,False,False,False,2022-04-25T19:51:00Z,"{'links': [{'rel': 'self', 'href': 'https://7399703.suitetalk.api.netsuite.com/services/rest/record/v1/account/279/localizations'}]}","{'links': [{'rel': 'self', 'href': 'https://7399703.suitetalk.api.netsuite.com/services/rest/record/v1/account/279/subsidiary'}]}",,,"{'id': 'AVERAGE', 'refName': 'Average'}",,False,"{'id': 'CURRENT', 'refName': 'Current'}",,False,,14201,,"{'links': [{'rel': 'self', 'href': 'https://7399703.suitetalk.api.netsuite.com/services/rest/record/v1/account/278'}], 'id': '278', 'refName': '14200 Accounts Receivable - Surgery Center Billings'}",
"{'links': [{'rel': 'self', 'href': 'https://7399703.suitetalk.api.netsuite.com/services/rest/record/v1/account/280/accountContextSearch'}]}",Surgery Center Costs,14202,"{'id': 'OthAsset', 'refName': 'Other Asset'}",False,False,False,280,True,False,False,False,2022-04-25T19:51:00Z,"{'links': [{'rel': 'self', 'href': 'https://7399703.suitetalk.api.netsuite.com/services/rest/record/v1/account/280/localizations'}]}","{'links': [{'rel': 'self', 'href': 'https://7399703.suitetalk.api.netsuite.com/services/rest/record/v1/account/280/subsidiary'}]}",,,"{'id': 'AVERAGE', 'refName': 'Average'}",,False,"{'id': 'CURRENT', 'refName': 'Current'}",,False,,14202,,"{'links': [{'rel': 'self', 'href': 'https://7399703.suitetalk.api.netsuite.com/services/rest/record/v1/account/279'}], 'id': '279', 'refName': '14201 Accounts Receivable - Surgery Center Billings : Investments in Surgery Center Billings'}",
"{'links': [{'rel': 'self', 'href': 'https://7399703.suitetalk.api.netsuite.com/services/rest/record/v1/account/281/accountContextSearch'}]}",Investments in Surgery Center Billings - Adjusted Allowance,14203,"{'id': 'OthAsset', 'refName': 'Other Asset'}",False,False,False,281,True,False,False,False,2022-04-25T19:51:00Z,"{'links': [{'rel': 'self', 'href': 'https://7399703.suitetalk.api.netsuite.com/services/rest/record/v1/account/281/localizations'}]}","{'links': [{'rel': 'self', 'href': 'https://7399703.suitetalk.api.netsuite.com/services/rest/record/v1/account/281/subsidiary'}]}",,,"{'id': 'AVERAGE', 'refName': 'Average'}",,False,"{'id': 'CURRENT', 'refName': 'Current'}",,False,,14203,,"{'links': [{'rel': 'self', 'href': 'https://7399703.suitetalk.api.netsuite.com/services/rest/record/v1/account/278'}], 'id': '278', 'refName': '14200 Accounts Receivable - Surgery Center Billings'}",
"{'links': [{'rel': 'self', 'href': 'https://7399703.suitetalk.api.netsuite.com/services/rest/record/v1/account/1952/accountContextSearch'}]}",Investments in Business Ventures: Mid-TX MRI,14300,"{'id': 'OthAsset', 'refName': 'Other Asset'}",False,False,False,1952,True,False,False,False,2023-05-04T19:45:00Z,"{'links': [{'rel': 'self', 'href': 'https://7399703.suitetalk.api.netsuite.com/services/rest/record/v1/account/1952/localizations'}]}","{'links': [{'rel': 'self', 'href': 'https://7399703.suitetalk.api.netsuite.com/services/rest/record/v1/account/1952/subsidiary'}]}",,,"{'id': 'AVERAGE', 'refName': 'Average'}",,False,"{'id': 'CURRENT', 'refName': 'Current'}",,False,,,,,
"{'links': [{'rel': 'self', 'href': 'https://7399703.suitetalk.api.netsuite.com/services/rest/record/v1/account/1982/accountContextSearch'}]}",Investments in Business Ventures: Uncle John Holdings,14301,"{'id': 'OthAsset', 'refName': 'Other Asset'}",False,False,False,1982,True,False,False,False,2023-04-27T20:48:00Z,"{'links': [{'rel': 'self', 'href': 'https://7399703.suitetalk.api.netsuite.com/services/rest/record/v1/account/1982/localizations'}]}","{'links': [{'rel': 'self', 'href': 'https://7399703.suitetalk.api.netsuite.com/services/rest/record/v1/account/1982/subsidiary'}]}",,,"{'id': 'AVERAGE', 'refName': 'Average'}",,False,"{'id': 'CURRENT', 'refName': 'Current'}",,False,,,,,
"{'links': [{'rel': 'self', 'href': 'https://7399703.suitetalk.api.netsuite.com/services/rest/record/v1/account/2260/accountContextSearch'}]}",Investments in Business Ventures: Field Ethos,14302,"{'id': 'OthAsset', 'refName': 'Other Asset'}",False,False,False,2260,True,False,False,False,2023-09-22T14:58:00Z,"{'links': [{'rel': 'self', 'href': 'https://7399703.suitetalk.api.netsuite.com/services/rest/record/v1/account/2260/localizations'}]}","{'links': [{'rel': 'self', 'href': 'https://7399703.suitetalk.api.netsuite.com/services/rest/record/v1/account/2260/subsidiary'}]}",,,"{'id': 'AVERAGE', 'refName': 'Average'}",,False,"{'id': 'CURRENT', 'refName': 'Current'}",,False,,,,,
"{'links': [{'rel': 'self', 'href': 'https://7399703.suitetalk.api.netsuite.com/services/rest/record/v1/account/2720/accountContextSearch'}]}",Investments in Business Ventures: Overlay Capital,14303,"{'id': 'OthAsset', 'refName': 'Other Asset'}",False,False,False,2720,True,False,False,False,2024-06-28T15:21:00Z,"{'links': [{'rel': 'self', 'href': 'https://7399703.suitetalk.api.netsuite.com/services/rest/record/v1/account/2720/localizations'}]}","{'links': [{'rel': 'self', 'href': 'https://7399703.suitetalk.api.netsuite.com/services/rest/record/v1/account/2720/subsidiary'}]}",,,"{'id': 'AVERAGE', 'refName': 'Average'}",,False,"{'id': 'CURRENT', 'refName': 'Current'}",,False,,,,,
"{'links': [{'rel': 'self', 'href': 'https://7399703.suitetalk.api.netsuite.com/services/rest/record/v1/account/2721/accountContextSearch'}]}",Investments in Business Ventures: MMC,14304,"{'id': 'OthAsset', 'refName': 'Other Asset'}",False,False,False,2721,True,False,False,False,2024-07-15T13:34:00Z,"{'links': [{'rel': 'self', 'href': 'https://7399703.suitetalk.api.netsuite.com/services/rest/record/v1/account/2721/localizations'}]}","{'links': [{'rel': 'self', 'href': 'https://7399703.suitetalk.api.netsuite.com/services/rest/record/v1/account/2721/subsidiary'}]}",,,"{'id': 'AVERAGE', 'refName': 'Average'}",,False,"{'id': 'CURRENT', 'refName': 'Current'}",,False,,,,,
"{'links': [{'rel': 'self', 'href': 'https://7399703.suitetalk.api.netsuite.com/services/rest/record/v1/account/2722/accountContextSearch'}]}","SAJ Texas, LLC (MMC)",14305,"{'id': 'OthAsset', 'refName': 'Other Asset'}",False,False,False,2722,True,False,False,False,2024-07-15T16:00:00Z,"{'links': [{'rel': 'self', 'href': 'https://7399703.suitetalk.api.netsuite.com/services/rest/record/v1/account/2722/localizations'}]}","{'links': [{'rel': 'self', 'href': 'https://7399703.suitetalk.api.netsuite.com/services/rest/record/v1/account/2722/subsidiary'}]}",,,"{'id': 'AVERAGE', 'refName': 'Average'}",,False,"{'id': 'CURRENT', 'refName': 'Current'}",,False,,,,,
"{'links': [{'rel': 'self', 'href': 'https://7399703.suitetalk.api.netsuite.com/services/rest/record/v1/account/2723/accountContextSearch'}]}","Metroplex Management Group, LLC",14306,"{'id': 'OthAsset', 'refName': 'Other Asset'}",False,False,False,2723,True,False,False,False,2024-07-15T16:01:00Z,"{'links': [{'rel': 'self', 'href': 'https://7399703.suitetalk.api.netsuite.com/services/rest/record/v1/account/2723/localizations'}]}","{'links': [{'rel': 'self', 'href': 'https://7399703.suitetalk.api.netsuite.com/services/rest/record/v1/account/2723/subsidiary'}]}",,,"{'id': 'AVERAGE', 'refName': 'Average'}",,False,"{'id': 'CURRENT', 'refName': 'Current'}",,False,,,,,
"{'links': [{'rel': 'self', 'href': 'https://7399703.suitetalk.api.netsuite.com/services/rest/record/v1/account/2724/accountContextSearch'}]}","Ramila & Associates, LLC (MMC)",14307,"{'id': 'OthAsset', 'refName': 'Other Asset'}",False,False,False,2724,True,False,False,False,2024-07-15T16:01:00Z,"{'links': [{'rel': 'self', 'href': 'https://7399703.suitetalk.api.netsuite.com/services/rest/record/v1/account/2724/localizations'}]}","{'links': [{'rel': 'self', 'href': 'https://7399703.suitetalk.api.netsuite.com/services/rest/record/v1/account/2724/subsidiary'}]}",,,"{'id': 'AVERAGE', 'refName': 'Average'}",,False,"{'id': 'CURRENT', 'refName': 'Current'}",,False,,,,,
"{'links': [{'rel': 'self', 'href': 'https://7399703.suitetalk.api.netsuite.com/services/rest/record/v1/account/2725/accountContextSearch'}]}",Investment in Omada RV LLC,14308,"{'id': 'OthAsset', 'refName': 'Other Asset'}",False,False,False,2725,True,False,False,False,2024-07-24T16:12:00Z,"{'links': [{'rel': 'self', 'href': 'https://7399703.suitetalk.api.netsuite.com/services/rest/record/v1/account/2725/localizations'}]}","{'links': [{'rel': 'self', 'href': 'https://7399703.suitetalk.api.netsuite.com/services/rest/record/v1/account/2725/subsidiary'}]}",,,"{'id': 'AVERAGE', 'refName': 'Average'}","{'links': [{'rel': 'self', 'href': 'https://7399703.suitetalk.api.netsuite.com/services/rest/record/v1/currency/1'}], 'id': '1', 'refName': 'USD'}",False,"{'id': 'CURRENT', 'refName': 'Current'}",,False,,,,,
"{'links': [{'rel': 'self', 'href': 'https://7399703.suitetalk.api.netsuite.com/services/rest/record/v1/account/2731/accountContextSearch'}]}","Investment in Omada Investments, LLC",14309,"{'id': 'OthAsset', 'refName': 'Other Asset'}",False,False,False,2731,True,False,False,False,2024-07-24T21:02:00Z,"{'links': [{'rel': 'self', 'href': 'https://7399703.suitetalk.api.netsuite.com/services/rest/record/v1/account/2731/localizations'}]}","{'links': [{'rel': 'self', 'href': 'https://7399703.suitetalk.api.netsuite.com/services/rest/record/v1/account/2731/subsidiary'}]}",,,"{'id': 'AVERAGE', 'refName': 'Average'}",,False,"{'id': 'CURRENT', 'refName': 'Current'}",,False,,,,,
"{'links': [{'rel': 'self', 'href': 'https://7399703.suitetalk.api.netsuite.com/services/rest/record/v1/account/2737/accountContextSearch'}]}",Investments in Business Ventures: Jake's RV Camp,14310,"{'id': 'OthAsset', 'refName': 'Other Asset'}",False,False,False,2737,True,False,False,False,2024-08-09T19:08:00Z,"{'links': [{'rel': 'self', 'href': 'https://7399703.suitetalk.api.netsuite.com/services/rest/record/v1/account/2737/localizations'}]}","{'links': [{'rel': 'self', 'href': 'https://7399703.suitetalk.api.netsuite.com/services/rest/record/v1/account/2737/subsidiary'}]}",,,"{'id': 'AVERAGE', 'refName': 'Average'}",,False,"{'id': 'CURRENT', 'refName': 'Current'}",,False,,,,,
"{'links': [{'rel': 'self', 'href': 'https://7399703.suitetalk.api.netsuite.com/services/rest/record/v1/account/2738/accountContextSearch'}]}",Investments in Business Ventures: Overlay PE Platform,14311,"{'id': 'OthAsset', 'refName': 'Other Asset'}",False,False,False,2738,True,False,False,False,2024-08-09T19:37:00Z,"{'links': [{'rel': 'self', 'href': 'https://7399703.suitetalk.api.netsuite.com/services/rest/record/v1/account/2738/localizations'}]}","{'links': [{'rel': 'self', 'href': 'https://7399703.suitetalk.api.netsuite.com/services/rest/record/v1/account/2738/subsidiary'}]}",,,"{'id': 'AVERAGE', 'refName': 'Average'}",,False,"{'id': 'CURRENT', 'refName': 'Current'}",,False,,,,,
"{'links': [{'rel': 'self', 'href': 'https://7399703.suitetalk.api.netsuite.com/services/rest/record/v1/account/2773/accountContextSearch'}]}",Deferred Contributions - Dr. Reece,14312,"{'id': 'OthAsset', 'refName': 'Other Asset'}",False,False,False,2773,True,False,False,False,2025-01-23T21:36:00Z,"{'links': [{'rel': 'self', 'href': 'https://7399703.suitetalk.api.netsuite.com/services/rest/record/v1/account/2773/localizations'}]}","{'links': [{'rel': 'self', 'href': 'https://7399703.suitetalk.api.netsuite.com/services/rest/record/v1/account/2773/subsidiary'}]}",,,"{'id': 'AVERAGE', 'refName': 'Average'}",,False,"{'id': 'CURRENT', 'refName': 'Current'}",,False,,,,,
"{'links': [{'rel': 'self', 'href': 'https://7399703.suitetalk.api.netsuite.com/services/rest/record/v1/account/282/accountContextSearch'}]}",Notes Receivable,15000,"{'id': 'OthCurrAsset', 'refName': 'Other Current Asset'}",False,False,False,282,True,False,False,False,2023-04-13T15:38:00Z,"{'links': [{'rel': 'self', 'href': 'https://7399703.suitetalk.api.netsuite.com/services/rest/record/v1/account/282/localizations'}]}","{'links': [{'rel': 'self', 'href': 'https://7399703.suitetalk.api.netsuite.com/services/rest/record/v1/account/282/subsidiary'}]}",,,"{'id': 'AVERAGE', 'refName': 'Average'}",,True,"{'id': 'CURRENT', 'refName': 'Current'}",,False,,15000,,,
"{'links': [{'rel': 'self', 'href': 'https://7399703.suitetalk.api.netsuite.com/services/rest/record/v1/account/283/accountContextSearch'}]}",Notes Receivable AAC,15001,"{'id': 'OthCurrAsset', 'refName': 'Other Current Asset'}",False,False,False,283,True,False,False,False,2023-04-13T15:38:00Z,"{'links': [{'rel': 'self', 'href': 'https://7399703.suitetalk.api.netsuite.com/services/rest/record/v1/account/283/localizations'}]}","{'links': [{'rel': 'self', 'href': 'https://7399703.suitetalk.api.netsuite.com/services/rest/record/v1/account/283/subsidiary'}]}",,,"{'id': 'AVERAGE', 'refName': 'Average'}",,True,"{'id': 'CURRENT', 'refName': 'Current'}",,False,,15001,,"{'links': [{'rel': 'self', 'href': 'https://7399703.suitetalk.api.netsuite.com/services/rest/record/v1/account/282'}], 'id': '282', 'refName': '15000 Notes Receivable'}",
"{'links': [{'rel': 'self', 'href': 'https://7399703.suitetalk.api.netsuite.com/services/rest/record/v1/account/284/accountContextSearch'}]}",Notes Receivable ADV,15002,"{'id': 'OthCurrAsset', 'refName': 'Other Current Asset'}",False,False,False,284,True,False,False,False,2023-04-13T15:38:00Z,"{'links': [{'rel': 'self', 'href': 'https://7399703.suitetalk.api.netsuite.com/services/rest/record/v1/account/284/localizations'}]}","{'links': [{'rel': 'self', 'href': 'https://7399703.suitetalk.api.netsuite.com/services/rest/record/v1/account/284/subsidiary'}]}",,,"{'id': 'AVERAGE', 'refName': 'Average'}",,True,"{'id': 'CURRENT', 'refName': 'Current'}",,False,,15002,,"{'links': [{'rel': 'self', 'href': 'https://7399703.suitetalk.api.netsuite.com/services/rest/record/v1/account/282'}], 'id': '282', 'refName': '15000 Notes Receivable'}",
"{'links': [{'rel': 'self', 'href': 'https://7399703.suitetalk.api.netsuite.com/services/rest/record/v1/account/285/accountContextSearch'}]}",Notes Receivable ARG,15003,"{'id': 'OthCurrAsset', 'refName': 'Other Current Asset'}",False,False,False,285,True,False,False,False,2023-04-13T15:38:00Z,"{'links': [{'rel': 'self', 'href': 'https://7399703.suitetalk.api.netsuite.com/services/rest/record/v1/account/285/localizations'}]}","{'links': [{'rel': 'self', 'href': 'https://7399703.suitetalk.api.netsuite.com/services/rest/record/v1/account/285/subsidiary'}]}",,,"{'id': 'AVERAGE', 'refName': 'Average'}",,True,"{'id': 'CURRENT', 'refName': 'Current'}",,False,,15003,,"{'links': [{'rel': 'self', 'href': 'https://7399703.suitetalk.api.netsuite.com/services/rest/record/v1/account/282'}], 'id': '282', 'refName': '15000 Notes Receivable'}",
"{'links': [{'rel': 'self', 'href': 'https://7399703.suitetalk.api.netsuite.com/services/rest/record/v1/account/286/accountContextSearch'}]}",Notes Receivable ARM,15004,"{'id': 'OthCurrAsset', 'refName': 'Other Current Asset'}",False,False,False,286,True,False,False,False,2023-04-13T15:38:00Z,"{'links': [{'rel': 'self', 'href': 'https://7399703.suitetalk.api.netsuite.com/services/rest/record/v1/account/286/localizations'}]}","{'links': [{'rel': 'self', 'href': 'https://7399703.suitetalk.api.netsuite.com/services/rest/record/v1/account/286/subsidiary'}]}",,,"{'id': 'AVERAGE', 'refName': 'Average'}",,True,"{'id': 'CURRENT', 'refName': 'Current'}",,False,,15004,,"{'links': [{'rel': 'self', 'href': 'https://7399703.suitetalk.api.netsuite.com/services/rest/record/v1/account/282'}], 'id': '282', 'refName': '15000 Notes Receivable'}",
"{'links': [{'rel': 'self', 'href': 'https://7399703.suitetalk.api.netsuite.com/services/rest/record/v1/account/287/accountContextSearch'}]}",Notes Receivable FMGO,15005,"{'id': 'OthCurrAsset', 'refName': 'Other Current Asset'}",False,False,False,287,True,False,False,False,2023-04-13T15:48:00Z,"{'links': [{'rel': 'self', 'href': 'https://7399703.suitetalk.api.netsuite.com/services/rest/record/v1/account/287/localizations'}]}","{'links': [{'rel': 'self', 'href': 'https://7399703.suitetalk.api.netsuite.com/services/rest/record/v1/account/287/subsidiary'}]}",,,"{'id': 'AVERAGE', 'refName': 'Average'}",,True,"{'id': 'CURRENT', 'refName': 'Current'}",,False,,15005,,"{'links': [{'rel': 'self', 'href': 'https://7399703.suitetalk.api.netsuite.com/services/rest/record/v1/account/282'}], 'id': '282', 'refName': '15000 Notes Receivable'}",
"{'links': [{'rel': 'self', 'href': 'https://7399703.suitetalk.api.netsuite.com/services/rest/record/v1/account/288/accountContextSearch'}]}",Notes Receivable FLYR,15006,"{'id': 'OthCurrAsset', 'refName': 'Other Current Asset'}",False,False,False,288,True,False,False,False,2023-04-13T15:38:00Z,"{'links': [{'rel': 'self', 'href': 'https://7399703.suitetalk.api.netsuite.com/services/rest/record/v1/account/288/localizations'}]}","{'links': [{'rel': 'self', 'href': 'https://7399703.suitetalk.api.netsuite.com/services/rest/record/v1/account/288/subsidiary'}]}",,,"{'id': 'AVERAGE', 'refName': 'Average'}",,True,"{'id': 'CURRENT', 'refName': 'Current'}",,False,,15006,,"{'links': [{'rel': 'self', 'href': 'https://7399703.suitetalk.api.netsuite.com/services/rest/record/v1/account/282'}], 'id': '282', 'refName': '15000 Notes Receivable'}",
"{'links': [{'rel': 'self', 'href': 'https://7399703.suitetalk.api.netsuite.com/services/rest/record/v1/account/289/accountContextSearch'}]}",Notes Receivable GJ&D,15007,"{'id': 'OthCurrAsset', 'refName': 'Other Current Asset'}",False,False,False,289,True,False,False,False,2023-04-13T15:38:00Z,"{'links': [{'rel': 'self', 'href': 'https://7399703.suitetalk.api.netsuite.com/services/rest/record/v1/account/289/localizations'}]}","{'links': [{'rel': 'self', 'href': 'https://7399703.suitetalk.api.netsuite.com/services/rest/record/v1/account/289/subsidiary'}]}",,,"{'id': 'AVERAGE', 'refName': 'Average'}",,True,"{'id': 'CURRENT', 'refName': 'Current'}",,False,,15007,,"{'links': [{'rel': 'self', 'href': 'https://7399703.suitetalk.api.netsuite.com/services/rest/record/v1/account/282'}], 'id': '282', 'refName': '15000 Notes Receivable'}",
"{'links': [{'rel': 'self', 'href': 'https://7399703.suitetalk.api.netsuite.com/services/rest/record/v1/account/290/accountContextSearch'}]}",Notes Receivable NPIC,15008,"{'id': 'OthCurrAsset', 'refName': 'Other Current Asset'}",False,False,False,290,True,False,False,False,2024-02-15T19:26:00Z,"{'links': [{'rel': 'self', 'href': 'https://7399703.suitetalk.api.netsuite.com/services/rest/record/v1/account/290/localizations'}]}","{'links': [{'rel': 'self', 'href': 'https://7399703.suitetalk.api.netsuite.com/services/rest/record/v1/account/290/subsidiary'}]}",,,"{'id': 'AVERAGE', 'refName': 'Average'}",,True,"{'id': 'CURRENT', 'refName': 'Current'}",,False,,15008,,"{'links': [{'rel': 'self', 'href': 'https://7399703.suitetalk.api.netsuite.com/services/rest/record/v1/account/282'}], 'id': '282', 'refName': '15000 Notes Receivable'}",
"{'links': [{'rel': 'self', 'href': 'https://7399703.suitetalk.api.netsuite.com/services/rest/record/v1/account/291/accountContextSearch'}]}",Notes Receivable MDTX MRI,15009,"{'id': 'OthCurrAsset', 'refName': 'Other Current Asset'}",False,False,False,291,True,False,False,False,2023-04-13T15:41:00Z,"{'links': [{'rel': 'self', 'href': 'https://7399703.suitetalk.api.netsuite.com/services/rest/record/v1/account/291/localizations'}]}","{'links': [{'rel': 'self', 'href': 'https://7399703.suitetalk.api.netsuite.com/services/rest/record/v1/account/291/subsidiary'}]}",,,"{'id': 'AVERAGE', 'refName': 'Average'}",,True,"{'id': 'CURRENT', 'refName': 'Current'}",,False,,15009,,"{'links': [{'rel': 'self', 'href': 'https://7399703.suitetalk.api.netsuite.com/services/rest/record/v1/account/282'}], 'id': '282', 'refName': '15000 Notes Receivable'}",
"{'links': [{'rel': 'self', 'href': 'https://7399703.suitetalk.api.netsuite.com/services/rest/record/v1/account/292/accountContextSearch'}]}",Notes Receivable NFL,15010,"{'id': 'OthCurrAsset', 'refName': 'Other Current Asset'}",False,False,False,292,True,False,False,False,2023-04-13T15:42:00Z,"{'links': [{'rel': 'self', 'href': 'https://7399703.suitetalk.api.netsuite.com/services/rest/record/v1/account/292/localizations'}]}","{'links': [{'rel': 'self', 'href': 'https://7399703.suitetalk.api.netsuite.com/services/rest/record/v1/account/292/subsidiary'}]}",,,"{'id': 'AVERAGE', 'refName': 'Average'}",,True,"{'id': 'CURRENT', 'refName': 'Current'}",,False,,15010,,"{'links': [{'rel': 'self', 'href': 'https://7399703.suitetalk.api.netsuite.com/services/rest/record/v1/account/282'}], 'id': '282', 'refName': '15000 Notes Receivable'}",
"{'links': [{'rel': 'self', 'href': 'https://7399703.suitetalk.api.netsuite.com/services/rest/record/v1/account/293/accountContextSearch'}]}",Notes Receivable PSO,15011,"{'id': 'OthCurrAsset', 'refName': 'Other Current Asset'}",False,False,False,293,True,False,False,False,2023-04-13T15:42:00Z,"{'links': [{'rel': 'self', 'href': 'https://7399703.suitetalk.api.netsuite.com/services/rest/record/v1/account/293/localizations'}]}","{'links': [{'rel': 'self', 'href': 'https://7399703.suitetalk.api.netsuite.com/services/rest/record/v1/account/293/subsidiary'}]}",,,"{'id': 'AVERAGE', 'refName': 'Average'}",,True,"{'id': 'CURRENT', 'refName': 'Current'}",,False,,15011,,"{'links': [{'rel': 'self', 'href': 'https://7399703.suitetalk.api.netsuite.com/services/rest/record/v1/account/282'}], 'id': '282', 'refName': '15000 Notes Receivable'}",
"{'links': [{'rel': 'self', 'href': 'https://7399703.suitetalk.api.netsuite.com/services/rest/record/v1/account/294/accountContextSearch'}]}",Notes Receivable Reece Spine,15012,"{'id': 'OthCurrAsset', 'refName': 'Other Current Asset'}",False,False,False,294,True,False,False,False,2023-04-13T15:42:00Z,"{'links': [{'rel': 'self', 'href': 'https://7399703.suitetalk.api.netsuite.com/services/rest/record/v1/account/294/localizations'}]}","{'links': [{'rel': 'self', 'href': 'https://7399703.suitetalk.api.netsuite.com/services/rest/record/v1/account/294/subsidiary'}]}",,,"{'id': 'AVERAGE', 'refName': 'Average'}",,True,"{'id': 'CURRENT', 'refName': 'Current'}",,False,,15012,,"{'links': [{'rel': 'self', 'href': 'https://7399703.suitetalk.api.netsuite.com/services/rest/record/v1/account/282'}], 'id': '282', 'refName': '15000 Notes Receivable'}",
"{'links': [{'rel': 'self', 'href': 'https://7399703.suitetalk.api.netsuite.com/services/rest/record/v1/account/295/accountContextSearch'}]}",Notes Receivable RWB I,15013,"{'id': 'OthCurrAsset', 'refName': 'Other Current Asset'}",False,False,False,295,True,False,False,False,2023-04-13T15:42:00Z,"{'links': [{'rel': 'self', 'href': 'https://7399703.suitetalk.api.netsuite.com/services/rest/record/v1/account/295/localizations'}]}","{'links': [{'rel': 'self', 'href': 'https://7399703.suitetalk.api.netsuite.com/services/rest/record/v1/account/295/subsidiary'}]}",,,"{'id': 'AVERAGE', 'refName': 'Average'}",,True,"{'id': 'CURRENT', 'refName': 'Current'}",,False,,15013,,"{'links': [{'rel': 'self', 'href': 'https://7399703.suitetalk.api.netsuite.com/services/rest/record/v1/account/282'}], 'id': '282', 'refName': '15000 Notes Receivable'}",
"{'links': [{'rel': 'self', 'href': 'https://7399703.suitetalk.api.netsuite.com/services/rest/record/v1/account/296/accountContextSearch'}]}",Notes Receivable SOAR,15014,"{'id': 'OthCurrAsset', 'refName': 'Other Current Asset'}",False,False,False,296,True,False,False,False,2023-04-13T15:42:00Z,"{'links': [{'rel': 'self', 'href': 'https://7399703.suitetalk.api.netsuite.com/services/rest/record/v1/account/296/localizations'}]}","{'links': [{'rel': 'self', 'href': 'https://7399703.suitetalk.api.netsuite.com/services/rest/record/v1/account/296/subsidiary'}]}",,,"{'id': 'AVERAGE', 'refName': 'Average'}",,True,"{'id': 'CURRENT', 'refName': 'Current'}",,False,,15014,,"{'links': [{'rel': 'self', 'href': 'https://7399703.suitetalk.api.netsuite.com/services/rest/record/v1/account/282'}], 'id': '282', 'refName': '15000 Notes Receivable'}",
"{'links': [{'rel': 'self', 'href': 'https://7399703.suitetalk.api.netsuite.com/services/rest/record/v1/account/297/accountContextSearch'}]}",Notes Receivable SRM,15015,"{'id': 'OthCurrAsset', 'refName': 'Other Current Asset'}",False,False,False,297,True,False,False,False,2023-04-13T15:42:00Z,"{'links': [{'rel': 'self', 'href': 'https://7399703.suitetalk.api.netsuite.com/services/rest/record/v1/account/297/localizations'}]}","{'links': [{'rel': 'self', 'href': 'https://7399703.suitetalk.api.netsuite.com/services/rest/record/v1/account/297/subsidiary'}]}",,,"{'id': 'AVERAGE', 'refName': 'Average'}",,True,"{'id': 'CURRENT', 'refName': 'Current'}",,False,,15015,,"{'links': [{'rel': 'self', 'href': 'https://7399703.suitetalk.api.netsuite.com/services/rest/record/v1/account/282'}], 'id': '282', 'refName': '15000 Notes Receivable'}",
"{'links': [{'rel': 'self', 'href': 'https://7399703.suitetalk.api.netsuite.com/services/rest/record/v1/account/298/accountContextSearch'}]}",Notes Receivable SVS,15016,"{'id': 'OthCurrAsset', 'refName': 'Other Current Asset'}",False,False,False,298,True,False,False,False,2023-04-13T15:42:00Z,"{'links': [{'rel': 'self', 'href': 'https://7399703.suitetalk.api.netsuite.com/services/rest/record/v1/account/298/localizations'}]}","{'links': [{'rel': 'self', 'href': 'https://7399703.suitetalk.api.netsuite.com/services/rest/record/v1/account/298/subsidiary'}]}",,,"{'id': 'AVERAGE', 'refName': 'Average'}",,True,"{'id': 'CURRENT', 'refName': 'Current'}",,False,,15016,,"{'links': [{'rel': 'self', 'href': 'https://7399703.suitetalk.api.netsuite.com/services/rest/record/v1/account/282'}], 'id': '282', 'refName': '15000 Notes Receivable'}",
"{'links': [{'rel': 'self', 'href': 'https://7399703.suitetalk.api.netsuite.com/services/rest/record/v1/account/299/accountContextSearch'}]}",Notes Receivable TOS,15017,"{'id': 'OthCurrAsset', 'refName': 'Other Current Asset'}",False,False,False,299,True,False,False,False,2023-04-13T15:42:00Z,"{'links': [{'rel': 'self', 'href': 'https://7399703.suitetalk.api.netsuite.com/services/rest/record/v1/account/299/localizations'}]}","{'links': [{'rel': 'self', 'href': 'https://7399703.suitetalk.api.netsuite.com/services/rest/record/v1/account/299/subsidiary'}]}",,,"{'id': 'AVERAGE', 'refName': 'Average'}",,True,"{'id': 'CURRENT', 'refName': 'Current'}",,False,,15017,,"{'links': [{'rel': 'self', 'href': 'https://7399703.suitetalk.api.netsuite.com/services/rest/record/v1/account/282'}], 'id': '282', 'refName': '15000 Notes Receivable'}",
"{'links': [{'rel': 'self', 'href': 'https://7399703.suitetalk.api.netsuite.com/services/rest/record/v1/account/300/accountContextSearch'}]}",Notes Receivable TSSI,15018,"{'id': 'OthCurrAsset', 'refName': 'Other Current Asset'}",False,False,False,300,True,False,False,False,2023-04-13T15:42:00Z,"{'links': [{'rel': 'self', 'href': 'https://7399703.suitetalk.api.netsuite.com/services/rest/record/v1/account/300/localizations'}]}","{'links': [{'rel': 'self', 'href': 'https://7399703.suitetalk.api.netsuite.com/services/rest/record/v1/account/300/subsidiary'}]}",,,"{'id': 'AVERAGE', 'refName': 'Average'}",,True,"{'id': 'CURRENT', 'refName': 'Current'}",,False,,15018,,"{'links': [{'rel': 'self', 'href': 'https://7399703.suitetalk.api.netsuite.com/services/rest/record/v1/account/282'}], 'id': '282', 'refName': '15000 Notes Receivable'}",
"{'links': [{'rel': 'self', 'href': 'https://7399703.suitetalk.api.netsuite.com/services/rest/record/v1/account/301/accountContextSearch'}]}",Notes Receivable TX FMG,15019,"{'id': 'OthCurrAsset', 'refName': 'Other Current Asset'}",False,False,False,301,True,False,False,False,2023-04-13T15:42:00Z,"{'links': [{'rel': 'self', 'href': 'https://7399703.suitetalk.api.netsuite.com/services/rest/record/v1/account/301/localizations'}]}","{'links': [{'rel': 'self', 'href': 'https://7399703.suitetalk.api.netsuite.com/services/rest/record/v1/account/301/subsidiary'}]}",,,"{'id': 'AVERAGE', 'refName': 'Average'}",,True,"{'id': 'CURRENT', 'refName': 'Current'}",,False,,15019,,"{'links': [{'rel': 'self', 'href': 'https://7399703.suitetalk.api.netsuite.com/services/rest/record/v1/account/282'}], 'id': '282', 'refName': '15000 Notes Receivable'}",
"{'links': [{'rel': 'self', 'href': 'https://7399703.suitetalk.api.netsuite.com/services/rest/record/v1/account/302/accountContextSearch'}]}",Notes Receivable UMS,15020,"{'id': 'OthCurrAsset', 'refName': 'Other Current Asset'}",False,False,False,302,True,False,False,False,2023-04-13T15:42:00Z,"{'links': [{'rel': 'self', 'href': 'https://7399703.suitetalk.api.netsuite.com/services/rest/record/v1/account/302/localizations'}]}","{'links': [{'rel': 'self', 'href': 'https://7399703.suitetalk.api.netsuite.com/services/rest/record/v1/account/302/subsidiary'}]}",,,"{'id': 'AVERAGE', 'refName': 'Average'}",,True,"{'id': 'CURRENT', 'refName': 'Current'}",,False,,15020,,"{'links': [{'rel': 'self', 'href': 'https://7399703.suitetalk.api.netsuite.com/services/rest/record/v1/account/282'}], 'id': '282', 'refName': '15000 Notes Receivable'}",
"{'links': [{'rel': 'self', 'href': 'https://7399703.suitetalk.api.netsuite.com/services/rest/record/v1/account/303/accountContextSearch'}]}",Notes Receivable WTX,15021,"{'id': 'OthCurrAsset', 'refName': 'Other Current Asset'}",False,False,False,303,True,False,False,False,2023-04-13T15:42:00Z,"{'links': [{'rel': 'self', 'href': 'https://7399703.suitetalk.api.netsuite.com/services/rest/record/v1/account/303/localizations'}]}","{'links': [{'rel': 'self', 'href': 'https://7399703.suitetalk.api.netsuite.com/services/rest/record/v1/account/303/subsidiary'}]}",,,"{'id': 'AVERAGE', 'refName': 'Average'}",,True,"{'id': 'CURRENT', 'refName': 'Current'}",,False,,15021,,"{'links': [{'rel': 'self', 'href': 'https://7399703.suitetalk.api.netsuite.com/services/rest/record/v1/account/282'}], 'id': '282', 'refName': '15000 Notes Receivable'}",
"{'links': [{'rel': 'self', 'href': 'https://7399703.suitetalk.api.netsuite.com/services/rest/record/v1/account/1945/accountContextSearch'}]}",Notes Receivable RBS,15022,"{'id': 'OthCurrAsset', 'refName': 'Other Current Asset'}",False,False,False,1945,True,False,False,False,2023-04-13T15:42:00Z,"{'links': [{'rel': 'self', 'href': 'https://7399703.suitetalk.api.netsuite.com/services/rest/record/v1/account/1945/localizations'}]}","{'links': [{'rel': 'self', 'href': 'https://7399703.suitetalk.api.netsuite.com/services/rest/record/v1/account/1945/subsidiary'}]}",,,"{'id': 'AVERAGE', 'refName': 'Average'}",,True,"{'id': 'CURRENT', 'refName': 'Current'}",,False,,,,"{'links': [{'rel': 'self', 'href': 'https://7399703.suitetalk.api.netsuite.com/services/rest/record/v1/account/282'}], 'id': '282', 'refName': '15000 Notes Receivable'}",
"{'links': [{'rel': 'self', 'href': 'https://7399703.suitetalk.api.netsuite.com/services/rest/record/v1/account/1954/accountContextSearch'}]}",Notes Receivable Remedy,15023,"{'id': 'OthCurrAsset', 'refName': 'Other Current Asset'}",False,False,False,1954,True,False,False,False,2024-02-14T21:04:00Z,"{'links': [{'rel': 'self', 'href': 'https://7399703.suitetalk.api.netsuite.com/services/rest/record/v1/account/1954/localizations'}]}","{'links': [{'rel': 'self', 'href': 'https://7399703.suitetalk.api.netsuite.com/services/rest/record/v1/account/1954/subsidiary'}]}",,,"{'id': 'AVERAGE', 'refName': 'Average'}",,True,"{'id': 'CURRENT', 'refName': 'Current'}",,False,,,,"{'links': [{'rel': 'self', 'href': 'https://7399703.suitetalk.api.netsuite.com/services/rest/record/v1/account/282'}], 'id': '282', 'refName': '15000 Notes Receivable'}",
"{'links': [{'rel': 'self', 'href': 'https://7399703.suitetalk.api.netsuite.com/services/rest/record/v1/account/1958/accountContextSearch'}]}",Notes Receivable AI,15024,"{'id': 'OthCurrAsset', 'refName': 'Other Current Asset'}",False,False,False,1958,True,False,False,False,2023-04-13T15:43:00Z,"{'links': [{'rel': 'self', 'href': 'https://7399703.suitetalk.api.netsuite.com/services/rest/record/v1/account/1958/localizations'}]}","{'links': [{'rel': 'self', 'href': 'https://7399703.suitetalk.api.netsuite.com/services/rest/record/v1/account/1958/subsidiary'}]}",,,"{'id': 'AVERAGE', 'refName': 'Average'}",,True,"{'id': 'CURRENT', 'refName': 'Current'}",,False,,,,"{'links': [{'rel': 'self', 'href': 'https://7399703.suitetalk.api.netsuite.com/services/rest/record/v1/account/282'}], 'id': '282', 'refName': '15000 Notes Receivable'}",
"{'links': [{'rel': 'self', 'href': 'https://7399703.suitetalk.api.netsuite.com/services/rest/record/v1/account/1978/accountContextSearch'}]}",Notes Receivable UJH,15025,"{'id': 'OthCurrAsset', 'refName': 'Other Current Asset'}",False,False,False,1978,True,False,False,False,2023-04-20T14:33:00Z,"{'links': [{'rel': 'self', 'href': 'https://7399703.suitetalk.api.netsuite.com/services/rest/record/v1/account/1978/localizations'}]}","{'links': [{'rel': 'self', 'href': 'https://7399703.suitetalk.api.netsuite.com/services/rest/record/v1/account/1978/subsidiary'}]}",,,"{'id': 'AVERAGE', 'refName': 'Average'}",,True,"{'id': 'CURRENT', 'refName': 'Current'}",,False,,,,"{'links': [{'rel': 'self', 'href': 'https://7399703.suitetalk.api.netsuite.com/services/rest/record/v1/account/282'}], 'id': '282', 'refName': '15000 Notes Receivable'}",
"{'links': [{'rel': 'self', 'href': 'https://7399703.suitetalk.api.netsuite.com/services/rest/record/v1/account/2026/accountContextSearch'}]}",Notes Receivable SDC,15026,"{'id': 'OthCurrAsset', 'refName': 'Other Current Asset'}",False,False,False,2026,True,False,False,False,2023-06-15T20:41:00Z,"{'links': [{'rel': 'self', 'href': 'https://7399703.suitetalk.api.netsuite.com/services/rest/record/v1/account/2026/localizations'}]}","{'links': [{'rel': 'self', 'href': 'https://7399703.suitetalk.api.netsuite.com/services/rest/record/v1/account/2026/subsidiary'}]}",,,"{'id': 'AVERAGE', 'refName': 'Average'}",,True,"{'id': 'CURRENT', 'refName': 'Current'}",,False,,,,"{'links': [{'rel': 'self', 'href': 'https://7399703.suitetalk.api.netsuite.com/services/rest/record/v1/account/282'}], 'id': '282', 'refName': '15000 Notes Receivable'}",
"{'links': [{'rel': 'self', 'href': 'https://7399703.suitetalk.api.netsuite.com/services/rest/record/v1/account/2035/accountContextSearch'}]}",Notes Receivable Omada,15027,"{'id': 'OthCurrAsset', 'refName': 'Other Current Asset'}",False,False,False,2035,True,False,False,False,2023-07-18T16:48:00Z,"{'links': [{'rel': 'self', 'href': 'https://7399703.suitetalk.api.netsuite.com/services/rest/record/v1/account/2035/localizations'}]}","{'links': [{'rel': 'self', 'href': 'https://7399703.suitetalk.api.netsuite.com/services/rest/record/v1/account/2035/subsidiary'}]}",,,"{'id': 'AVERAGE', 'refName': 'Average'}",,True,"{'id': 'CURRENT', 'refName': 'Current'}",,False,,,,"{'links': [{'rel': 'self', 'href': 'https://7399703.suitetalk.api.netsuite.com/services/rest/record/v1/account/282'}], 'id': '282', 'refName': '15000 Notes Receivable'}",
"{'links': [{'rel': 'self', 'href': 'https://7399703.suitetalk.api.netsuite.com/services/rest/record/v1/account/2041/accountContextSearch'}]}",Notes Receivable LCPA,15028,"{'id': 'OthCurrAsset', 'refName': 'Other Current Asset'}",False,False,False,2041,True,False,False,False,2023-08-04T18:03:00Z,"{'links': [{'rel': 'self', 'href': 'https://7399703.suitetalk.api.netsuite.com/services/rest/record/v1/account/2041/localizations'}]}","{'links': [{'rel': 'self', 'href': 'https://7399703.suitetalk.api.netsuite.com/services/rest/record/v1/account/2041/subsidiary'}]}",,,"{'id': 'AVERAGE', 'refName': 'Average'}",,True,"{'id': 'CURRENT', 'refName': 'Current'}",,False,,,,"{'links': [{'rel': 'self', 'href': 'https://7399703.suitetalk.api.netsuite.com/services/rest/record/v1/account/282'}], 'id': '282', 'refName': '15000 Notes Receivable'}",
"{'links': [{'rel': 'self', 'href': 'https://7399703.suitetalk.api.netsuite.com/services/rest/record/v1/account/2048/accountContextSearch'}]}",Notes Receivable CMG NC,15029,"{'id': 'OthCurrAsset', 'refName': 'Other Current Asset'}",False,False,False,2048,True,False,False,False,2023-09-25T17:25:00Z,"{'links': [{'rel': 'self', 'href': 'https://7399703.suitetalk.api.netsuite.com/services/rest/record/v1/account/2048/localizations'}]}","{'links': [{'rel': 'self', 'href': 'https://7399703.suitetalk.api.netsuite.com/services/rest/record/v1/account/2048/subsidiary'}]}",,,"{'id': 'AVERAGE', 'refName': 'Average'}","{'links': [{'rel': 'self', 'href': 'https://7399703.suitetalk.api.netsuite.com/services/rest/record/v1/currency/1'}], 'id': '1', 'refName': 'USD'}",True,"{'id': 'CURRENT', 'refName': 'Current'}",,False,,,,"{'links': [{'rel': 'self', 'href': 'https://7399703.suitetalk.api.netsuite.com/services/rest/record/v1/account/282'}], 'id': '282', 'refName': '15000 Notes Receivable'}",
"{'links': [{'rel': 'self', 'href': 'https://7399703.suitetalk.api.netsuite.com/services/rest/record/v1/account/2484/accountContextSearch'}]}",Notes Receivable Med Source,15030,"{'id': 'OthCurrAsset', 'refName': 'Other Current Asset'}",False,False,False,2484,True,False,False,False,2023-11-28T16:46:00Z,"{'links': [{'rel': 'self', 'href': 'https://7399703.suitetalk.api.netsuite.com/services/rest/record/v1/account/2484/localizations'}]}","{'links': [{'rel': 'self', 'href': 'https://7399703.suitetalk.api.netsuite.com/services/rest/record/v1/account/2484/subsidiary'}]}",,,"{'id': 'AVERAGE', 'refName': 'Average'}",,True,"{'id': 'CURRENT', 'refName': 'Current'}",,False,,,,"{'links': [{'rel': 'self', 'href': 'https://7399703.suitetalk.api.netsuite.com/services/rest/record/v1/account/282'}], 'id': '282', 'refName': '15000 Notes Receivable'}",
"{'links': [{'rel': 'self', 'href': 'https://7399703.suitetalk.api.netsuite.com/services/rest/record/v1/account/2466/accountContextSearch'}]}",Notes Receivable WRARG,15031,"{'id': 'OthCurrAsset', 'refName': 'Other Current Asset'}",False,False,False,2466,True,False,False,False,2023-10-20T15:15:00Z,"{'links': [{'rel': 'self', 'href': 'https://7399703.suitetalk.api.netsuite.com/services/rest/record/v1/account/2466/localizations'}]}","{'links': [{'rel': 'self', 'href': 'https://7399703.suitetalk.api.netsuite.com/services/rest/record/v1/account/2466/subsidiary'}]}",,,"{'id': 'AVERAGE', 'refName': 'Average'}","{'links': [{'rel': 'self', 'href': 'https://7399703.suitetalk.api.netsuite.com/services/rest/record/v1/currency/1'}], 'id': '1', 'refName': 'USD'}",True,"{'id': 'CURRENT', 'refName': 'Current'}",,False,,,,"{'links': [{'rel': 'self', 'href': 'https://7399703.suitetalk.api.netsuite.com/services/rest/record/v1/account/282'}], 'id': '282', 'refName': '15000 Notes Receivable'}",
"{'links': [{'rel': 'self', 'href': 'https://7399703.suitetalk.api.netsuite.com/services/rest/record/v1/account/2485/accountContextSearch'}]}",Notes Receivable ARG II,15032,"{'id': 'OthCurrAsset', 'refName': 'Other Current Asset'}",False,False,False,2485,True,False,False,False,2023-11-28T16:47:00Z,"{'links': [{'rel': 'self', 'href': 'https://7399703.suitetalk.api.netsuite.com/services/rest/record/v1/account/2485/localizations'}]}","{'links': [{'rel': 'self', 'href': 'https://7399703.suitetalk.api.netsuite.com/services/rest/record/v1/account/2485/subsidiary'}]}",,,"{'id': 'AVERAGE', 'refName': 'Average'}",,True,"{'id': 'CURRENT', 'refName': 'Current'}",,False,,,,"{'links': [{'rel': 'self', 'href': 'https://7399703.suitetalk.api.netsuite.com/services/rest/record/v1/account/282'}], 'id': '282', 'refName': '15000 Notes Receivable'}",
"{'links': [{'rel': 'self', 'href': 'https://7399703.suitetalk.api.netsuite.com/services/rest/record/v1/account/2486/accountContextSearch'}]}",Notes Receivable AI DFW,15033,"{'id': 'OthCurrAsset', 'refName': 'Other Current Asset'}",False,False,False,2486,True,False,False,False,2023-11-28T16:48:00Z,"{'links': [{'rel': 'self', 'href': 'https://7399703.suitetalk.api.netsuite.com/services/rest/record/v1/account/2486/localizations'}]}","{'links': [{'rel': 'self', 'href': 'https://7399703.suitetalk.api.netsuite.com/services/rest/record/v1/account/2486/subsidiary'}]}",,,"{'id': 'AVERAGE', 'refName': 'Average'}",,True,"{'id': 'CURRENT', 'refName': 'Current'}",,False,,,,"{'links': [{'rel': 'self', 'href': 'https://7399703.suitetalk.api.netsuite.com/services/rest/record/v1/account/282'}], 'id': '282', 'refName': '15000 Notes Receivable'}",
"{'links': [{'rel': 'self', 'href': 'https://7399703.suitetalk.api.netsuite.com/services/rest/record/v1/account/2487/accountContextSearch'}]}",Notes Receivable INSP,15034,"{'id': 'OthCurrAsset', 'refName': 'Other Current Asset'}",False,False,False,2487,True,False,False,False,2023-11-28T16:48:00Z,"{'links': [{'rel': 'self', 'href': 'https://7399703.suitetalk.api.netsuite.com/services/rest/record/v1/account/2487/localizations'}]}","{'links': [{'rel': 'self', 'href': 'https://7399703.suitetalk.api.netsuite.com/services/rest/record/v1/account/2487/subsidiary'}]}",,,"{'id': 'AVERAGE', 'refName': 'Average'}",,True,"{'id': 'CURRENT', 'refName': 'Current'}",,False,,,,"{'links': [{'rel': 'self', 'href': 'https://7399703.suitetalk.api.netsuite.com/services/rest/record/v1/account/282'}], 'id': '282', 'refName': '15000 Notes Receivable'}",
"{'links': [{'rel': 'self', 'href': 'https://7399703.suitetalk.api.netsuite.com/services/rest/record/v1/account/2511/accountContextSearch'}]}",Notes Receivable Omada RV,15035,"{'id': 'OthCurrAsset', 'refName': 'Other Current Asset'}",False,False,False,2511,True,False,False,False,2024-03-29T14:56:00Z,"{'links': [{'rel': 'self', 'href': 'https://7399703.suitetalk.api.netsuite.com/services/rest/record/v1/account/2511/localizations'}]}","{'links': [{'rel': 'self', 'href': 'https://7399703.suitetalk.api.netsuite.com/services/rest/record/v1/account/2511/subsidiary'}]}",,,"{'id': 'AVERAGE', 'refName': 'Average'}",,True,"{'id': 'CURRENT', 'refName': 'Current'}",,False,,,,"{'links': [{'rel': 'self', 'href': 'https://7399703.suitetalk.api.netsuite.com/services/rest/record/v1/account/282'}], 'id': '282', 'refName': '15000 Notes Receivable'}",
"{'links': [{'rel': 'self', 'href': 'https://7399703.suitetalk.api.netsuite.com/services/rest/record/v1/account/2512/accountContextSearch'}]}",Notes Receivable FLYO,15036,"{'id': 'OthCurrAsset', 'refName': 'Other Current Asset'}",False,False,False,2512,True,False,False,False,2024-03-29T15:19:00Z,"{'links': [{'rel': 'self', 'href': 'https://7399703.suitetalk.api.netsuite.com/services/rest/record/v1/account/2512/localizations'}]}","{'links': [{'rel': 'self', 'href': 'https://7399703.suitetalk.api.netsuite.com/services/rest/record/v1/account/2512/subsidiary'}]}",,,"{'id': 'AVERAGE', 'refName': 'Average'}",,True,"{'id': 'CURRENT', 'refName': 'Current'}",,False,,,,"{'links': [{'rel': 'self', 'href': 'https://7399703.suitetalk.api.netsuite.com/services/rest/record/v1/account/282'}], 'id': '282', 'refName': '15000 Notes Receivable'}",
"{'links': [{'rel': 'self', 'href': 'https://7399703.suitetalk.api.netsuite.com/services/rest/record/v1/account/2783/accountContextSearch'}]}",Notes Receivable RCH,15037,"{'id': 'OthCurrAsset', 'refName': 'Other Current Asset'}",False,False,False,2783,True,False,False,False,2025-02-27T17:47:00Z,"{'links': [{'rel': 'self', 'href': 'https://7399703.suitetalk.api.netsuite.com/services/rest/record/v1/account/2783/localizations'}]}","{'links': [{'rel': 'self', 'href': 'https://7399703.suitetalk.api.netsuite.com/services/rest/record/v1/account/2783/subsidiary'}]}",,,"{'id': 'AVERAGE', 'refName': 'Average'}",,True,"{'id': 'CURRENT', 'refName': 'Current'}",,False,,,,"{'links': [{'rel': 'self', 'href': 'https://7399703.suitetalk.api.netsuite.com/services/rest/record/v1/account/282'}], 'id': '282', 'refName': '15000 Notes Receivable'}",
"{'links': [{'rel': 'self', 'href': 'https://7399703.suitetalk.api.netsuite.com/services/rest/record/v1/account/1942/accountContextSearch'}]}",MGMT Fees Receivable,15099,"{'id': 'OthCurrAsset', 'refName': 'Other Current Asset'}",False,False,False,1942,True,False,False,False,2023-04-13T15:38:00Z,"{'links': [{'rel': 'self', 'href': 'https://7399703.suitetalk.api.netsuite.com/services/rest/record/v1/account/1942/localizations'}]}","{'links': [{'rel': 'self', 'href': 'https://7399703.suitetalk.api.netsuite.com/services/rest/record/v1/account/1942/subsidiary'}]}",,,"{'id': 'AVERAGE', 'refName': 'Average'}",,True,"{'id': 'CURRENT', 'refName': 'Current'}",,False,,,,"{'links': [{'rel': 'self', 'href': 'https://7399703.suitetalk.api.netsuite.com/services/rest/record/v1/account/282'}], 'id': '282', 'refName': '15000 Notes Receivable'}",
"{'links': [{'rel': 'self', 'href': 'https://7399703.suitetalk.api.netsuite.com/services/rest/record/v1/account/223/accountContextSearch'}]}",Test Intercompany Receivables,1900,"{'id': 'AcctRec', 'refName': 'Accounts Receivable'}",False,False,False,223,True,False,False,False,2022-04-25T19:53:00Z,"{'links': [{'rel': 'self', 'href': 'https://7399703.suitetalk.api.netsuite.com/services/rest/record/v1/account/223/localizations'}]}","{'links': [{'rel': 'self', 'href': 'https://7399703.suitetalk.api.netsuite.com/services/rest/record/v1/account/223/subsidiary'}]}",,,"{'id': 'AVERAGE', 'refName': 'Average'}",,True,"{'id': 'CURRENT', 'refName': 'Current'}",,True,test account,1900,,,
"{'links': [{'rel': 'self', 'href': 'https://7399703.suitetalk.api.netsuite.com/services/rest/record/v1/account/111/accountContextSearch'}]}",Accounts Payable,21100,"{'id': 'AcctPay', 'refName': 'Accounts Payable'}",False,False,False,111,True,False,False,False,2023-08-11T16:16:00Z,"{'links': [{'rel': 'self', 'href': 'https://7399703.suitetalk.api.netsuite.com/services/rest/record/v1/account/111/localizations'}]}","{'links': [{'rel': 'self', 'href': 'https://7399703.suitetalk.api.netsuite.com/services/rest/record/v1/account/111/subsidiary'}]}",,,"{'id': 'AVERAGE', 'refName': 'Average'}",,False,"{'id': 'CURRENT', 'refName': 'Current'}",,True,,21100,,,"{'id': 'AcctPay', 'refName': 'AcctPay'}"
"{'links': [{'rel': 'self', 'href': 'https://7399703.suitetalk.api.netsuite.com/services/rest/record/v1/account/629/accountContextSearch'}]}",Credit Cards,21104,"{'id': 'CredCard', 'refName': 'Credit Card'}",False,False,False,629,False,False,False,False,2022-04-25T19:52:00Z,"{'links': [{'rel': 'self', 'href': 'https://7399703.suitetalk.api.netsuite.com/services/rest/record/v1/account/629/localizations'}]}","{'links': [{'rel': 'self', 'href': 'https://7399703.suitetalk.api.netsuite.com/services/rest/record/v1/account/629/subsidiary'}]}",,,"{'id': 'AVERAGE', 'refName': 'Average'}","{'links': [{'rel': 'self', 'href': 'https://7399703.suitetalk.api.netsuite.com/services/rest/record/v1/currency/1'}], 'id': '1', 'refName': 'USD'}",False,"{'id': 'CURRENT', 'refName': 'Current'}",True,True,,21104,,,
"{'links': [{'rel': 'self', 'href': 'https://7399703.suitetalk.api.netsuite.com/services/rest/record/v1/account/305/accountContextSearch'}]}",Ramp Card,21105,"{'id': 'CredCard', 'refName': 'Credit Card'}",False,False,False,305,False,False,False,False,2022-06-15T19:05:00Z,"{'links': [{'rel': 'self', 'href': 'https://7399703.suitetalk.api.netsuite.com/services/rest/record/v1/account/305/localizations'}]}","{'links': [{'rel': 'self', 'href': 'https://7399703.suitetalk.api.netsuite.com/services/rest/record/v1/account/305/subsidiary'}]}",,,"{'id': 'AVERAGE', 'refName': 'Average'}","{'links': [{'rel': 'self', 'href': 'https://7399703.suitetalk.api.netsuite.com/services/rest/record/v1/currency/1'}], 'id': '1', 'refName': 'USD'}",False,"{'id': 'CURRENT', 'refName': 'Current'}",True,True,,21106,,,
"{'links': [{'rel': 'self', 'href': 'https://7399703.suitetalk.api.netsuite.com/services/rest/record/v1/account/1436/accountContextSearch'}]}","Ramp Card - Ancillary Resource Group, LLC",21105-01,"{'id': 'CredCard', 'refName': 'Credit Card'}",False,False,False,1436,False,False,False,False,2022-07-15T15:18:00Z,"{'links': [{'rel': 'self', 'href': 'https://7399703.suitetalk.api.netsuite.com/services/rest/record/v1/account/1436/localizations'}]}","{'links': [{'rel': 'self', 'href': 'https://7399703.suitetalk.api.netsuite.com/services/rest/record/v1/account/1436/subsidiary'}]}",,,"{'id': 'AVERAGE', 'refName': 'Average'}","{'links': [{'rel': 'self', 'href': 'https://7399703.suitetalk.api.netsuite.com/services/rest/record/v1/currency/1'}], 'id': '1', 'refName': 'USD'}",False,"{'id': 'CURRENT', 'refName': 'Current'}",True,True,,,,,
"{'links': [{'rel': 'self', 'href': 'https://7399703.suitetalk.api.netsuite.com/services/rest/record/v1/account/1336/accountContextSearch'}]}","Ramp Card - Armina Healthcare, LLC",21105-02,"{'id': 'CredCard', 'refName': 'Credit Card'}",False,False,False,1336,False,False,False,False,2022-07-15T15:17:00Z,"{'links': [{'rel': 'self', 'href': 'https://7399703.suitetalk.api.netsuite.com/services/rest/record/v1/account/1336/localizations'}]}","{'links': [{'rel': 'self', 'href': 'https://7399703.suitetalk.api.netsuite.com/services/rest/record/v1/account/1336/subsidiary'}]}",,,"{'id': 'AVERAGE', 'refName': 'Average'}","{'links': [{'rel': 'self', 'href': 'https://7399703.suitetalk.api.netsuite.com/services/rest/record/v1/currency/1'}], 'id': '1', 'refName': 'USD'}",False,"{'id': 'CURRENT', 'refName': 'Current'}",True,True,,,,,
"{'links': [{'rel': 'self', 'href': 'https://7399703.suitetalk.api.netsuite.com/services/rest/record/v1/account/1344/accountContextSearch'}]}",Ramp Card - Traumatic Brain Injury Institute DBA:  Head Inju,21105-03,"{'id': 'CredCard', 'refName': 'Credit Card'}",False,False,False,1344,False,False,False,False,2022-07-15T15:16:00Z,"{'links': [{'rel': 'self', 'href': 'https://7399703.suitetalk.api.netsuite.com/services/rest/record/v1/account/1344/localizations'}]}","{'links': [{'rel': 'self', 'href': 'https://7399703.suitetalk.api.netsuite.com/services/rest/record/v1/account/1344/subsidiary'}]}",,,"{'id': 'AVERAGE', 'refName': 'Average'}","{'links': [{'rel': 'self', 'href': 'https://7399703.suitetalk.api.netsuite.com/services/rest/record/v1/currency/1'}], 'id': '1', 'refName': 'USD'}",False,"{'id': 'CURRENT', 'refName': 'Current'}",True,True,,,,,
"{'links': [{'rel': 'self', 'href': 'https://7399703.suitetalk.api.netsuite.com/services/rest/record/v1/account/1536/accountContextSearch'}]}","Ramp Card - North Florida Orthopedic and Spine, PLLC",21105-04,"{'id': 'CredCard', 'refName': 'Credit Card'}",False,False,False,1536,False,False,False,False,2022-07-15T15:15:00Z,"{'links': [{'rel': 'self', 'href': 'https://7399703.suitetalk.api.netsuite.com/services/rest/record/v1/account/1536/localizations'}]}","{'links': [{'rel': 'self', 'href': 'https://7399703.suitetalk.api.netsuite.com/services/rest/record/v1/account/1536/subsidiary'}]}",,,"{'id': 'AVERAGE', 'refName': 'Average'}","{'links': [{'rel': 'self', 'href': 'https://7399703.suitetalk.api.netsuite.com/services/rest/record/v1/currency/1'}], 'id': '1', 'refName': 'USD'}",False,"{'id': 'CURRENT', 'refName': 'Current'}",True,True,,,,,
"{'links': [{'rel': 'self', 'href': 'https://7399703.suitetalk.api.netsuite.com/services/rest/record/v1/account/1343/accountContextSearch'}]}","Ramp Card - Pinnacle Spine and Orthopedic, PLLC",21105-05,"{'id': 'CredCard', 'refName': 'Credit Card'}",False,False,False,1343,False,False,False,False,2022-07-15T15:14:00Z,"{'links': [{'rel': 'self', 'href': 'https://7399703.suitetalk.api.netsuite.com/services/rest/record/v1/account/1343/localizations'}]}","{'links': [{'rel': 'self', 'href': 'https://7399703.suitetalk.api.netsuite.com/services/rest/record/v1/account/1343/subsidiary'}]}",,,"{'id': 'AVERAGE', 'refName': 'Average'}","{'links': [{'rel': 'self', 'href': 'https://7399703.suitetalk.api.netsuite.com/services/rest/record/v1/currency/1'}], 'id': '1', 'refName': 'USD'}",False,"{'id': 'CURRENT', 'refName': 'Current'}",True,True,,,,,
"{'links': [{'rel': 'self', 'href': 'https://7399703.suitetalk.api.netsuite.com/services/rest/record/v1/account/1342/accountContextSearch'}]}","Ramp Card - Reece Spine and Orthopedics, PLLC",21105-06,"{'id': 'CredCard', 'refName': 'Credit Card'}",False,False,False,1342,False,False,False,False,2022-07-15T15:13:00Z,"{'links': [{'rel': 'self', 'href': 'https://7399703.suitetalk.api.netsuite.com/services/rest/record/v1/account/1342/localizations'}]}","{'links': [{'rel': 'self', 'href': 'https://7399703.suitetalk.api.netsuite.com/services/rest/record/v1/account/1342/subsidiary'}]}",,,"{'id': 'AVERAGE', 'refName': 'Average'}","{'links': [{'rel': 'self', 'href': 'https://7399703.suitetalk.api.netsuite.com/services/rest/record/v1/currency/1'}], 'id': '1', 'refName': 'USD'}",False,"{'id': 'CURRENT', 'refName': 'Current'}",True,True,,,,,
"{'links': [{'rel': 'self', 'href': 'https://7399703.suitetalk.api.netsuite.com/services/rest/record/v1/account/1337/accountContextSearch'}]}","Ramp Card - The SOAR Institute, PLLC",21105-07,"{'id': 'CredCard', 'refName': 'Credit Card'}",False,False,False,1337,False,False,False,False,2022-07-15T15:12:00Z,"{'links': [{'rel': 'self', 'href': 'https://7399703.suitetalk.api.netsuite.com/services/rest/record/v1/account/1337/localizations'}]}","{'links': [{'rel': 'self', 'href': 'https://7399703.suitetalk.api.netsuite.com/services/rest/record/v1/account/1337/subsidiary'}]}",,,"{'id': 'AVERAGE', 'refName': 'Average'}","{'links': [{'rel': 'self', 'href': 'https://7399703.suitetalk.api.netsuite.com/services/rest/record/v1/currency/1'}], 'id': '1', 'refName': 'USD'}",False,"{'id': 'CURRENT', 'refName': 'Current'}",True,True,,,,,
"{'links': [{'rel': 'self', 'href': 'https://7399703.suitetalk.api.netsuite.com/services/rest/record/v1/account/1338/accountContextSearch'}]}","Ramp Card - Surgical Resources Management, LLC",21105-08,"{'id': 'CredCard', 'refName': 'Credit Card'}",False,False,False,1338,False,False,False,False,2022-07-15T15:11:00Z,"{'links': [{'rel': 'self', 'href': 'https://7399703.suitetalk.api.netsuite.com/services/rest/record/v1/account/1338/localizations'}]}","{'links': [{'rel': 'self', 'href': 'https://7399703.suitetalk.api.netsuite.com/services/rest/record/v1/account/1338/subsidiary'}]}",,,"{'id': 'AVERAGE', 'refName': 'Average'}","{'links': [{'rel': 'self', 'href': 'https://7399703.suitetalk.api.netsuite.com/services/rest/record/v1/currency/1'}], 'id': '1', 'refName': 'USD'}",False,"{'id': 'CURRENT', 'refName': 'Current'}",True,True,,,,,
"{'links': [{'rel': 'self', 'href': 'https://7399703.suitetalk.api.netsuite.com/services/rest/record/v1/account/1345/accountContextSearch'}]}","Ramp Card - Sun Valley Orthopedic and Spine, PLLC",21105-09,"{'id': 'CredCard', 'refName': 'Credit Card'}",False,False,False,1345,False,False,False,False,2022-07-15T15:10:00Z,"{'links': [{'rel': 'self', 'href': 'https://7399703.suitetalk.api.netsuite.com/services/rest/record/v1/account/1345/localizations'}]}","{'links': [{'rel': 'self', 'href': 'https://7399703.suitetalk.api.netsuite.com/services/rest/record/v1/account/1345/subsidiary'}]}",,,"{'id': 'AVERAGE', 'refName': 'Average'}","{'links': [{'rel': 'self', 'href': 'https://7399703.suitetalk.api.netsuite.com/services/rest/record/v1/currency/1'}], 'id': '1', 'refName': 'USD'}",False,"{'id': 'CURRENT', 'refName': 'Current'}",True,True,,,,,
"{'links': [{'rel': 'self', 'href': 'https://7399703.suitetalk.api.netsuite.com/services/rest/record/v1/account/1136/accountContextSearch'}]}","Ramp Card - Tennessee Orthopedic & Spine, PLLC",21105-10,"{'id': 'CredCard', 'refName': 'Credit Card'}",False,False,False,1136,False,False,False,False,2022-07-15T14:59:00Z,"{'links': [{'rel': 'self', 'href': 'https://7399703.suitetalk.api.netsuite.com/services/rest/record/v1/account/1136/localizations'}]}","{'links': [{'rel': 'self', 'href': 'https://7399703.suitetalk.api.netsuite.com/services/rest/record/v1/account/1136/subsidiary'}]}",,,"{'id': 'AVERAGE', 'refName': 'Average'}","{'links': [{'rel': 'self', 'href': 'https://7399703.suitetalk.api.netsuite.com/services/rest/record/v1/currency/1'}], 'id': '1', 'refName': 'USD'}",False,"{'id': 'CURRENT', 'refName': 'Current'}",True,True,,,,,
"{'links': [{'rel': 'self', 'href': 'https://7399703.suitetalk.api.netsuite.com/services/rest/record/v1/account/1339/accountContextSearch'}]}","Ramp Card - Texas Spine & Sports Injury, PLLC",21105-11,"{'id': 'CredCard', 'refName': 'Credit Card'}",False,False,False,1339,False,False,False,False,2022-07-15T14:52:00Z,"{'links': [{'rel': 'self', 'href': 'https://7399703.suitetalk.api.netsuite.com/services/rest/record/v1/account/1339/localizations'}]}","{'links': [{'rel': 'self', 'href': 'https://7399703.suitetalk.api.netsuite.com/services/rest/record/v1/account/1339/subsidiary'}]}",,,"{'id': 'AVERAGE', 'refName': 'Average'}","{'links': [{'rel': 'self', 'href': 'https://7399703.suitetalk.api.netsuite.com/services/rest/record/v1/currency/1'}], 'id': '1', 'refName': 'USD'}",False,"{'id': 'CURRENT', 'refName': 'Current'}",True,True,,,,,
"{'links': [{'rel': 'self', 'href': 'https://7399703.suitetalk.api.netsuite.com/services/rest/record/v1/account/1340/accountContextSearch'}]}","Ramp Card - TX First Medical Group, PLLC",21105-12,"{'id': 'CredCard', 'refName': 'Credit Card'}",False,False,False,1340,False,False,False,False,2022-07-15T14:51:00Z,"{'links': [{'rel': 'self', 'href': 'https://7399703.suitetalk.api.netsuite.com/services/rest/record/v1/account/1340/localizations'}]}","{'links': [{'rel': 'self', 'href': 'https://7399703.suitetalk.api.netsuite.com/services/rest/record/v1/account/1340/subsidiary'}]}",,,"{'id': 'AVERAGE', 'refName': 'Average'}","{'links': [{'rel': 'self', 'href': 'https://7399703.suitetalk.api.netsuite.com/services/rest/record/v1/currency/1'}], 'id': '1', 'refName': 'USD'}",False,"{'id': 'CURRENT', 'refName': 'Current'}",True,True,,,,,
"{'links': [{'rel': 'self', 'href': 'https://7399703.suitetalk.api.netsuite.com/services/rest/record/v1/account/1236/accountContextSearch'}]}","Ramp Card - Universal Medical Solutions II, LLC",21105-13,"{'id': 'CredCard', 'refName': 'Credit Card'}",False,False,False,1236,False,False,False,False,2022-07-15T14:50:00Z,"{'links': [{'rel': 'self', 'href': 'https://7399703.suitetalk.api.netsuite.com/services/rest/record/v1/account/1236/localizations'}]}","{'links': [{'rel': 'self', 'href': 'https://7399703.suitetalk.api.netsuite.com/services/rest/record/v1/account/1236/subsidiary'}]}",,,"{'id': 'AVERAGE', 'refName': 'Average'}","{'links': [{'rel': 'self', 'href': 'https://7399703.suitetalk.api.netsuite.com/services/rest/record/v1/currency/1'}], 'id': '1', 'refName': 'USD'}",False,"{'id': 'CURRENT', 'refName': 'Current'}",True,True,,,,,
"{'links': [{'rel': 'self', 'href': 'https://7399703.suitetalk.api.netsuite.com/services/rest/record/v1/account/1341/accountContextSearch'}]}","Ramp Card - West Texas Spine Institute, PLLC",21105-14,"{'id': 'CredCard', 'refName': 'Credit Card'}",False,False,False,1341,False,False,False,False,2022-07-15T14:31:00Z,"{'links': [{'rel': 'self', 'href': 'https://7399703.suitetalk.api.netsuite.com/services/rest/record/v1/account/1341/localizations'}]}","{'links': [{'rel': 'self', 'href': 'https://7399703.suitetalk.api.netsuite.com/services/rest/record/v1/account/1341/subsidiary'}]}",,,"{'id': 'AVERAGE', 'refName': 'Average'}","{'links': [{'rel': 'self', 'href': 'https://7399703.suitetalk.api.netsuite.com/services/rest/record/v1/currency/1'}], 'id': '1', 'refName': 'USD'}",False,"{'id': 'CURRENT', 'refName': 'Current'}",True,True,,,,,
"{'links': [{'rel': 'self', 'href': 'https://7399703.suitetalk.api.netsuite.com/services/rest/record/v1/account/1839/accountContextSearch'}]}","Ramp Card - Flying R Aviation, LLC",21105-15,"{'id': 'CredCard', 'refName': 'Credit Card'}",False,False,False,1839,False,False,False,False,2022-08-17T14:59:00Z,"{'links': [{'rel': 'self', 'href': 'https://7399703.suitetalk.api.netsuite.com/services/rest/record/v1/account/1839/localizations'}]}","{'links': [{'rel': 'self', 'href': 'https://7399703.suitetalk.api.netsuite.com/services/rest/record/v1/account/1839/subsidiary'}]}",,,"{'id': 'AVERAGE', 'refName': 'Average'}","{'links': [{'rel': 'self', 'href': 'https://7399703.suitetalk.api.netsuite.com/services/rest/record/v1/currency/1'}], 'id': '1', 'refName': 'USD'}",False,"{'id': 'CURRENT', 'refName': 'Current'}",True,True,,,,,
"{'links': [{'rel': 'self', 'href': 'https://7399703.suitetalk.api.netsuite.com/services/rest/record/v1/account/1963/accountContextSearch'}]}",Ramp Card - Remedy Surgery Center,21105-16,"{'id': 'CredCard', 'refName': 'Credit Card'}",False,False,False,1963,False,False,False,False,2023-02-09T21:01:00Z,"{'links': [{'rel': 'self', 'href': 'https://7399703.suitetalk.api.netsuite.com/services/rest/record/v1/account/1963/localizations'}]}","{'links': [{'rel': 'self', 'href': 'https://7399703.suitetalk.api.netsuite.com/services/rest/record/v1/account/1963/subsidiary'}]}",,,"{'id': 'AVERAGE', 'refName': 'Average'}","{'links': [{'rel': 'self', 'href': 'https://7399703.suitetalk.api.netsuite.com/services/rest/record/v1/currency/1'}], 'id': '1', 'refName': 'USD'}",False,"{'id': 'CURRENT', 'refName': 'Current'}",True,True,,,,,
"{'links': [{'rel': 'self', 'href': 'https://7399703.suitetalk.api.netsuite.com/services/rest/record/v1/account/1964/accountContextSearch'}]}",Ramp Card - Avalon Imaging,21105-17,"{'id': 'CredCard', 'refName': 'Credit Card'}",False,False,False,1964,False,False,False,False,2023-02-09T21:05:00Z,"{'links': [{'rel': 'self', 'href': 'https://7399703.suitetalk.api.netsuite.com/services/rest/record/v1/account/1964/localizations'}]}","{'links': [{'rel': 'self', 'href': 'https://7399703.suitetalk.api.netsuite.com/services/rest/record/v1/account/1964/subsidiary'}]}",,,"{'id': 'AVERAGE', 'refName': 'Average'}","{'links': [{'rel': 'self', 'href': 'https://7399703.suitetalk.api.netsuite.com/services/rest/record/v1/currency/1'}], 'id': '1', 'refName': 'USD'}",False,"{'id': 'CURRENT', 'refName': 'Current'}",True,True,,,,,
"{'links': [{'rel': 'self', 'href': 'https://7399703.suitetalk.api.netsuite.com/services/rest/record/v1/account/1965/accountContextSearch'}]}",Ramp Card - Republic Brain & Spine Ortho,21105-18,"{'id': 'CredCard', 'refName': 'Credit Card'}",False,False,False,1965,False,False,False,False,2023-02-09T21:27:00Z,"{'links': [{'rel': 'self', 'href': 'https://7399703.suitetalk.api.netsuite.com/services/rest/record/v1/account/1965/localizations'}]}","{'links': [{'rel': 'self', 'href': 'https://7399703.suitetalk.api.netsuite.com/services/rest/record/v1/account/1965/subsidiary'}]}",,,"{'id': 'AVERAGE', 'refName': 'Average'}","{'links': [{'rel': 'self', 'href': 'https://7399703.suitetalk.api.netsuite.com/services/rest/record/v1/currency/1'}], 'id': '1', 'refName': 'USD'}",False,"{'id': 'CURRENT', 'refName': 'Current'}",True,True,,,,,
"{'links': [{'rel': 'self', 'href': 'https://7399703.suitetalk.api.netsuite.com/services/rest/record/v1/account/2030/accountContextSearch'}]}",Ramp Card - SDC Operating,21105-19,"{'id': 'CredCard', 'refName': 'Credit Card'}",False,False,False,2030,False,False,False,False,2023-05-25T13:51:00Z,"{'links': [{'rel': 'self', 'href': 'https://7399703.suitetalk.api.netsuite.com/services/rest/record/v1/account/2030/localizations'}]}","{'links': [{'rel': 'self', 'href': 'https://7399703.suitetalk.api.netsuite.com/services/rest/record/v1/account/2030/subsidiary'}]}",,,"{'id': 'AVERAGE', 'refName': 'Average'}","{'links': [{'rel': 'self', 'href': 'https://7399703.suitetalk.api.netsuite.com/services/rest/record/v1/currency/1'}], 'id': '1', 'refName': 'USD'}",False,"{'id': 'CURRENT', 'refName': 'Current'}",True,True,,,,,
"{'links': [{'rel': 'self', 'href': 'https://7399703.suitetalk.api.netsuite.com/services/rest/record/v1/account/304/accountContextSearch'}]}",Chase Credit Card,21106,"{'id': 'CredCard', 'refName': 'Credit Card'}",False,False,False,304,False,False,False,False,2022-06-10T19:33:00Z,"{'links': [{'rel': 'self', 'href': 'https://7399703.suitetalk.api.netsuite.com/services/rest/record/v1/account/304/localizations'}]}","{'links': [{'rel': 'self', 'href': 'https://7399703.suitetalk.api.netsuite.com/services/rest/record/v1/account/304/subsidiary'}]}",,,"{'id': 'AVERAGE', 'refName': 'Average'}","{'links': [{'rel': 'self', 'href': 'https://7399703.suitetalk.api.netsuite.com/services/rest/record/v1/currency/1'}], 'id': '1', 'refName': 'USD'}",False,"{'id': 'CURRENT', 'refName': 'Current'}",True,True,,21105,,,
"{'links': [{'rel': 'self', 'href': 'https://7399703.suitetalk.api.netsuite.com/services/rest/record/v1/account/931/accountContextSearch'}]}",Chase Business Credit Card (3002),21106-01,"{'id': 'CredCard', 'refName': 'Credit Card'}",False,False,False,931,False,False,False,False,2022-06-10T19:33:00Z,"{'links': [{'rel': 'self', 'href': 'https://7399703.suitetalk.api.netsuite.com/services/rest/record/v1/account/931/localizations'}]}","{'links': [{'rel': 'self', 'href': 'https://7399703.suitetalk.api.netsuite.com/services/rest/record/v1/account/931/subsidiary'}]}",,,"{'id': 'AVERAGE', 'refName': 'Average'}","{'links': [{'rel': 'self', 'href': 'https://7399703.suitetalk.api.netsuite.com/services/rest/record/v1/currency/1'}], 'id': '1', 'refName': 'USD'}",False,"{'id': 'CURRENT', 'refName': 'Current'}",True,True,,21106-01,,"{'links': [{'rel': 'self', 'href': 'https://7399703.suitetalk.api.netsuite.com/services/rest/record/v1/account/304'}], 'id': '304', 'refName': '21106 Chase Credit Card'}",
"{'links': [{'rel': 'self', 'href': 'https://7399703.suitetalk.api.netsuite.com/services/rest/record/v1/account/932/accountContextSearch'}]}",Chase Business Credit Card (0979),21106-02,"{'id': 'CredCard', 'refName': 'Credit Card'}",False,False,False,932,False,False,False,False,2022-06-10T19:33:00Z,"{'links': [{'rel': 'self', 'href': 'https://7399703.suitetalk.api.netsuite.com/services/rest/record/v1/account/932/localizations'}]}","{'links': [{'rel': 'self', 'href': 'https://7399703.suitetalk.api.netsuite.com/services/rest/record/v1/account/932/subsidiary'}]}",,,"{'id': 'AVERAGE', 'refName': 'Average'}","{'links': [{'rel': 'self', 'href': 'https://7399703.suitetalk.api.netsuite.com/services/rest/record/v1/currency/1'}], 'id': '1', 'refName': 'USD'}",False,"{'id': 'CURRENT', 'refName': 'Current'}",True,True,,21106-02,,"{'links': [{'rel': 'self', 'href': 'https://7399703.suitetalk.api.netsuite.com/services/rest/record/v1/account/304'}], 'id': '304', 'refName': '21106 Chase Credit Card'}",
"{'links': [{'rel': 'self', 'href': 'https://7399703.suitetalk.api.netsuite.com/services/rest/record/v1/account/933/accountContextSearch'}]}",Chase Business Credit Card (5105),21106-03,"{'id': 'CredCard', 'refName': 'Credit Card'}",False,False,False,933,False,False,False,False,2022-06-10T19:33:00Z,"{'links': [{'rel': 'self', 'href': 'https://7399703.suitetalk.api.netsuite.com/services/rest/record/v1/account/933/localizations'}]}","{'links': [{'rel': 'self', 'href': 'https://7399703.suitetalk.api.netsuite.com/services/rest/record/v1/account/933/subsidiary'}]}",,,"{'id': 'AVERAGE', 'refName': 'Average'}","{'links': [{'rel': 'self', 'href': 'https://7399703.suitetalk.api.netsuite.com/services/rest/record/v1/currency/1'}], 'id': '1', 'refName': 'USD'}",False,"{'id': 'CURRENT', 'refName': 'Current'}",True,True,,21106-03,,"{'links': [{'rel': 'self', 'href': 'https://7399703.suitetalk.api.netsuite.com/services/rest/record/v1/account/304'}], 'id': '304', 'refName': '21106 Chase Credit Card'}",
"{'links': [{'rel': 'self', 'href': 'https://7399703.suitetalk.api.netsuite.com/services/rest/record/v1/account/934/accountContextSearch'}]}",Chase Business Credit Card (9457),21106-04,"{'id': 'CredCard', 'refName': 'Credit Card'}",False,False,False,934,False,False,False,False,2022-06-10T19:33:00Z,"{'links': [{'rel': 'self', 'href': 'https://7399703.suitetalk.api.netsuite.com/services/rest/record/v1/account/934/localizations'}]}","{'links': [{'rel': 'self', 'href': 'https://7399703.suitetalk.api.netsuite.com/services/rest/record/v1/account/934/subsidiary'}]}",,,"{'id': 'AVERAGE', 'refName': 'Average'}","{'links': [{'rel': 'self', 'href': 'https://7399703.suitetalk.api.netsuite.com/services/rest/record/v1/currency/1'}], 'id': '1', 'refName': 'USD'}",False,"{'id': 'CURRENT', 'refName': 'Current'}",True,True,,21106-04,,"{'links': [{'rel': 'self', 'href': 'https://7399703.suitetalk.api.netsuite.com/services/rest/record/v1/account/304'}], 'id': '304', 'refName': '21106 Chase Credit Card'}",
"{'links': [{'rel': 'self', 'href': 'https://7399703.suitetalk.api.netsuite.com/services/rest/record/v1/account/530/accountContextSearch'}]}",Brian Reece Chase Credit Card,21107,"{'id': 'CredCard', 'refName': 'Credit Card'}",False,False,False,530,False,False,False,False,2022-06-10T19:33:00Z,"{'links': [{'rel': 'self', 'href': 'https://7399703.suitetalk.api.netsuite.com/services/rest/record/v1/account/530/localizations'}]}","{'links': [{'rel': 'self', 'href': 'https://7399703.suitetalk.api.netsuite.com/services/rest/record/v1/account/530/subsidiary'}]}",,,"{'id': 'AVERAGE', 'refName': 'Average'}","{'links': [{'rel': 'self', 'href': 'https://7399703.suitetalk.api.netsuite.com/services/rest/record/v1/currency/1'}], 'id': '1', 'refName': 'USD'}",False,"{'id': 'CURRENT', 'refName': 'Current'}",True,True,,21107,,"{'links': [{'rel': 'self', 'href': 'https://7399703.suitetalk.api.netsuite.com/services/rest/record/v1/account/304'}], 'id': '304', 'refName': '21106 Chase Credit Card'}",
"{'links': [{'rel': 'self', 'href': 'https://7399703.suitetalk.api.netsuite.com/services/rest/record/v1/account/744/accountContextSearch'}]}",Chase Business Credit Card (6787),21108,"{'id': 'CredCard', 'refName': 'Credit Card'}",False,False,False,744,False,False,False,False,2022-06-10T19:33:00Z,"{'links': [{'rel': 'self', 'href': 'https://7399703.suitetalk.api.netsuite.com/services/rest/record/v1/account/744/localizations'}]}","{'links': [{'rel': 'self', 'href': 'https://7399703.suitetalk.api.netsuite.com/services/rest/record/v1/account/744/subsidiary'}]}",,,"{'id': 'AVERAGE', 'refName': 'Average'}","{'links': [{'rel': 'self', 'href': 'https://7399703.suitetalk.api.netsuite.com/services/rest/record/v1/currency/1'}], 'id': '1', 'refName': 'USD'}",False,"{'id': 'CURRENT', 'refName': 'Current'}",True,True,,21108,,"{'links': [{'rel': 'self', 'href': 'https://7399703.suitetalk.api.netsuite.com/services/rest/record/v1/account/304'}], 'id': '304', 'refName': '21106 Chase Credit Card'}",
"{'links': [{'rel': 'self', 'href': 'https://7399703.suitetalk.api.netsuite.com/services/rest/record/v1/account/531/accountContextSearch'}]}",Lynn Reece Chase Credit Card,21109,"{'id': 'CredCard', 'refName': 'Credit Card'}",False,False,False,531,False,False,False,False,2022-06-15T19:46:00Z,"{'links': [{'rel': 'self', 'href': 'https://7399703.suitetalk.api.netsuite.com/services/rest/record/v1/account/531/localizations'}]}","{'links': [{'rel': 'self', 'href': 'https://7399703.suitetalk.api.netsuite.com/services/rest/record/v1/account/531/subsidiary'}]}",,,"{'id': 'AVERAGE', 'refName': 'Average'}","{'links': [{'rel': 'self', 'href': 'https://7399703.suitetalk.api.netsuite.com/services/rest/record/v1/currency/1'}], 'id': '1', 'refName': 'USD'}",False,"{'id': 'CURRENT', 'refName': 'Current'}",True,True,,21109,,"{'links': [{'rel': 'self', 'href': 'https://7399703.suitetalk.api.netsuite.com/services/rest/record/v1/account/304'}], 'id': '304', 'refName': '21106 Chase Credit Card'}",
"{'links': [{'rel': 'self', 'href': 'https://7399703.suitetalk.api.netsuite.com/services/rest/record/v1/account/112/accountContextSearch'}]}",Accrued Expenses,21110,"{'id': 'OthCurrLiab', 'refName': 'Other Current Liability'}",False,False,False,112,True,False,False,False,2022-04-25T19:51:00Z,"{'links': [{'rel': 'self', 'href': 'https://7399703.suitetalk.api.netsuite.com/services/rest/record/v1/account/112/localizations'}]}","{'links': [{'rel': 'self', 'href': 'https://7399703.suitetalk.api.netsuite.com/services/rest/record/v1/account/112/subsidiary'}]}",,,"{'id': 'AVERAGE', 'refName': 'Average'}",,False,"{'id': 'CURRENT', 'refName': 'Current'}",,False,,21110,,,"{'id': 'RecvNotBill', 'refName': 'RecvNotBill'}"
"{'links': [{'rel': 'self', 'href': 'https://7399703.suitetalk.api.netsuite.com/services/rest/record/v1/account/532/accountContextSearch'}]}",Accrued Management Fees,21111,"{'id': 'OthCurrLiab', 'refName': 'Other Current Liability'}",False,False,False,532,True,False,False,False,2022-11-28T14:31:00Z,"{'links': [{'rel': 'self', 'href': 'https://7399703.suitetalk.api.netsuite.com/services/rest/record/v1/account/532/localizations'}]}","{'links': [{'rel': 'self', 'href': 'https://7399703.suitetalk.api.netsuite.com/services/rest/record/v1/account/532/subsidiary'}]}",,,"{'id': 'AVERAGE', 'refName': 'Average'}",,True,"{'id': 'CURRENT', 'refName': 'Current'}",,True,,21111,,"{'links': [{'rel': 'self', 'href': 'https://7399703.suitetalk.api.netsuite.com/services/rest/record/v1/account/112'}], 'id': '112', 'refName': '21110 Accrued Expenses'}",
"{'links': [{'rel': 'self', 'href': 'https://7399703.suitetalk.api.netsuite.com/services/rest/record/v1/account/533/accountContextSearch'}]}",Accrued Expense - Dr. Reece Cost,21112,"{'id': 'OthCurrLiab', 'refName': 'Other Current Liability'}",False,False,False,533,True,False,False,False,2022-04-25T19:51:00Z,"{'links': [{'rel': 'self', 'href': 'https://7399703.suitetalk.api.netsuite.com/services/rest/record/v1/account/533/localizations'}]}","{'links': [{'rel': 'self', 'href': 'https://7399703.suitetalk.api.netsuite.com/services/rest/record/v1/account/533/subsidiary'}]}",,,"{'id': 'AVERAGE', 'refName': 'Average'}",,False,"{'id': 'CURRENT', 'refName': 'Current'}",,True,,21112,,"{'links': [{'rel': 'self', 'href': 'https://7399703.suitetalk.api.netsuite.com/services/rest/record/v1/account/112'}], 'id': '112', 'refName': '21110 Accrued Expenses'}",
"{'links': [{'rel': 'self', 'href': 'https://7399703.suitetalk.api.netsuite.com/services/rest/record/v1/account/534/accountContextSearch'}]}",Interest Due,21113,"{'id': 'OthCurrLiab', 'refName': 'Other Current Liability'}",False,False,False,534,True,False,False,False,2023-04-13T15:43:00Z,"{'links': [{'rel': 'self', 'href': 'https://7399703.suitetalk.api.netsuite.com/services/rest/record/v1/account/534/localizations'}]}","{'links': [{'rel': 'self', 'href': 'https://7399703.suitetalk.api.netsuite.com/services/rest/record/v1/account/534/subsidiary'}]}",,,"{'id': 'AVERAGE', 'refName': 'Average'}",,True,"{'id': 'CURRENT', 'refName': 'Current'}",,True,,21113,,"{'links': [{'rel': 'self', 'href': 'https://7399703.suitetalk.api.netsuite.com/services/rest/record/v1/account/112'}], 'id': '112', 'refName': '21110 Accrued Expenses'}",
"{'links': [{'rel': 'self', 'href': 'https://7399703.suitetalk.api.netsuite.com/services/rest/record/v1/account/1032/accountContextSearch'}]}",Benner Compensation,21114,"{'id': 'OthCurrLiab', 'refName': 'Other Current Liability'}",False,False,False,1032,True,False,False,False,2022-05-06T15:12:00Z,"{'links': [{'rel': 'self', 'href': 'https://7399703.suitetalk.api.netsuite.com/services/rest/record/v1/account/1032/localizations'}]}","{'links': [{'rel': 'self', 'href': 'https://7399703.suitetalk.api.netsuite.com/services/rest/record/v1/account/1032/subsidiary'}]}",,,"{'id': 'AVERAGE', 'refName': 'Average'}",,False,"{'id': 'CURRENT', 'refName': 'Current'}",,True,,,,"{'links': [{'rel': 'self', 'href': 'https://7399703.suitetalk.api.netsuite.com/services/rest/record/v1/account/112'}], 'id': '112', 'refName': '21110 Accrued Expenses'}",
"{'links': [{'rel': 'self', 'href': 'https://7399703.suitetalk.api.netsuite.com/services/rest/record/v1/account/1962/accountContextSearch'}]}",Accrued Interest on Loans,21115,"{'id': 'OthCurrLiab', 'refName': 'Other Current Liability'}",False,False,False,1962,True,False,False,False,2023-02-02T19:51:00Z,"{'links': [{'rel': 'self', 'href': 'https://7399703.suitetalk.api.netsuite.com/services/rest/record/v1/account/1962/localizations'}]}","{'links': [{'rel': 'self', 'href': 'https://7399703.suitetalk.api.netsuite.com/services/rest/record/v1/account/1962/subsidiary'}]}",,,"{'id': 'AVERAGE', 'refName': 'Average'}",,False,"{'id': 'CURRENT', 'refName': 'Current'}",,True,,,,"{'links': [{'rel': 'self', 'href': 'https://7399703.suitetalk.api.netsuite.com/services/rest/record/v1/account/112'}], 'id': '112', 'refName': '21110 Accrued Expenses'}",
"{'links': [{'rel': 'self', 'href': 'https://7399703.suitetalk.api.netsuite.com/services/rest/record/v1/account/2031/accountContextSearch'}]}",Techy Compensation,21116,"{'id': 'OthCurrLiab', 'refName': 'Other Current Liability'}",False,False,False,2031,True,False,False,False,2023-07-05T13:18:00Z,"{'links': [{'rel': 'self', 'href': 'https://7399703.suitetalk.api.netsuite.com/services/rest/record/v1/account/2031/localizations'}]}","{'links': [{'rel': 'self', 'href': 'https://7399703.suitetalk.api.netsuite.com/services/rest/record/v1/account/2031/subsidiary'}]}",,,"{'id': 'AVERAGE', 'refName': 'Average'}",,False,"{'id': 'CURRENT', 'refName': 'Current'}",,True,,,,,
"{'links': [{'rel': 'self', 'href': 'https://7399703.suitetalk.api.netsuite.com/services/rest/record/v1/account/2788/accountContextSearch'}]}",Bonus Accrual,21117,"{'id': 'OthCurrLiab', 'refName': 'Other Current Liability'}",False,False,False,2788,True,False,False,False,2025-04-16T16:26:00Z,"{'links': [{'rel': 'self', 'href': 'https://7399703.suitetalk.api.netsuite.com/services/rest/record/v1/account/2788/localizations'}]}","{'links': [{'rel': 'self', 'href': 'https://7399703.suitetalk.api.netsuite.com/services/rest/record/v1/account/2788/subsidiary'}]}",,,"{'id': 'AVERAGE', 'refName': 'Average'}",,False,"{'id': 'CURRENT', 'refName': 'Current'}",,True,,,,,
"{'links': [{'rel': 'self', 'href': 'https://7399703.suitetalk.api.netsuite.com/services/rest/record/v1/account/306/accountContextSearch'}]}",Accrued Payroll Expense,21118,"{'id': 'OthCurrLiab', 'refName': 'Other Current Liability'}",False,False,False,306,True,False,False,False,2023-02-02T19:48:00Z,"{'links': [{'rel': 'self', 'href': 'https://7399703.suitetalk.api.netsuite.com/services/rest/record/v1/account/306/localizations'}]}","{'links': [{'rel': 'self', 'href': 'https://7399703.suitetalk.api.netsuite.com/services/rest/record/v1/account/306/subsidiary'}]}",,,"{'id': 'AVERAGE', 'refName': 'Average'}",,False,"{'id': 'CURRENT', 'refName': 'Current'}",,True,,21115,,,
"{'links': [{'rel': 'self', 'href': 'https://7399703.suitetalk.api.netsuite.com/services/rest/record/v1/account/2716/accountContextSearch'}]}",Accrued Provider Payroll,21119,"{'id': 'OthCurrLiab', 'refName': 'Other Current Liability'}",False,False,False,2716,True,False,False,False,2024-05-02T20:37:00Z,"{'links': [{'rel': 'self', 'href': 'https://7399703.suitetalk.api.netsuite.com/services/rest/record/v1/account/2716/localizations'}]}","{'links': [{'rel': 'self', 'href': 'https://7399703.suitetalk.api.netsuite.com/services/rest/record/v1/account/2716/subsidiary'}]}",,,"{'id': 'AVERAGE', 'refName': 'Average'}",,False,"{'id': 'CURRENT', 'refName': 'Current'}",,True,,,,,
"{'links': [{'rel': 'self', 'href': 'https://7399703.suitetalk.api.netsuite.com/services/rest/record/v1/account/307/accountContextSearch'}]}",Payroll Tax Payable,21120,"{'id': 'OthCurrLiab', 'refName': 'Other Current Liability'}",False,False,False,307,True,False,False,False,2022-04-25T19:52:00Z,"{'links': [{'rel': 'self', 'href': 'https://7399703.suitetalk.api.netsuite.com/services/rest/record/v1/account/307/localizations'}]}","{'links': [{'rel': 'self', 'href': 'https://7399703.suitetalk.api.netsuite.com/services/rest/record/v1/account/307/subsidiary'}]}",,,"{'id': 'AVERAGE', 'refName': 'Average'}",,False,"{'id': 'CURRENT', 'refName': 'Current'}",,True,,21120,,,
"{'links': [{'rel': 'self', 'href': 'https://7399703.suitetalk.api.netsuite.com/services/rest/record/v1/account/308/accountContextSearch'}]}",FICA,21125,"{'id': 'OthCurrLiab', 'refName': 'Other Current Liability'}",False,False,False,308,True,False,False,False,2022-04-25T19:53:00Z,"{'links': [{'rel': 'self', 'href': 'https://7399703.suitetalk.api.netsuite.com/services/rest/record/v1/account/308/localizations'}]}","{'links': [{'rel': 'self', 'href': 'https://7399703.suitetalk.api.netsuite.com/services/rest/record/v1/account/308/subsidiary'}]}",,,"{'id': 'AVERAGE', 'refName': 'Average'}",,False,"{'id': 'CURRENT', 'refName': 'Current'}",,True,,21125,,"{'links': [{'rel': 'self', 'href': 'https://7399703.suitetalk.api.netsuite.com/services/rest/record/v1/account/307'}], 'id': '307', 'refName': '21120 Payroll Tax Payable'}",
"{'links': [{'rel': 'self', 'href': 'https://7399703.suitetalk.api.netsuite.com/services/rest/record/v1/account/309/accountContextSearch'}]}",FUTA,21130,"{'id': 'OthCurrLiab', 'refName': 'Other Current Liability'}",False,False,False,309,True,False,False,False,2022-04-25T19:53:00Z,"{'links': [{'rel': 'self', 'href': 'https://7399703.suitetalk.api.netsuite.com/services/rest/record/v1/account/309/localizations'}]}","{'links': [{'rel': 'self', 'href': 'https://7399703.suitetalk.api.netsuite.com/services/rest/record/v1/account/309/subsidiary'}]}",,,"{'id': 'AVERAGE', 'refName': 'Average'}",,False,"{'id': 'CURRENT', 'refName': 'Current'}",,True,,21130,,"{'links': [{'rel': 'self', 'href': 'https://7399703.suitetalk.api.netsuite.com/services/rest/record/v1/account/307'}], 'id': '307', 'refName': '21120 Payroll Tax Payable'}",
"{'links': [{'rel': 'self', 'href': 'https://7399703.suitetalk.api.netsuite.com/services/rest/record/v1/account/310/accountContextSearch'}]}",NC Unemployment Tax,21134,"{'id': 'OthCurrLiab', 'refName': 'Other Current Liability'}",False,False,False,310,True,False,False,False,2022-04-25T19:53:00Z,"{'links': [{'rel': 'self', 'href': 'https://7399703.suitetalk.api.netsuite.com/services/rest/record/v1/account/310/localizations'}]}","{'links': [{'rel': 'self', 'href': 'https://7399703.suitetalk.api.netsuite.com/services/rest/record/v1/account/310/subsidiary'}]}",,,"{'id': 'AVERAGE', 'refName': 'Average'}",,False,"{'id': 'CURRENT', 'refName': 'Current'}",,True,,21134,,"{'links': [{'rel': 'self', 'href': 'https://7399703.suitetalk.api.netsuite.com/services/rest/record/v1/account/307'}], 'id': '307', 'refName': '21120 Payroll Tax Payable'}",
"{'links': [{'rel': 'self', 'href': 'https://7399703.suitetalk.api.netsuite.com/services/rest/record/v1/account/311/accountContextSearch'}]}",SUTA,21135,"{'id': 'OthCurrLiab', 'refName': 'Other Current Liability'}",False,False,False,311,True,False,False,False,2022-04-25T19:53:00Z,"{'links': [{'rel': 'self', 'href': 'https://7399703.suitetalk.api.netsuite.com/services/rest/record/v1/account/311/localizations'}]}","{'links': [{'rel': 'self', 'href': 'https://7399703.suitetalk.api.netsuite.com/services/rest/record/v1/account/311/subsidiary'}]}",,,"{'id': 'AVERAGE', 'refName': 'Average'}",,False,"{'id': 'CURRENT', 'refName': 'Current'}",,True,,21135,,"{'links': [{'rel': 'self', 'href': 'https://7399703.suitetalk.api.netsuite.com/services/rest/record/v1/account/307'}], 'id': '307', 'refName': '21120 Payroll Tax Payable'}",
"{'links': [{'rel': 'self', 'href': 'https://7399703.suitetalk.api.netsuite.com/services/rest/record/v1/account/312/accountContextSearch'}]}",MS State Withholding,21136,"{'id': 'OthCurrLiab', 'refName': 'Other Current Liability'}",False,False,False,312,True,False,False,False,2022-04-25T19:53:00Z,"{'links': [{'rel': 'self', 'href': 'https://7399703.suitetalk.api.netsuite.com/services/rest/record/v1/account/312/localizations'}]}","{'links': [{'rel': 'self', 'href': 'https://7399703.suitetalk.api.netsuite.com/services/rest/record/v1/account/312/subsidiary'}]}",,,"{'id': 'AVERAGE', 'refName': 'Average'}",,False,"{'id': 'CURRENT', 'refName': 'Current'}",,True,,21136,,"{'links': [{'rel': 'self', 'href': 'https://7399703.suitetalk.api.netsuite.com/services/rest/record/v1/account/307'}], 'id': '307', 'refName': '21120 Payroll Tax Payable'}",
"{'links': [{'rel': 'self', 'href': 'https://7399703.suitetalk.api.netsuite.com/services/rest/record/v1/account/313/accountContextSearch'}]}",NC Tax Withholding,21137,"{'id': 'OthCurrLiab', 'refName': 'Other Current Liability'}",False,False,False,313,True,False,False,False,2022-04-25T19:53:00Z,"{'links': [{'rel': 'self', 'href': 'https://7399703.suitetalk.api.netsuite.com/services/rest/record/v1/account/313/localizations'}]}","{'links': [{'rel': 'self', 'href': 'https://7399703.suitetalk.api.netsuite.com/services/rest/record/v1/account/313/subsidiary'}]}",,,"{'id': 'AVERAGE', 'refName': 'Average'}",,False,"{'id': 'CURRENT', 'refName': 'Current'}",,True,,21137,,"{'links': [{'rel': 'self', 'href': 'https://7399703.suitetalk.api.netsuite.com/services/rest/record/v1/account/307'}], 'id': '307', 'refName': '21120 Payroll Tax Payable'}",
"{'links': [{'rel': 'self', 'href': 'https://7399703.suitetalk.api.netsuite.com/services/rest/record/v1/account/314/accountContextSearch'}]}",TN SUTA,21138,"{'id': 'OthCurrLiab', 'refName': 'Other Current Liability'}",False,False,False,314,True,False,False,False,2022-04-25T19:53:00Z,"{'links': [{'rel': 'self', 'href': 'https://7399703.suitetalk.api.netsuite.com/services/rest/record/v1/account/314/localizations'}]}","{'links': [{'rel': 'self', 'href': 'https://7399703.suitetalk.api.netsuite.com/services/rest/record/v1/account/314/subsidiary'}]}",,,"{'id': 'AVERAGE', 'refName': 'Average'}",,False,"{'id': 'CURRENT', 'refName': 'Current'}",,True,,21138,,"{'links': [{'rel': 'self', 'href': 'https://7399703.suitetalk.api.netsuite.com/services/rest/record/v1/account/307'}], 'id': '307', 'refName': '21120 Payroll Tax Payable'}",
"{'links': [{'rel': 'self', 'href': 'https://7399703.suitetalk.api.netsuite.com/services/rest/record/v1/account/315/accountContextSearch'}]}",Employee Benefits Payable,21139,"{'id': 'OthCurrLiab', 'refName': 'Other Current Liability'}",False,False,False,315,True,False,False,False,2022-05-05T20:56:00Z,"{'links': [{'rel': 'self', 'href': 'https://7399703.suitetalk.api.netsuite.com/services/rest/record/v1/account/315/localizations'}]}","{'links': [{'rel': 'self', 'href': 'https://7399703.suitetalk.api.netsuite.com/services/rest/record/v1/account/315/subsidiary'}]}",,,"{'id': 'AVERAGE', 'refName': 'Average'}",,False,"{'id': 'CURRENT', 'refName': 'Current'}",,True,,21139,,,
"{'links': [{'rel': 'self', 'href': 'https://7399703.suitetalk.api.netsuite.com/services/rest/record/v1/account/1033/accountContextSearch'}]}",401K,21139-01,"{'id': 'OthCurrLiab', 'refName': 'Other Current Liability'}",False,False,False,1033,True,False,False,False,2022-05-06T15:10:00Z,"{'links': [{'rel': 'self', 'href': 'https://7399703.suitetalk.api.netsuite.com/services/rest/record/v1/account/1033/localizations'}]}","{'links': [{'rel': 'self', 'href': 'https://7399703.suitetalk.api.netsuite.com/services/rest/record/v1/account/1033/subsidiary'}]}",,,"{'id': 'AVERAGE', 'refName': 'Average'}",,False,"{'id': 'CURRENT', 'refName': 'Current'}",,True,,,,"{'links': [{'rel': 'self', 'href': 'https://7399703.suitetalk.api.netsuite.com/services/rest/record/v1/account/315'}], 'id': '315', 'refName': '21139 Employee Benefits Payable'}",
"{'links': [{'rel': 'self', 'href': 'https://7399703.suitetalk.api.netsuite.com/services/rest/record/v1/account/1034/accountContextSearch'}]}",Medical,21139-02,"{'id': 'OthCurrLiab', 'refName': 'Other Current Liability'}",False,False,False,1034,True,False,False,False,2022-05-06T15:11:00Z,"{'links': [{'rel': 'self', 'href': 'https://7399703.suitetalk.api.netsuite.com/services/rest/record/v1/account/1034/localizations'}]}","{'links': [{'rel': 'self', 'href': 'https://7399703.suitetalk.api.netsuite.com/services/rest/record/v1/account/1034/subsidiary'}]}",,,"{'id': 'AVERAGE', 'refName': 'Average'}",,False,"{'id': 'CURRENT', 'refName': 'Current'}",,True,,,,"{'links': [{'rel': 'self', 'href': 'https://7399703.suitetalk.api.netsuite.com/services/rest/record/v1/account/315'}], 'id': '315', 'refName': '21139 Employee Benefits Payable'}",
"{'links': [{'rel': 'self', 'href': 'https://7399703.suitetalk.api.netsuite.com/services/rest/record/v1/account/1035/accountContextSearch'}]}",Dental/Vision,21139-03,"{'id': 'OthCurrLiab', 'refName': 'Other Current Liability'}",False,False,False,1035,True,False,False,False,2022-05-06T15:10:00Z,"{'links': [{'rel': 'self', 'href': 'https://7399703.suitetalk.api.netsuite.com/services/rest/record/v1/account/1035/localizations'}]}","{'links': [{'rel': 'self', 'href': 'https://7399703.suitetalk.api.netsuite.com/services/rest/record/v1/account/1035/subsidiary'}]}",,,"{'id': 'AVERAGE', 'refName': 'Average'}",,False,"{'id': 'CURRENT', 'refName': 'Current'}",,True,,,,"{'links': [{'rel': 'self', 'href': 'https://7399703.suitetalk.api.netsuite.com/services/rest/record/v1/account/315'}], 'id': '315', 'refName': '21139 Employee Benefits Payable'}",
"{'links': [{'rel': 'self', 'href': 'https://7399703.suitetalk.api.netsuite.com/services/rest/record/v1/account/317/accountContextSearch'}]}",Other Payroll Liabilities,21140,"{'id': 'OthCurrLiab', 'refName': 'Other Current Liability'}",False,False,False,317,True,False,False,False,2022-04-25T19:52:00Z,"{'links': [{'rel': 'self', 'href': 'https://7399703.suitetalk.api.netsuite.com/services/rest/record/v1/account/317/localizations'}]}","{'links': [{'rel': 'self', 'href': 'https://7399703.suitetalk.api.netsuite.com/services/rest/record/v1/account/317/subsidiary'}]}",,,"{'id': 'AVERAGE', 'refName': 'Average'}",,False,"{'id': 'CURRENT', 'refName': 'Current'}",,True,,21140,,,
"{'links': [{'rel': 'self', 'href': 'https://7399703.suitetalk.api.netsuite.com/services/rest/record/v1/account/316/accountContextSearch'}]}",Payroll Liabilities,21141,"{'id': 'OthCurrLiab', 'refName': 'Other Current Liability'}",False,False,False,316,True,False,False,False,2022-04-25T19:52:00Z,"{'links': [{'rel': 'self', 'href': 'https://7399703.suitetalk.api.netsuite.com/services/rest/record/v1/account/316/localizations'}]}","{'links': [{'rel': 'self', 'href': 'https://7399703.suitetalk.api.netsuite.com/services/rest/record/v1/account/316/subsidiary'}]}",,,"{'id': 'AVERAGE', 'refName': 'Average'}",,False,"{'id': 'CURRENT', 'refName': 'Current'}",,True,,21141,,,
"{'links': [{'rel': 'self', 'href': 'https://7399703.suitetalk.api.netsuite.com/services/rest/record/v1/account/318/accountContextSearch'}]}",Property Tax Payable,21145,"{'id': 'OthCurrLiab', 'refName': 'Other Current Liability'}",False,False,False,318,True,False,False,False,2022-04-25T19:53:00Z,"{'links': [{'rel': 'self', 'href': 'https://7399703.suitetalk.api.netsuite.com/services/rest/record/v1/account/318/localizations'}]}","{'links': [{'rel': 'self', 'href': 'https://7399703.suitetalk.api.netsuite.com/services/rest/record/v1/account/318/subsidiary'}]}",,,"{'id': 'AVERAGE', 'refName': 'Average'}",,False,"{'id': 'CURRENT', 'refName': 'Current'}",,True,,21145,,,
"{'links': [{'rel': 'self', 'href': 'https://7399703.suitetalk.api.netsuite.com/services/rest/record/v1/account/319/accountContextSearch'}]}",Franchise Tax Payable,21150,"{'id': 'OthCurrLiab', 'refName': 'Other Current Liability'}",False,False,False,319,True,False,False,False,2022-04-25T19:52:00Z,"{'links': [{'rel': 'self', 'href': 'https://7399703.suitetalk.api.netsuite.com/services/rest/record/v1/account/319/localizations'}]}","{'links': [{'rel': 'self', 'href': 'https://7399703.suitetalk.api.netsuite.com/services/rest/record/v1/account/319/subsidiary'}]}",,,"{'id': 'AVERAGE', 'refName': 'Average'}",,False,"{'id': 'CURRENT', 'refName': 'Current'}",,True,,21150,,,
"{'links': [{'rel': 'self', 'href': 'https://7399703.suitetalk.api.netsuite.com/services/rest/record/v1/account/320/accountContextSearch'}]}",Sales Tax Payable,21155,"{'id': 'OthCurrLiab', 'refName': 'Other Current Liability'}",False,False,False,320,True,False,False,False,2022-04-25T19:53:00Z,"{'links': [{'rel': 'self', 'href': 'https://7399703.suitetalk.api.netsuite.com/services/rest/record/v1/account/320/localizations'}]}","{'links': [{'rel': 'self', 'href': 'https://7399703.suitetalk.api.netsuite.com/services/rest/record/v1/account/320/subsidiary'}]}",,,"{'id': 'AVERAGE', 'refName': 'Average'}",,False,"{'id': 'CURRENT', 'refName': 'Current'}",,True,,21155,,,
"{'links': [{'rel': 'self', 'href': 'https://7399703.suitetalk.api.netsuite.com/services/rest/record/v1/account/321/accountContextSearch'}]}",Deferred Income Tax Liabilities,21160,"{'id': 'OthCurrLiab', 'refName': 'Other Current Liability'}",False,False,False,321,True,False,False,False,2022-04-25T19:52:00Z,"{'links': [{'rel': 'self', 'href': 'https://7399703.suitetalk.api.netsuite.com/services/rest/record/v1/account/321/localizations'}]}","{'links': [{'rel': 'self', 'href': 'https://7399703.suitetalk.api.netsuite.com/services/rest/record/v1/account/321/subsidiary'}]}",,,"{'id': 'AVERAGE', 'refName': 'Average'}",,False,"{'id': 'CURRENT', 'refName': 'Current'}",,True,,21160,,,
"{'links': [{'rel': 'self', 'href': 'https://7399703.suitetalk.api.netsuite.com/services/rest/record/v1/account/322/accountContextSearch'}]}",Current Notes Payable,22000,"{'id': 'OthCurrLiab', 'refName': 'Other Current Liability'}",False,False,False,322,True,False,False,False,2023-04-13T15:45:00Z,"{'links': [{'rel': 'self', 'href': 'https://7399703.suitetalk.api.netsuite.com/services/rest/record/v1/account/322/localizations'}]}","{'links': [{'rel': 'self', 'href': 'https://7399703.suitetalk.api.netsuite.com/services/rest/record/v1/account/322/subsidiary'}]}",,,"{'id': 'AVERAGE', 'refName': 'Average'}",,False,"{'id': 'CURRENT', 'refName': 'Current'}",,True,,22000,,,
"{'links': [{'rel': 'self', 'href': 'https://7399703.suitetalk.api.netsuite.com/services/rest/record/v1/account/323/accountContextSearch'}]}",Notes Payable AAC,22001,"{'id': 'OthCurrLiab', 'refName': 'Other Current Liability'}",False,False,False,323,True,False,False,False,2023-04-13T15:45:00Z,"{'links': [{'rel': 'self', 'href': 'https://7399703.suitetalk.api.netsuite.com/services/rest/record/v1/account/323/localizations'}]}","{'links': [{'rel': 'self', 'href': 'https://7399703.suitetalk.api.netsuite.com/services/rest/record/v1/account/323/subsidiary'}]}",,,"{'id': 'AVERAGE', 'refName': 'Average'}",,True,"{'id': 'CURRENT', 'refName': 'Current'}",,True,,22001,,"{'links': [{'rel': 'self', 'href': 'https://7399703.suitetalk.api.netsuite.com/services/rest/record/v1/account/322'}], 'id': '322', 'refName': '22000 Current Notes Payable'}",
"{'links': [{'rel': 'self', 'href': 'https://7399703.suitetalk.api.netsuite.com/services/rest/record/v1/account/324/accountContextSearch'}]}",Notes Payable ADV,22002,"{'id': 'OthCurrLiab', 'refName': 'Other Current Liability'}",False,False,False,324,True,False,False,False,2023-04-13T15:45:00Z,"{'links': [{'rel': 'self', 'href': 'https://7399703.suitetalk.api.netsuite.com/services/rest/record/v1/account/324/localizations'}]}","{'links': [{'rel': 'self', 'href': 'https://7399703.suitetalk.api.netsuite.com/services/rest/record/v1/account/324/subsidiary'}]}",,,"{'id': 'AVERAGE', 'refName': 'Average'}",,True,"{'id': 'CURRENT', 'refName': 'Current'}",,True,,22002,,"{'links': [{'rel': 'self', 'href': 'https://7399703.suitetalk.api.netsuite.com/services/rest/record/v1/account/322'}], 'id': '322', 'refName': '22000 Current Notes Payable'}",
"{'links': [{'rel': 'self', 'href': 'https://7399703.suitetalk.api.netsuite.com/services/rest/record/v1/account/325/accountContextSearch'}]}",Notes Payable ARG,22003,"{'id': 'OthCurrLiab', 'refName': 'Other Current Liability'}",False,False,False,325,True,False,False,False,2023-04-13T15:45:00Z,"{'links': [{'rel': 'self', 'href': 'https://7399703.suitetalk.api.netsuite.com/services/rest/record/v1/account/325/localizations'}]}","{'links': [{'rel': 'self', 'href': 'https://7399703.suitetalk.api.netsuite.com/services/rest/record/v1/account/325/subsidiary'}]}",,,"{'id': 'AVERAGE', 'refName': 'Average'}",,True,"{'id': 'CURRENT', 'refName': 'Current'}",,True,,22003,,"{'links': [{'rel': 'self', 'href': 'https://7399703.suitetalk.api.netsuite.com/services/rest/record/v1/account/322'}], 'id': '322', 'refName': '22000 Current Notes Payable'}",
"{'links': [{'rel': 'self', 'href': 'https://7399703.suitetalk.api.netsuite.com/services/rest/record/v1/account/326/accountContextSearch'}]}",Notes Payable ARM,22004,"{'id': 'OthCurrLiab', 'refName': 'Other Current Liability'}",False,False,False,326,True,False,False,False,2023-04-13T15:45:00Z,"{'links': [{'rel': 'self', 'href': 'https://7399703.suitetalk.api.netsuite.com/services/rest/record/v1/account/326/localizations'}]}","{'links': [{'rel': 'self', 'href': 'https://7399703.suitetalk.api.netsuite.com/services/rest/record/v1/account/326/subsidiary'}]}",,,"{'id': 'AVERAGE', 'refName': 'Average'}",,True,"{'id': 'CURRENT', 'refName': 'Current'}",,True,,22004,,"{'links': [{'rel': 'self', 'href': 'https://7399703.suitetalk.api.netsuite.com/services/rest/record/v1/account/322'}], 'id': '322', 'refName': '22000 Current Notes Payable'}",
"{'links': [{'rel': 'self', 'href': 'https://7399703.suitetalk.api.netsuite.com/services/rest/record/v1/account/327/accountContextSearch'}]}",Notes Payable FMGO,22005,"{'id': 'OthCurrLiab', 'refName': 'Other Current Liability'}",False,False,False,327,True,False,False,False,2023-04-13T15:45:00Z,"{'links': [{'rel': 'self', 'href': 'https://7399703.suitetalk.api.netsuite.com/services/rest/record/v1/account/327/localizations'}]}","{'links': [{'rel': 'self', 'href': 'https://7399703.suitetalk.api.netsuite.com/services/rest/record/v1/account/327/subsidiary'}]}",,,"{'id': 'AVERAGE', 'refName': 'Average'}",,True,"{'id': 'CURRENT', 'refName': 'Current'}",,True,,22005,,"{'links': [{'rel': 'self', 'href': 'https://7399703.suitetalk.api.netsuite.com/services/rest/record/v1/account/322'}], 'id': '322', 'refName': '22000 Current Notes Payable'}",
"{'links': [{'rel': 'self', 'href': 'https://7399703.suitetalk.api.netsuite.com/services/rest/record/v1/account/328/accountContextSearch'}]}",Notes Payable FLYR,22006,"{'id': 'OthCurrLiab', 'refName': 'Other Current Liability'}",False,False,False,328,True,False,False,False,2023-04-13T15:45:00Z,"{'links': [{'rel': 'self', 'href': 'https://7399703.suitetalk.api.netsuite.com/services/rest/record/v1/account/328/localizations'}]}","{'links': [{'rel': 'self', 'href': 'https://7399703.suitetalk.api.netsuite.com/services/rest/record/v1/account/328/subsidiary'}]}",,,"{'id': 'AVERAGE', 'refName': 'Average'}",,True,"{'id': 'CURRENT', 'refName': 'Current'}",,True,,22006,,"{'links': [{'rel': 'self', 'href': 'https://7399703.suitetalk.api.netsuite.com/services/rest/record/v1/account/322'}], 'id': '322', 'refName': '22000 Current Notes Payable'}",
"{'links': [{'rel': 'self', 'href': 'https://7399703.suitetalk.api.netsuite.com/services/rest/record/v1/account/329/accountContextSearch'}]}",Notes Payable GJ&D,22007,"{'id': 'OthCurrLiab', 'refName': 'Other Current Liability'}",False,False,False,329,True,False,False,False,2023-04-13T15:45:00Z,"{'links': [{'rel': 'self', 'href': 'https://7399703.suitetalk.api.netsuite.com/services/rest/record/v1/account/329/localizations'}]}","{'links': [{'rel': 'self', 'href': 'https://7399703.suitetalk.api.netsuite.com/services/rest/record/v1/account/329/subsidiary'}]}",,,"{'id': 'AVERAGE', 'refName': 'Average'}",,True,"{'id': 'CURRENT', 'refName': 'Current'}",,True,,22007,,"{'links': [{'rel': 'self', 'href': 'https://7399703.suitetalk.api.netsuite.com/services/rest/record/v1/account/322'}], 'id': '322', 'refName': '22000 Current Notes Payable'}",
"{'links': [{'rel': 'self', 'href': 'https://7399703.suitetalk.api.netsuite.com/services/rest/record/v1/account/330/accountContextSearch'}]}",Notes Payable NPIC,22008,"{'id': 'OthCurrLiab', 'refName': 'Other Current Liability'}",False,False,False,330,True,False,False,False,2024-02-15T19:26:00Z,"{'links': [{'rel': 'self', 'href': 'https://7399703.suitetalk.api.netsuite.com/services/rest/record/v1/account/330/localizations'}]}","{'links': [{'rel': 'self', 'href': 'https://7399703.suitetalk.api.netsuite.com/services/rest/record/v1/account/330/subsidiary'}]}",,,"{'id': 'AVERAGE', 'refName': 'Average'}",,True,"{'id': 'CURRENT', 'refName': 'Current'}",,True,,22008,,"{'links': [{'rel': 'self', 'href': 'https://7399703.suitetalk.api.netsuite.com/services/rest/record/v1/account/322'}], 'id': '322', 'refName': '22000 Current Notes Payable'}",
"{'links': [{'rel': 'self', 'href': 'https://7399703.suitetalk.api.netsuite.com/services/rest/record/v1/account/331/accountContextSearch'}]}",Notes Payable MDTX MRI,22009,"{'id': 'OthCurrLiab', 'refName': 'Other Current Liability'}",False,False,False,331,True,False,False,False,2023-04-13T15:45:00Z,"{'links': [{'rel': 'self', 'href': 'https://7399703.suitetalk.api.netsuite.com/services/rest/record/v1/account/331/localizations'}]}","{'links': [{'rel': 'self', 'href': 'https://7399703.suitetalk.api.netsuite.com/services/rest/record/v1/account/331/subsidiary'}]}",,,"{'id': 'AVERAGE', 'refName': 'Average'}",,True,"{'id': 'CURRENT', 'refName': 'Current'}",,True,,22009,,"{'links': [{'rel': 'self', 'href': 'https://7399703.suitetalk.api.netsuite.com/services/rest/record/v1/account/322'}], 'id': '322', 'refName': '22000 Current Notes Payable'}",
"{'links': [{'rel': 'self', 'href': 'https://7399703.suitetalk.api.netsuite.com/services/rest/record/v1/account/332/accountContextSearch'}]}",Notes Payable NFL,22010,"{'id': 'OthCurrLiab', 'refName': 'Other Current Liability'}",False,False,False,332,True,False,False,False,2023-04-13T15:46:00Z,"{'links': [{'rel': 'self', 'href': 'https://7399703.suitetalk.api.netsuite.com/services/rest/record/v1/account/332/localizations'}]}","{'links': [{'rel': 'self', 'href': 'https://7399703.suitetalk.api.netsuite.com/services/rest/record/v1/account/332/subsidiary'}]}",,,"{'id': 'AVERAGE', 'refName': 'Average'}",,True,"{'id': 'CURRENT', 'refName': 'Current'}",,True,,22010,,"{'links': [{'rel': 'self', 'href': 'https://7399703.suitetalk.api.netsuite.com/services/rest/record/v1/account/322'}], 'id': '322', 'refName': '22000 Current Notes Payable'}",
"{'links': [{'rel': 'self', 'href': 'https://7399703.suitetalk.api.netsuite.com/services/rest/record/v1/account/333/accountContextSearch'}]}",Notes Payable PSO,22011,"{'id': 'OthCurrLiab', 'refName': 'Other Current Liability'}",False,False,False,333,True,False,False,False,2023-04-13T15:46:00Z,"{'links': [{'rel': 'self', 'href': 'https://7399703.suitetalk.api.netsuite.com/services/rest/record/v1/account/333/localizations'}]}","{'links': [{'rel': 'self', 'href': 'https://7399703.suitetalk.api.netsuite.com/services/rest/record/v1/account/333/subsidiary'}]}",,,"{'id': 'AVERAGE', 'refName': 'Average'}",,True,"{'id': 'CURRENT', 'refName': 'Current'}",,True,,22011,,"{'links': [{'rel': 'self', 'href': 'https://7399703.suitetalk.api.netsuite.com/services/rest/record/v1/account/322'}], 'id': '322', 'refName': '22000 Current Notes Payable'}",
"{'links': [{'rel': 'self', 'href': 'https://7399703.suitetalk.api.netsuite.com/services/rest/record/v1/account/334/accountContextSearch'}]}",Notes Payable Reece Spine,22012,"{'id': 'OthCurrLiab', 'refName': 'Other Current Liability'}",False,False,False,334,True,False,False,False,2023-04-13T15:46:00Z,"{'links': [{'rel': 'self', 'href': 'https://7399703.suitetalk.api.netsuite.com/services/rest/record/v1/account/334/localizations'}]}","{'links': [{'rel': 'self', 'href': 'https://7399703.suitetalk.api.netsuite.com/services/rest/record/v1/account/334/subsidiary'}]}",,,"{'id': 'AVERAGE', 'refName': 'Average'}",,True,"{'id': 'CURRENT', 'refName': 'Current'}",,True,,22012,,"{'links': [{'rel': 'self', 'href': 'https://7399703.suitetalk.api.netsuite.com/services/rest/record/v1/account/322'}], 'id': '322', 'refName': '22000 Current Notes Payable'}",
"{'links': [{'rel': 'self', 'href': 'https://7399703.suitetalk.api.netsuite.com/services/rest/record/v1/account/335/accountContextSearch'}]}",Notes Payable RWB I,22013,"{'id': 'OthCurrLiab', 'refName': 'Other Current Liability'}",False,False,False,335,True,False,False,False,2023-04-13T15:46:00Z,"{'links': [{'rel': 'self', 'href': 'https://7399703.suitetalk.api.netsuite.com/services/rest/record/v1/account/335/localizations'}]}","{'links': [{'rel': 'self', 'href': 'https://7399703.suitetalk.api.netsuite.com/services/rest/record/v1/account/335/subsidiary'}]}",,,"{'id': 'AVERAGE', 'refName': 'Average'}",,True,"{'id': 'CURRENT', 'refName': 'Current'}",,True,,22013,,"{'links': [{'rel': 'self', 'href': 'https://7399703.suitetalk.api.netsuite.com/services/rest/record/v1/account/322'}], 'id': '322', 'refName': '22000 Current Notes Payable'}",
"{'links': [{'rel': 'self', 'href': 'https://7399703.suitetalk.api.netsuite.com/services/rest/record/v1/account/336/accountContextSearch'}]}",Notes Payable SOAR,22014,"{'id': 'OthCurrLiab', 'refName': 'Other Current Liability'}",False,False,False,336,True,False,False,False,2023-04-13T15:46:00Z,"{'links': [{'rel': 'self', 'href': 'https://7399703.suitetalk.api.netsuite.com/services/rest/record/v1/account/336/localizations'}]}","{'links': [{'rel': 'self', 'href': 'https://7399703.suitetalk.api.netsuite.com/services/rest/record/v1/account/336/subsidiary'}]}",,,"{'id': 'AVERAGE', 'refName': 'Average'}",,True,"{'id': 'CURRENT', 'refName': 'Current'}",,True,,22014,,"{'links': [{'rel': 'self', 'href': 'https://7399703.suitetalk.api.netsuite.com/services/rest/record/v1/account/322'}], 'id': '322', 'refName': '22000 Current Notes Payable'}",
"{'links': [{'rel': 'self', 'href': 'https://7399703.suitetalk.api.netsuite.com/services/rest/record/v1/account/337/accountContextSearch'}]}",Notes Payable SRM,22015,"{'id': 'OthCurrLiab', 'refName': 'Other Current Liability'}",False,False,False,337,True,False,False,False,2023-04-13T15:46:00Z,"{'links': [{'rel': 'self', 'href': 'https://7399703.suitetalk.api.netsuite.com/services/rest/record/v1/account/337/localizations'}]}","{'links': [{'rel': 'self', 'href': 'https://7399703.suitetalk.api.netsuite.com/services/rest/record/v1/account/337/subsidiary'}]}",,,"{'id': 'AVERAGE', 'refName': 'Average'}",,True,"{'id': 'CURRENT', 'refName': 'Current'}",,True,,22015,,"{'links': [{'rel': 'self', 'href': 'https://7399703.suitetalk.api.netsuite.com/services/rest/record/v1/account/322'}], 'id': '322', 'refName': '22000 Current Notes Payable'}",
"{'links': [{'rel': 'self', 'href': 'https://7399703.suitetalk.api.netsuite.com/services/rest/record/v1/account/338/accountContextSearch'}]}",Notes Payable SVS,22016,"{'id': 'OthCurrLiab', 'refName': 'Other Current Liability'}",False,False,False,338,True,False,False,False,2023-04-13T15:46:00Z,"{'links': [{'rel': 'self', 'href': 'https://7399703.suitetalk.api.netsuite.com/services/rest/record/v1/account/338/localizations'}]}","{'links': [{'rel': 'self', 'href': 'https://7399703.suitetalk.api.netsuite.com/services/rest/record/v1/account/338/subsidiary'}]}",,,"{'id': 'AVERAGE', 'refName': 'Average'}",,True,"{'id': 'CURRENT', 'refName': 'Current'}",,True,,22016,,"{'links': [{'rel': 'self', 'href': 'https://7399703.suitetalk.api.netsuite.com/services/rest/record/v1/account/322'}], 'id': '322', 'refName': '22000 Current Notes Payable'}",
"{'links': [{'rel': 'self', 'href': 'https://7399703.suitetalk.api.netsuite.com/services/rest/record/v1/account/339/accountContextSearch'}]}",Notes Payable TOS,22017,"{'id': 'OthCurrLiab', 'refName': 'Other Current Liability'}",False,False,False,339,True,False,False,False,2023-04-13T15:47:00Z,"{'links': [{'rel': 'self', 'href': 'https://7399703.suitetalk.api.netsuite.com/services/rest/record/v1/account/339/localizations'}]}","{'links': [{'rel': 'self', 'href': 'https://7399703.suitetalk.api.netsuite.com/services/rest/record/v1/account/339/subsidiary'}]}",,,"{'id': 'AVERAGE', 'refName': 'Average'}",,True,"{'id': 'CURRENT', 'refName': 'Current'}",,True,,22017,,"{'links': [{'rel': 'self', 'href': 'https://7399703.suitetalk.api.netsuite.com/services/rest/record/v1/account/322'}], 'id': '322', 'refName': '22000 Current Notes Payable'}",
"{'links': [{'rel': 'self', 'href': 'https://7399703.suitetalk.api.netsuite.com/services/rest/record/v1/account/340/accountContextSearch'}]}",Notes Payable TSSI,22018,"{'id': 'OthCurrLiab', 'refName': 'Other Current Liability'}",False,False,False,340,True,False,False,False,2023-04-13T15:48:00Z,"{'links': [{'rel': 'self', 'href': 'https://7399703.suitetalk.api.netsuite.com/services/rest/record/v1/account/340/localizations'}]}","{'links': [{'rel': 'self', 'href': 'https://7399703.suitetalk.api.netsuite.com/services/rest/record/v1/account/340/subsidiary'}]}",,,"{'id': 'AVERAGE', 'refName': 'Average'}",,True,"{'id': 'CURRENT', 'refName': 'Current'}",,True,,22018,,"{'links': [{'rel': 'self', 'href': 'https://7399703.suitetalk.api.netsuite.com/services/rest/record/v1/account/322'}], 'id': '322', 'refName': '22000 Current Notes Payable'}",
"{'links': [{'rel': 'self', 'href': 'https://7399703.suitetalk.api.netsuite.com/services/rest/record/v1/account/341/accountContextSearch'}]}",Notes Payable TX FMG,22019,"{'id': 'OthCurrLiab', 'refName': 'Other Current Liability'}",False,False,False,341,True,False,False,False,2023-04-13T15:48:00Z,"{'links': [{'rel': 'self', 'href': 'https://7399703.suitetalk.api.netsuite.com/services/rest/record/v1/account/341/localizations'}]}","{'links': [{'rel': 'self', 'href': 'https://7399703.suitetalk.api.netsuite.com/services/rest/record/v1/account/341/subsidiary'}]}",,,"{'id': 'AVERAGE', 'refName': 'Average'}",,True,"{'id': 'CURRENT', 'refName': 'Current'}",,True,,22019,,"{'links': [{'rel': 'self', 'href': 'https://7399703.suitetalk.api.netsuite.com/services/rest/record/v1/account/322'}], 'id': '322', 'refName': '22000 Current Notes Payable'}",
"{'links': [{'rel': 'self', 'href': 'https://7399703.suitetalk.api.netsuite.com/services/rest/record/v1/account/342/accountContextSearch'}]}",Notes Payable UMS,22020,"{'id': 'OthCurrLiab', 'refName': 'Other Current Liability'}",False,False,False,342,True,False,False,False,2023-04-13T15:48:00Z,"{'links': [{'rel': 'self', 'href': 'https://7399703.suitetalk.api.netsuite.com/services/rest/record/v1/account/342/localizations'}]}","{'links': [{'rel': 'self', 'href': 'https://7399703.suitetalk.api.netsuite.com/services/rest/record/v1/account/342/subsidiary'}]}",,,"{'id': 'AVERAGE', 'refName': 'Average'}",,True,"{'id': 'CURRENT', 'refName': 'Current'}",,True,,22020,,"{'links': [{'rel': 'self', 'href': 'https://7399703.suitetalk.api.netsuite.com/services/rest/record/v1/account/322'}], 'id': '322', 'refName': '22000 Current Notes Payable'}",
"{'links': [{'rel': 'self', 'href': 'https://7399703.suitetalk.api.netsuite.com/services/rest/record/v1/account/343/accountContextSearch'}]}",Notes Payable WTX,22021,"{'id': 'OthCurrLiab', 'refName': 'Other Current Liability'}",False,False,False,343,True,False,False,False,2023-04-13T15:48:00Z,"{'links': [{'rel': 'self', 'href': 'https://7399703.suitetalk.api.netsuite.com/services/rest/record/v1/account/343/localizations'}]}","{'links': [{'rel': 'self', 'href': 'https://7399703.suitetalk.api.netsuite.com/services/rest/record/v1/account/343/subsidiary'}]}",,,"{'id': 'AVERAGE', 'refName': 'Average'}",,True,"{'id': 'CURRENT', 'refName': 'Current'}",,True,,22021,,"{'links': [{'rel': 'self', 'href': 'https://7399703.suitetalk.api.netsuite.com/services/rest/record/v1/account/322'}], 'id': '322', 'refName': '22000 Current Notes Payable'}",
"{'links': [{'rel': 'self', 'href': 'https://7399703.suitetalk.api.netsuite.com/services/rest/record/v1/account/1966/accountContextSearch'}]}",Notes Payable RBSO,22022,"{'id': 'OthCurrLiab', 'refName': 'Other Current Liability'}",False,False,False,1966,True,False,False,False,2023-04-13T15:48:00Z,"{'links': [{'rel': 'self', 'href': 'https://7399703.suitetalk.api.netsuite.com/services/rest/record/v1/account/1966/localizations'}]}","{'links': [{'rel': 'self', 'href': 'https://7399703.suitetalk.api.netsuite.com/services/rest/record/v1/account/1966/subsidiary'}]}",,,"{'id': 'AVERAGE', 'refName': 'Average'}","{'links': [{'rel': 'self', 'href': 'https://7399703.suitetalk.api.netsuite.com/services/rest/record/v1/currency/1'}], 'id': '1', 'refName': 'USD'}",True,"{'id': 'CURRENT', 'refName': 'Current'}",,True,,,,"{'links': [{'rel': 'self', 'href': 'https://7399703.suitetalk.api.netsuite.com/services/rest/record/v1/account/322'}], 'id': '322', 'refName': '22000 Current Notes Payable'}",
"{'links': [{'rel': 'self', 'href': 'https://7399703.suitetalk.api.netsuite.com/services/rest/record/v1/account/1976/accountContextSearch'}]}",Notes Payable Remedy,22023,"{'id': 'OthCurrLiab', 'refName': 'Other Current Liability'}",False,False,False,1976,True,False,False,False,2024-02-14T21:04:00Z,"{'links': [{'rel': 'self', 'href': 'https://7399703.suitetalk.api.netsuite.com/services/rest/record/v1/account/1976/localizations'}]}","{'links': [{'rel': 'self', 'href': 'https://7399703.suitetalk.api.netsuite.com/services/rest/record/v1/account/1976/subsidiary'}]}",,,"{'id': 'AVERAGE', 'refName': 'Average'}",,True,"{'id': 'CURRENT', 'refName': 'Current'}",,True,,,,"{'links': [{'rel': 'self', 'href': 'https://7399703.suitetalk.api.netsuite.com/services/rest/record/v1/account/322'}], 'id': '322', 'refName': '22000 Current Notes Payable'}",
"{'links': [{'rel': 'self', 'href': 'https://7399703.suitetalk.api.netsuite.com/services/rest/record/v1/account/1975/accountContextSearch'}]}",Notes Payable AI,22024,"{'id': 'OthCurrLiab', 'refName': 'Other Current Liability'}",False,False,False,1975,True,False,False,False,2023-04-13T15:45:00Z,"{'links': [{'rel': 'self', 'href': 'https://7399703.suitetalk.api.netsuite.com/services/rest/record/v1/account/1975/localizations'}]}","{'links': [{'rel': 'self', 'href': 'https://7399703.suitetalk.api.netsuite.com/services/rest/record/v1/account/1975/subsidiary'}]}",,,"{'id': 'AVERAGE', 'refName': 'Average'}",,True,"{'id': 'CURRENT', 'refName': 'Current'}",,True,,,,"{'links': [{'rel': 'self', 'href': 'https://7399703.suitetalk.api.netsuite.com/services/rest/record/v1/account/322'}], 'id': '322', 'refName': '22000 Current Notes Payable'}",
"{'links': [{'rel': 'self', 'href': 'https://7399703.suitetalk.api.netsuite.com/services/rest/record/v1/account/1979/accountContextSearch'}]}",Notes Payable UJH,22025,"{'id': 'OthCurrLiab', 'refName': 'Other Current Liability'}",False,False,False,1979,True,False,False,False,2023-05-30T17:00:00Z,"{'links': [{'rel': 'self', 'href': 'https://7399703.suitetalk.api.netsuite.com/services/rest/record/v1/account/1979/localizations'}]}","{'links': [{'rel': 'self', 'href': 'https://7399703.suitetalk.api.netsuite.com/services/rest/record/v1/account/1979/subsidiary'}]}",,,"{'id': 'AVERAGE', 'refName': 'Average'}",,True,"{'id': 'CURRENT', 'refName': 'Current'}",,True,,,,"{'links': [{'rel': 'self', 'href': 'https://7399703.suitetalk.api.netsuite.com/services/rest/record/v1/account/322'}], 'id': '322', 'refName': '22000 Current Notes Payable'}",
"{'links': [{'rel': 'self', 'href': 'https://7399703.suitetalk.api.netsuite.com/services/rest/record/v1/account/2025/accountContextSearch'}]}",Notes Payable SDC,22026,"{'id': 'OthCurrLiab', 'refName': 'Other Current Liability'}",False,False,False,2025,True,False,False,False,2023-06-15T20:42:00Z,"{'links': [{'rel': 'self', 'href': 'https://7399703.suitetalk.api.netsuite.com/services/rest/record/v1/account/2025/localizations'}]}","{'links': [{'rel': 'self', 'href': 'https://7399703.suitetalk.api.netsuite.com/services/rest/record/v1/account/2025/subsidiary'}]}",,,"{'id': 'AVERAGE', 'refName': 'Average'}",,True,"{'id': 'CURRENT', 'refName': 'Current'}",,True,,,,"{'links': [{'rel': 'self', 'href': 'https://7399703.suitetalk.api.netsuite.com/services/rest/record/v1/account/322'}], 'id': '322', 'refName': '22000 Current Notes Payable'}",
"{'links': [{'rel': 'self', 'href': 'https://7399703.suitetalk.api.netsuite.com/services/rest/record/v1/account/2036/accountContextSearch'}]}",Notes Payable Omada,22027,"{'id': 'OthCurrLiab', 'refName': 'Other Current Liability'}",False,False,False,2036,True,False,False,False,2023-07-18T18:36:00Z,"{'links': [{'rel': 'self', 'href': 'https://7399703.suitetalk.api.netsuite.com/services/rest/record/v1/account/2036/localizations'}]}","{'links': [{'rel': 'self', 'href': 'https://7399703.suitetalk.api.netsuite.com/services/rest/record/v1/account/2036/subsidiary'}]}",,,"{'id': 'AVERAGE', 'refName': 'Average'}",,True,"{'id': 'CURRENT', 'refName': 'Current'}",,True,,,,"{'links': [{'rel': 'self', 'href': 'https://7399703.suitetalk.api.netsuite.com/services/rest/record/v1/account/322'}], 'id': '322', 'refName': '22000 Current Notes Payable'}",
"{'links': [{'rel': 'self', 'href': 'https://7399703.suitetalk.api.netsuite.com/services/rest/record/v1/account/2042/accountContextSearch'}]}",Notes Payable LCPA,22028,"{'id': 'OthCurrLiab', 'refName': 'Other Current Liability'}",False,False,False,2042,True,False,False,False,2023-08-04T18:04:00Z,"{'links': [{'rel': 'self', 'href': 'https://7399703.suitetalk.api.netsuite.com/services/rest/record/v1/account/2042/localizations'}]}","{'links': [{'rel': 'self', 'href': 'https://7399703.suitetalk.api.netsuite.com/services/rest/record/v1/account/2042/subsidiary'}]}",,,"{'id': 'AVERAGE', 'refName': 'Average'}",,True,"{'id': 'CURRENT', 'refName': 'Current'}",,True,,,,"{'links': [{'rel': 'self', 'href': 'https://7399703.suitetalk.api.netsuite.com/services/rest/record/v1/account/322'}], 'id': '322', 'refName': '22000 Current Notes Payable'}",
"{'links': [{'rel': 'self', 'href': 'https://7399703.suitetalk.api.netsuite.com/services/rest/record/v1/account/2263/accountContextSearch'}]}",Notes Payable CMG NC,22029,"{'id': 'OthCurrLiab', 'refName': 'Other Current Liability'}",False,False,False,2263,True,False,False,False,2023-09-25T17:26:00Z,"{'links': [{'rel': 'self', 'href': 'https://7399703.suitetalk.api.netsuite.com/services/rest/record/v1/account/2263/localizations'}]}","{'links': [{'rel': 'self', 'href': 'https://7399703.suitetalk.api.netsuite.com/services/rest/record/v1/account/2263/subsidiary'}]}",,,"{'id': 'AVERAGE', 'refName': 'Average'}",,True,"{'id': 'CURRENT', 'refName': 'Current'}",,True,,,,"{'links': [{'rel': 'self', 'href': 'https://7399703.suitetalk.api.netsuite.com/services/rest/record/v1/account/322'}], 'id': '322', 'refName': '22000 Current Notes Payable'}",
"{'links': [{'rel': 'self', 'href': 'https://7399703.suitetalk.api.netsuite.com/services/rest/record/v1/account/2488/accountContextSearch'}]}",Notes Payable Med Source,22030,"{'id': 'OthCurrLiab', 'refName': 'Other Current Liability'}",False,False,False,2488,True,False,False,False,2023-11-28T16:49:00Z,"{'links': [{'rel': 'self', 'href': 'https://7399703.suitetalk.api.netsuite.com/services/rest/record/v1/account/2488/localizations'}]}","{'links': [{'rel': 'self', 'href': 'https://7399703.suitetalk.api.netsuite.com/services/rest/record/v1/account/2488/subsidiary'}]}",,,"{'id': 'AVERAGE', 'refName': 'Average'}",,True,"{'id': 'CURRENT', 'refName': 'Current'}",,True,,,,"{'links': [{'rel': 'self', 'href': 'https://7399703.suitetalk.api.netsuite.com/services/rest/record/v1/account/322'}], 'id': '322', 'refName': '22000 Current Notes Payable'}",
"{'links': [{'rel': 'self', 'href': 'https://7399703.suitetalk.api.netsuite.com/services/rest/record/v1/account/2467/accountContextSearch'}]}",Notes Payable WRARG,22031,"{'id': 'OthCurrLiab', 'refName': 'Other Current Liability'}",False,False,False,2467,True,False,False,False,2023-10-20T15:17:00Z,"{'links': [{'rel': 'self', 'href': 'https://7399703.suitetalk.api.netsuite.com/services/rest/record/v1/account/2467/localizations'}]}","{'links': [{'rel': 'self', 'href': 'https://7399703.suitetalk.api.netsuite.com/services/rest/record/v1/account/2467/subsidiary'}]}",,,"{'id': 'AVERAGE', 'refName': 'Average'}","{'links': [{'rel': 'self', 'href': 'https://7399703.suitetalk.api.netsuite.com/services/rest/record/v1/currency/1'}], 'id': '1', 'refName': 'USD'}",True,"{'id': 'CURRENT', 'refName': 'Current'}",,False,,,,"{'links': [{'rel': 'self', 'href': 'https://7399703.suitetalk.api.netsuite.com/services/rest/record/v1/account/322'}], 'id': '322', 'refName': '22000 Current Notes Payable'}",
"{'links': [{'rel': 'self', 'href': 'https://7399703.suitetalk.api.netsuite.com/services/rest/record/v1/account/2489/accountContextSearch'}]}",Notes Payable ARG II,22032,"{'id': 'OthCurrLiab', 'refName': 'Other Current Liability'}",False,False,False,2489,True,False,False,False,2023-11-28T16:50:00Z,"{'links': [{'rel': 'self', 'href': 'https://7399703.suitetalk.api.netsuite.com/services/rest/record/v1/account/2489/localizations'}]}","{'links': [{'rel': 'self', 'href': 'https://7399703.suitetalk.api.netsuite.com/services/rest/record/v1/account/2489/subsidiary'}]}",,,"{'id': 'AVERAGE', 'refName': 'Average'}",,True,"{'id': 'CURRENT', 'refName': 'Current'}",,True,,,,"{'links': [{'rel': 'self', 'href': 'https://7399703.suitetalk.api.netsuite.com/services/rest/record/v1/account/322'}], 'id': '322', 'refName': '22000 Current Notes Payable'}",
"{'links': [{'rel': 'self', 'href': 'https://7399703.suitetalk.api.netsuite.com/services/rest/record/v1/account/2490/accountContextSearch'}]}",Notes Payable AI DFW,22033,"{'id': 'OthCurrLiab', 'refName': 'Other Current Liability'}",False,False,False,2490,True,False,False,False,2023-11-28T16:50:00Z,"{'links': [{'rel': 'self', 'href': 'https://7399703.suitetalk.api.netsuite.com/services/rest/record/v1/account/2490/localizations'}]}","{'links': [{'rel': 'self', 'href': 'https://7399703.suitetalk.api.netsuite.com/services/rest/record/v1/account/2490/subsidiary'}]}",,,"{'id': 'AVERAGE', 'refName': 'Average'}",,True,"{'id': 'CURRENT', 'refName': 'Current'}",,True,,,,"{'links': [{'rel': 'self', 'href': 'https://7399703.suitetalk.api.netsuite.com/services/rest/record/v1/account/322'}], 'id': '322', 'refName': '22000 Current Notes Payable'}",
"{'links': [{'rel': 'self', 'href': 'https://7399703.suitetalk.api.netsuite.com/services/rest/record/v1/account/2491/accountContextSearch'}]}",Notes Payable INSP,22034,"{'id': 'OthCurrLiab', 'refName': 'Other Current Liability'}",False,False,False,2491,True,False,False,False,2023-11-28T16:51:00Z,"{'links': [{'rel': 'self', 'href': 'https://7399703.suitetalk.api.netsuite.com/services/rest/record/v1/account/2491/localizations'}]}","{'links': [{'rel': 'self', 'href': 'https://7399703.suitetalk.api.netsuite.com/services/rest/record/v1/account/2491/subsidiary'}]}",,,"{'id': 'AVERAGE', 'refName': 'Average'}",,True,"{'id': 'CURRENT', 'refName': 'Current'}",,True,,,,"{'links': [{'rel': 'self', 'href': 'https://7399703.suitetalk.api.netsuite.com/services/rest/record/v1/account/322'}], 'id': '322', 'refName': '22000 Current Notes Payable'}",
"{'links': [{'rel': 'self', 'href': 'https://7399703.suitetalk.api.netsuite.com/services/rest/record/v1/account/2784/accountContextSearch'}]}",Notes Payable FLYO,22035,"{'id': 'OthCurrLiab', 'refName': 'Other Current Liability'}",False,False,False,2784,True,False,False,False,2025-02-27T17:49:00Z,"{'links': [{'rel': 'self', 'href': 'https://7399703.suitetalk.api.netsuite.com/services/rest/record/v1/account/2784/localizations'}]}","{'links': [{'rel': 'self', 'href': 'https://7399703.suitetalk.api.netsuite.com/services/rest/record/v1/account/2784/subsidiary'}]}",,,"{'id': 'AVERAGE', 'refName': 'Average'}",,True,"{'id': 'CURRENT', 'refName': 'Current'}",,True,,,,"{'links': [{'rel': 'self', 'href': 'https://7399703.suitetalk.api.netsuite.com/services/rest/record/v1/account/322'}], 'id': '322', 'refName': '22000 Current Notes Payable'}",
"{'links': [{'rel': 'self', 'href': 'https://7399703.suitetalk.api.netsuite.com/services/rest/record/v1/account/2785/accountContextSearch'}]}",Notes Payable RCH,22036,"{'id': 'OthCurrLiab', 'refName': 'Other Current Liability'}",False,False,False,2785,True,False,False,False,2025-02-27T17:50:00Z,"{'links': [{'rel': 'self', 'href': 'https://7399703.suitetalk.api.netsuite.com/services/rest/record/v1/account/2785/localizations'}]}","{'links': [{'rel': 'self', 'href': 'https://7399703.suitetalk.api.netsuite.com/services/rest/record/v1/account/2785/subsidiary'}]}",,,"{'id': 'AVERAGE', 'refName': 'Average'}",,True,"{'id': 'CURRENT', 'refName': 'Current'}",,True,,,,"{'links': [{'rel': 'self', 'href': 'https://7399703.suitetalk.api.netsuite.com/services/rest/record/v1/account/322'}], 'id': '322', 'refName': '22000 Current Notes Payable'}",
"{'links': [{'rel': 'self', 'href': 'https://7399703.suitetalk.api.netsuite.com/services/rest/record/v1/account/2786/accountContextSearch'}]}",Notes Payable Omada RV,22037,"{'id': 'OthCurrLiab', 'refName': 'Other Current Liability'}",False,False,False,2786,True,False,False,False,2025-02-27T17:51:00Z,"{'links': [{'rel': 'self', 'href': 'https://7399703.suitetalk.api.netsuite.com/services/rest/record/v1/account/2786/localizations'}]}","{'links': [{'rel': 'self', 'href': 'https://7399703.suitetalk.api.netsuite.com/services/rest/record/v1/account/2786/subsidiary'}]}",,,"{'id': 'AVERAGE', 'refName': 'Average'}",,True,"{'id': 'CURRENT', 'refName': 'Current'}",,True,,,,"{'links': [{'rel': 'self', 'href': 'https://7399703.suitetalk.api.netsuite.com/services/rest/record/v1/account/322'}], 'id': '322', 'refName': '22000 Current Notes Payable'}",
"{'links': [{'rel': 'self', 'href': 'https://7399703.suitetalk.api.netsuite.com/services/rest/record/v1/account/1944/accountContextSearch'}]}",MGMT Fees Payable,22099,"{'id': 'OthCurrLiab', 'refName': 'Other Current Liability'}",False,False,False,1944,True,False,False,False,2023-04-13T15:45:00Z,"{'links': [{'rel': 'self', 'href': 'https://7399703.suitetalk.api.netsuite.com/services/rest/record/v1/account/1944/localizations'}]}","{'links': [{'rel': 'self', 'href': 'https://7399703.suitetalk.api.netsuite.com/services/rest/record/v1/account/1944/subsidiary'}]}",,,"{'id': 'AVERAGE', 'refName': 'Average'}",,True,"{'id': 'CURRENT', 'refName': 'Current'}",,True,,,,"{'links': [{'rel': 'self', 'href': 'https://7399703.suitetalk.api.netsuite.com/services/rest/record/v1/account/322'}], 'id': '322', 'refName': '22000 Current Notes Payable'}",
"{'links': [{'rel': 'self', 'href': 'https://7399703.suitetalk.api.netsuite.com/services/rest/record/v1/account/344/accountContextSearch'}]}",Inter-company Due to/from,22100,"{'id': 'LongTermLiab', 'refName': 'Long Term Liability'}",False,False,False,344,True,False,False,False,2022-04-25T19:52:00Z,"{'links': [{'rel': 'self', 'href': 'https://7399703.suitetalk.api.netsuite.com/services/rest/record/v1/account/344/localizations'}]}","{'links': [{'rel': 'self', 'href': 'https://7399703.suitetalk.api.netsuite.com/services/rest/record/v1/account/344/subsidiary'}]}",,,"{'id': 'AVERAGE', 'refName': 'Average'}",,False,"{'id': 'CURRENT', 'refName': 'Current'}",,True,,22100,,,
"{'links': [{'rel': 'self', 'href': 'https://7399703.suitetalk.api.netsuite.com/services/rest/record/v1/account/1998/accountContextSearch'}]}",Notes Payable - Woodhaven,23061,"{'id': 'OthCurrLiab', 'refName': 'Other Current Liability'}",False,False,False,1998,True,False,False,False,2024-09-19T16:28:00Z,"{'links': [{'rel': 'self', 'href': 'https://7399703.suitetalk.api.netsuite.com/services/rest/record/v1/account/1998/localizations'}]}","{'links': [{'rel': 'self', 'href': 'https://7399703.suitetalk.api.netsuite.com/services/rest/record/v1/account/1998/subsidiary'}]}",,,"{'id': 'AVERAGE', 'refName': 'Average'}",,False,"{'id': 'CURRENT', 'refName': 'Current'}",,True,,,,,
"{'links': [{'rel': 'self', 'href': 'https://7399703.suitetalk.api.netsuite.com/services/rest/record/v1/account/2002/accountContextSearch'}]}",Notes Payable - SDC Real Estate,23062,"{'id': 'OthCurrLiab', 'refName': 'Other Current Liability'}",False,False,False,2002,False,False,False,False,2023-05-03T20:23:00Z,"{'links': [{'rel': 'self', 'href': 'https://7399703.suitetalk.api.netsuite.com/services/rest/record/v1/account/2002/localizations'}]}","{'links': [{'rel': 'self', 'href': 'https://7399703.suitetalk.api.netsuite.com/services/rest/record/v1/account/2002/subsidiary'}]}",,,"{'id': 'AVERAGE', 'refName': 'Average'}",,False,"{'id': 'CURRENT', 'refName': 'Current'}",,True,,,,,
"{'links': [{'rel': 'self', 'href': 'https://7399703.suitetalk.api.netsuite.com/services/rest/record/v1/account/2003/accountContextSearch'}]}",Notes Payable - RT & PY Myles,23063,"{'id': 'OthCurrLiab', 'refName': 'Other Current Liability'}",False,False,False,2003,False,False,False,False,2023-05-03T20:25:00Z,"{'links': [{'rel': 'self', 'href': 'https://7399703.suitetalk.api.netsuite.com/services/rest/record/v1/account/2003/localizations'}]}","{'links': [{'rel': 'self', 'href': 'https://7399703.suitetalk.api.netsuite.com/services/rest/record/v1/account/2003/subsidiary'}]}",,,"{'id': 'AVERAGE', 'refName': 'Average'}",,False,"{'id': 'CURRENT', 'refName': 'Current'}",,True,,,,,
"{'links': [{'rel': 'self', 'href': 'https://7399703.suitetalk.api.netsuite.com/services/rest/record/v1/account/2004/accountContextSearch'}]}","Notes Payable - AHM, LLC",23064,"{'id': 'OthCurrLiab', 'refName': 'Other Current Liability'}",False,False,False,2004,False,False,False,False,2023-05-03T20:27:00Z,"{'links': [{'rel': 'self', 'href': 'https://7399703.suitetalk.api.netsuite.com/services/rest/record/v1/account/2004/localizations'}]}","{'links': [{'rel': 'self', 'href': 'https://7399703.suitetalk.api.netsuite.com/services/rest/record/v1/account/2004/subsidiary'}]}",,,"{'id': 'AVERAGE', 'refName': 'Average'}",,False,"{'id': 'CURRENT', 'refName': 'Current'}",,True,,,,,
"{'links': [{'rel': 'self', 'href': 'https://7399703.suitetalk.api.netsuite.com/services/rest/record/v1/account/2005/accountContextSearch'}]}",Notes Payable - Dr. Myles,23065,"{'id': 'OthCurrLiab', 'refName': 'Other Current Liability'}",False,False,False,2005,False,False,False,False,2023-05-03T20:30:00Z,"{'links': [{'rel': 'self', 'href': 'https://7399703.suitetalk.api.netsuite.com/services/rest/record/v1/account/2005/localizations'}]}","{'links': [{'rel': 'self', 'href': 'https://7399703.suitetalk.api.netsuite.com/services/rest/record/v1/account/2005/subsidiary'}]}",,,"{'id': 'AVERAGE', 'refName': 'Average'}",,False,"{'id': 'CURRENT', 'refName': 'Current'}",,True,,,,,
"{'links': [{'rel': 'self', 'href': 'https://7399703.suitetalk.api.netsuite.com/services/rest/record/v1/account/2006/accountContextSearch'}]}",Notes Payable - ISD (R Myles),23066,"{'id': 'OthCurrLiab', 'refName': 'Other Current Liability'}",False,False,False,2006,False,False,False,False,2023-05-03T20:31:00Z,"{'links': [{'rel': 'self', 'href': 'https://7399703.suitetalk.api.netsuite.com/services/rest/record/v1/account/2006/localizations'}]}","{'links': [{'rel': 'self', 'href': 'https://7399703.suitetalk.api.netsuite.com/services/rest/record/v1/account/2006/subsidiary'}]}",,,"{'id': 'AVERAGE', 'refName': 'Average'}",,False,"{'id': 'CURRENT', 'refName': 'Current'}",,True,,,,,
"{'links': [{'rel': 'self', 'href': 'https://7399703.suitetalk.api.netsuite.com/services/rest/record/v1/account/2007/accountContextSearch'}]}",Notes Payable - Myles PR,23067,"{'id': 'OthCurrLiab', 'refName': 'Other Current Liability'}",False,False,False,2007,False,False,False,False,2023-05-03T20:35:00Z,"{'links': [{'rel': 'self', 'href': 'https://7399703.suitetalk.api.netsuite.com/services/rest/record/v1/account/2007/localizations'}]}","{'links': [{'rel': 'self', 'href': 'https://7399703.suitetalk.api.netsuite.com/services/rest/record/v1/account/2007/subsidiary'}]}",,,"{'id': 'AVERAGE', 'refName': 'Average'}",,False,"{'id': 'CURRENT', 'refName': 'Current'}",,True,,,,,
"{'links': [{'rel': 'self', 'href': 'https://7399703.suitetalk.api.netsuite.com/services/rest/record/v1/account/2008/accountContextSearch'}]}",Notes Payable - EMPI (R Myles),23068,"{'id': 'OthCurrLiab', 'refName': 'Other Current Liability'}",False,False,False,2008,False,False,False,False,2023-05-03T20:39:00Z,"{'links': [{'rel': 'self', 'href': 'https://7399703.suitetalk.api.netsuite.com/services/rest/record/v1/account/2008/localizations'}]}","{'links': [{'rel': 'self', 'href': 'https://7399703.suitetalk.api.netsuite.com/services/rest/record/v1/account/2008/subsidiary'}]}",,,"{'id': 'AVERAGE', 'refName': 'Average'}",,False,"{'id': 'CURRENT', 'refName': 'Current'}",,True,,,,,
"{'links': [{'rel': 'self', 'href': 'https://7399703.suitetalk.api.netsuite.com/services/rest/record/v1/account/2009/accountContextSearch'}]}",Notes Payable - TEKI Inc (R Myles),23069,"{'id': 'OthCurrLiab', 'refName': 'Other Current Liability'}",False,False,False,2009,False,False,False,False,2023-05-03T20:41:00Z,"{'links': [{'rel': 'self', 'href': 'https://7399703.suitetalk.api.netsuite.com/services/rest/record/v1/account/2009/localizations'}]}","{'links': [{'rel': 'self', 'href': 'https://7399703.suitetalk.api.netsuite.com/services/rest/record/v1/account/2009/subsidiary'}]}",,,"{'id': 'AVERAGE', 'refName': 'Average'}",,False,"{'id': 'CURRENT', 'refName': 'Current'}",,True,,,,,
"{'links': [{'rel': 'self', 'href': 'https://7399703.suitetalk.api.netsuite.com/services/rest/record/v1/account/1999/accountContextSearch'}]}",Notes Payable - Hurst SDC (M Self),23071,"{'id': 'OthCurrLiab', 'refName': 'Other Current Liability'}",False,False,False,1999,False,False,False,False,2023-05-03T20:12:00Z,"{'links': [{'rel': 'self', 'href': 'https://7399703.suitetalk.api.netsuite.com/services/rest/record/v1/account/1999/localizations'}]}","{'links': [{'rel': 'self', 'href': 'https://7399703.suitetalk.api.netsuite.com/services/rest/record/v1/account/1999/subsidiary'}]}",,,"{'id': 'AVERAGE', 'refName': 'Average'}",,False,"{'id': 'CURRENT', 'refName': 'Current'}",,True,,,,,
"{'links': [{'rel': 'self', 'href': 'https://7399703.suitetalk.api.netsuite.com/services/rest/record/v1/account/2010/accountContextSearch'}]}",Notes Payable - TEKI Aug 2022,23072,"{'id': 'OthCurrLiab', 'refName': 'Other Current Liability'}",False,False,False,2010,False,False,False,False,2023-05-03T20:45:00Z,"{'links': [{'rel': 'self', 'href': 'https://7399703.suitetalk.api.netsuite.com/services/rest/record/v1/account/2010/localizations'}]}","{'links': [{'rel': 'self', 'href': 'https://7399703.suitetalk.api.netsuite.com/services/rest/record/v1/account/2010/subsidiary'}]}",,,"{'id': 'AVERAGE', 'refName': 'Average'}",,False,"{'id': 'CURRENT', 'refName': 'Current'}",,True,,,,,
"{'links': [{'rel': 'self', 'href': 'https://7399703.suitetalk.api.netsuite.com/services/rest/record/v1/account/2011/accountContextSearch'}]}",Notes Payable - TEKI-SDC Acquisition,23073,"{'id': 'OthCurrLiab', 'refName': 'Other Current Liability'}",False,False,False,2011,False,False,False,False,2023-05-03T20:46:00Z,"{'links': [{'rel': 'self', 'href': 'https://7399703.suitetalk.api.netsuite.com/services/rest/record/v1/account/2011/localizations'}]}","{'links': [{'rel': 'self', 'href': 'https://7399703.suitetalk.api.netsuite.com/services/rest/record/v1/account/2011/subsidiary'}]}",,,"{'id': 'AVERAGE', 'refName': 'Average'}",,False,"{'id': 'CURRENT', 'refName': 'Current'}",,True,,,,,
"{'links': [{'rel': 'self', 'href': 'https://7399703.suitetalk.api.netsuite.com/services/rest/record/v1/account/2000/accountContextSearch'}]}",Notes Payable - NCTSI (R Myles),23081,"{'id': 'OthCurrLiab', 'refName': 'Other Current Liability'}",False,False,False,2000,False,False,False,False,2023-05-03T20:17:00Z,"{'links': [{'rel': 'self', 'href': 'https://7399703.suitetalk.api.netsuite.com/services/rest/record/v1/account/2000/localizations'}]}","{'links': [{'rel': 'self', 'href': 'https://7399703.suitetalk.api.netsuite.com/services/rest/record/v1/account/2000/subsidiary'}]}",,,"{'id': 'AVERAGE', 'refName': 'Average'}",,False,"{'id': 'CURRENT', 'refName': 'Current'}",,True,,,,,
"{'links': [{'rel': 'self', 'href': 'https://7399703.suitetalk.api.netsuite.com/services/rest/record/v1/account/2001/accountContextSearch'}]}",Notes Payable - Mark Self,23091,"{'id': 'OthCurrLiab', 'refName': 'Other Current Liability'}",False,False,False,2001,False,False,False,False,2023-05-03T20:19:00Z,"{'links': [{'rel': 'self', 'href': 'https://7399703.suitetalk.api.netsuite.com/services/rest/record/v1/account/2001/localizations'}]}","{'links': [{'rel': 'self', 'href': 'https://7399703.suitetalk.api.netsuite.com/services/rest/record/v1/account/2001/subsidiary'}]}",,,"{'id': 'AVERAGE', 'refName': 'Average'}",,False,"{'id': 'CURRENT', 'refName': 'Current'}",,True,,,,,
"{'links': [{'rel': 'self', 'href': 'https://7399703.suitetalk.api.netsuite.com/services/rest/record/v1/account/345/accountContextSearch'}]}",Long Term Liabilities,23100,"{'id': 'LongTermLiab', 'refName': 'Long Term Liability'}",False,False,False,345,True,False,False,False,2022-04-25T19:52:00Z,"{'links': [{'rel': 'self', 'href': 'https://7399703.suitetalk.api.netsuite.com/services/rest/record/v1/account/345/localizations'}]}","{'links': [{'rel': 'self', 'href': 'https://7399703.suitetalk.api.netsuite.com/services/rest/record/v1/account/345/subsidiary'}]}",,,"{'id': 'AVERAGE', 'refName': 'Average'}",,False,"{'id': 'CURRENT', 'refName': 'Current'}",,True,,23100,,,
"{'links': [{'rel': 'self', 'href': 'https://7399703.suitetalk.api.netsuite.com/services/rest/record/v1/account/346/accountContextSearch'}]}",Hothem Revenue Due,23101,"{'id': 'LongTermLiab', 'refName': 'Long Term Liability'}",False,False,False,346,True,False,False,False,2022-04-25T19:52:00Z,"{'links': [{'rel': 'self', 'href': 'https://7399703.suitetalk.api.netsuite.com/services/rest/record/v1/account/346/localizations'}]}","{'links': [{'rel': 'self', 'href': 'https://7399703.suitetalk.api.netsuite.com/services/rest/record/v1/account/346/subsidiary'}]}",,,"{'id': 'AVERAGE', 'refName': 'Average'}",,False,"{'id': 'CURRENT', 'refName': 'Current'}",,True,,23101,,"{'links': [{'rel': 'self', 'href': 'https://7399703.suitetalk.api.netsuite.com/services/rest/record/v1/account/345'}], 'id': '345', 'refName': '23100 Long Term Liabilities'}",
"{'links': [{'rel': 'self', 'href': 'https://7399703.suitetalk.api.netsuite.com/services/rest/record/v1/account/1959/accountContextSearch'}]}",Reece Revenue Due,23102,"{'id': 'LongTermLiab', 'refName': 'Long Term Liability'}",False,False,False,1959,True,False,False,False,2023-01-05T14:46:00Z,"{'links': [{'rel': 'self', 'href': 'https://7399703.suitetalk.api.netsuite.com/services/rest/record/v1/account/1959/localizations'}]}","{'links': [{'rel': 'self', 'href': 'https://7399703.suitetalk.api.netsuite.com/services/rest/record/v1/account/1959/subsidiary'}]}",,,"{'id': 'AVERAGE', 'refName': 'Average'}","{'links': [{'rel': 'self', 'href': 'https://7399703.suitetalk.api.netsuite.com/services/rest/record/v1/currency/1'}], 'id': '1', 'refName': 'USD'}",False,"{'id': 'CURRENT', 'refName': 'Current'}",,True,,,,"{'links': [{'rel': 'self', 'href': 'https://7399703.suitetalk.api.netsuite.com/services/rest/record/v1/account/345'}], 'id': '345', 'refName': '23100 Long Term Liabilities'}",
"{'links': [{'rel': 'self', 'href': 'https://7399703.suitetalk.api.netsuite.com/services/rest/record/v1/account/2497/accountContextSearch'}]}",Dr. Batra Due,23103,"{'id': 'LongTermLiab', 'refName': 'Long Term Liability'}",False,False,False,2497,True,False,False,False,2023-12-19T22:09:00Z,"{'links': [{'rel': 'self', 'href': 'https://7399703.suitetalk.api.netsuite.com/services/rest/record/v1/account/2497/localizations'}]}","{'links': [{'rel': 'self', 'href': 'https://7399703.suitetalk.api.netsuite.com/services/rest/record/v1/account/2497/subsidiary'}]}",,,"{'id': 'AVERAGE', 'refName': 'Average'}",,False,"{'id': 'CURRENT', 'refName': 'Current'}",,True,,,,"{'links': [{'rel': 'self', 'href': 'https://7399703.suitetalk.api.netsuite.com/services/rest/record/v1/account/345'}], 'id': '345', 'refName': '23100 Long Term Liabilities'}",
"{'links': [{'rel': 'self', 'href': 'https://7399703.suitetalk.api.netsuite.com/services/rest/record/v1/account/2769/accountContextSearch'}]}",Dr. Lagulli Due,23104,"{'id': 'LongTermLiab', 'refName': 'Long Term Liability'}",False,False,False,2769,True,False,False,False,2024-12-19T16:59:00Z,"{'links': [{'rel': 'self', 'href': 'https://7399703.suitetalk.api.netsuite.com/services/rest/record/v1/account/2769/localizations'}]}","{'links': [{'rel': 'self', 'href': 'https://7399703.suitetalk.api.netsuite.com/services/rest/record/v1/account/2769/subsidiary'}]}",,,"{'id': 'AVERAGE', 'refName': 'Average'}",,False,"{'id': 'CURRENT', 'refName': 'Current'}",,True,,,,,
"{'links': [{'rel': 'self', 'href': 'https://7399703.suitetalk.api.netsuite.com/services/rest/record/v1/account/347/accountContextSearch'}]}",Notes Payable,23105,"{'id': 'LongTermLiab', 'refName': 'Long Term Liability'}",False,False,False,347,True,False,False,False,2022-04-25T19:52:00Z,"{'links': [{'rel': 'self', 'href': 'https://7399703.suitetalk.api.netsuite.com/services/rest/record/v1/account/347/localizations'}]}","{'links': [{'rel': 'self', 'href': 'https://7399703.suitetalk.api.netsuite.com/services/rest/record/v1/account/347/subsidiary'}]}",,,"{'id': 'AVERAGE', 'refName': 'Average'}",,False,"{'id': 'CURRENT', 'refName': 'Current'}",,True,,23105,,,
"{'links': [{'rel': 'self', 'href': 'https://7399703.suitetalk.api.netsuite.com/services/rest/record/v1/account/348/accountContextSearch'}]}",Loans Payable,23110,"{'id': 'LongTermLiab', 'refName': 'Long Term Liability'}",False,False,False,348,True,False,False,False,2022-04-25T19:52:00Z,"{'links': [{'rel': 'self', 'href': 'https://7399703.suitetalk.api.netsuite.com/services/rest/record/v1/account/348/localizations'}]}","{'links': [{'rel': 'self', 'href': 'https://7399703.suitetalk.api.netsuite.com/services/rest/record/v1/account/348/subsidiary'}]}",,,"{'id': 'AVERAGE', 'refName': 'Average'}",,False,"{'id': 'CURRENT', 'refName': 'Current'}",,True,,23110,,,
"{'links': [{'rel': 'self', 'href': 'https://7399703.suitetalk.api.netsuite.com/services/rest/record/v1/account/535/accountContextSearch'}]}",Loans Payable AAC,23111,"{'id': 'LongTermLiab', 'refName': 'Long Term Liability'}",False,False,False,535,True,False,False,False,2023-04-13T15:49:00Z,"{'links': [{'rel': 'self', 'href': 'https://7399703.suitetalk.api.netsuite.com/services/rest/record/v1/account/535/localizations'}]}","{'links': [{'rel': 'self', 'href': 'https://7399703.suitetalk.api.netsuite.com/services/rest/record/v1/account/535/subsidiary'}]}",,,"{'id': 'AVERAGE', 'refName': 'Average'}",,True,"{'id': 'CURRENT', 'refName': 'Current'}",,True,,23111,,"{'links': [{'rel': 'self', 'href': 'https://7399703.suitetalk.api.netsuite.com/services/rest/record/v1/account/348'}], 'id': '348', 'refName': '23110 Loans Payable'}",
"{'links': [{'rel': 'self', 'href': 'https://7399703.suitetalk.api.netsuite.com/services/rest/record/v1/account/536/accountContextSearch'}]}",Loans Payable ADV,23112,"{'id': 'LongTermLiab', 'refName': 'Long Term Liability'}",False,False,False,536,True,False,False,False,2023-04-13T15:49:00Z,"{'links': [{'rel': 'self', 'href': 'https://7399703.suitetalk.api.netsuite.com/services/rest/record/v1/account/536/localizations'}]}","{'links': [{'rel': 'self', 'href': 'https://7399703.suitetalk.api.netsuite.com/services/rest/record/v1/account/536/subsidiary'}]}",,,"{'id': 'AVERAGE', 'refName': 'Average'}",,True,"{'id': 'CURRENT', 'refName': 'Current'}",,True,,23112,,"{'links': [{'rel': 'self', 'href': 'https://7399703.suitetalk.api.netsuite.com/services/rest/record/v1/account/348'}], 'id': '348', 'refName': '23110 Loans Payable'}",
"{'links': [{'rel': 'self', 'href': 'https://7399703.suitetalk.api.netsuite.com/services/rest/record/v1/account/537/accountContextSearch'}]}",Loans Payable ARG,23113,"{'id': 'LongTermLiab', 'refName': 'Long Term Liability'}",False,False,False,537,True,False,False,False,2023-04-13T15:50:00Z,"{'links': [{'rel': 'self', 'href': 'https://7399703.suitetalk.api.netsuite.com/services/rest/record/v1/account/537/localizations'}]}","{'links': [{'rel': 'self', 'href': 'https://7399703.suitetalk.api.netsuite.com/services/rest/record/v1/account/537/subsidiary'}]}",,,"{'id': 'AVERAGE', 'refName': 'Average'}",,True,"{'id': 'CURRENT', 'refName': 'Current'}",,True,,23113,,"{'links': [{'rel': 'self', 'href': 'https://7399703.suitetalk.api.netsuite.com/services/rest/record/v1/account/348'}], 'id': '348', 'refName': '23110 Loans Payable'}",
"{'links': [{'rel': 'self', 'href': 'https://7399703.suitetalk.api.netsuite.com/services/rest/record/v1/account/538/accountContextSearch'}]}",Loans Payable ARM,23114,"{'id': 'LongTermLiab', 'refName': 'Long Term Liability'}",False,False,False,538,True,False,False,False,2023-04-13T15:50:00Z,"{'links': [{'rel': 'self', 'href': 'https://7399703.suitetalk.api.netsuite.com/services/rest/record/v1/account/538/localizations'}]}","{'links': [{'rel': 'self', 'href': 'https://7399703.suitetalk.api.netsuite.com/services/rest/record/v1/account/538/subsidiary'}]}",,,"{'id': 'AVERAGE', 'refName': 'Average'}",,True,"{'id': 'CURRENT', 'refName': 'Current'}",,True,,23114,,"{'links': [{'rel': 'self', 'href': 'https://7399703.suitetalk.api.netsuite.com/services/rest/record/v1/account/348'}], 'id': '348', 'refName': '23110 Loans Payable'}",
"{'links': [{'rel': 'self', 'href': 'https://7399703.suitetalk.api.netsuite.com/services/rest/record/v1/account/539/accountContextSearch'}]}",Loans Payable FMGO,23115,"{'id': 'LongTermLiab', 'refName': 'Long Term Liability'}",False,False,False,539,True,False,False,False,2023-04-13T15:50:00Z,"{'links': [{'rel': 'self', 'href': 'https://7399703.suitetalk.api.netsuite.com/services/rest/record/v1/account/539/localizations'}]}","{'links': [{'rel': 'self', 'href': 'https://7399703.suitetalk.api.netsuite.com/services/rest/record/v1/account/539/subsidiary'}]}",,,"{'id': 'AVERAGE', 'refName': 'Average'}",,True,"{'id': 'CURRENT', 'refName': 'Current'}",,True,,23115,,"{'links': [{'rel': 'self', 'href': 'https://7399703.suitetalk.api.netsuite.com/services/rest/record/v1/account/348'}], 'id': '348', 'refName': '23110 Loans Payable'}",
"{'links': [{'rel': 'self', 'href': 'https://7399703.suitetalk.api.netsuite.com/services/rest/record/v1/account/540/accountContextSearch'}]}",Loans Payable FLYR,23116,"{'id': 'LongTermLiab', 'refName': 'Long Term Liability'}",False,False,False,540,True,False,False,False,2023-04-13T15:50:00Z,"{'links': [{'rel': 'self', 'href': 'https://7399703.suitetalk.api.netsuite.com/services/rest/record/v1/account/540/localizations'}]}","{'links': [{'rel': 'self', 'href': 'https://7399703.suitetalk.api.netsuite.com/services/rest/record/v1/account/540/subsidiary'}]}",,,"{'id': 'AVERAGE', 'refName': 'Average'}",,True,"{'id': 'CURRENT', 'refName': 'Current'}",,True,,23116,,"{'links': [{'rel': 'self', 'href': 'https://7399703.suitetalk.api.netsuite.com/services/rest/record/v1/account/348'}], 'id': '348', 'refName': '23110 Loans Payable'}",
"{'links': [{'rel': 'self', 'href': 'https://7399703.suitetalk.api.netsuite.com/services/rest/record/v1/account/541/accountContextSearch'}]}",Loans Payable GJ&D,23117,"{'id': 'LongTermLiab', 'refName': 'Long Term Liability'}",False,False,False,541,True,False,False,False,2023-04-13T15:50:00Z,"{'links': [{'rel': 'self', 'href': 'https://7399703.suitetalk.api.netsuite.com/services/rest/record/v1/account/541/localizations'}]}","{'links': [{'rel': 'self', 'href': 'https://7399703.suitetalk.api.netsuite.com/services/rest/record/v1/account/541/subsidiary'}]}",,,"{'id': 'AVERAGE', 'refName': 'Average'}",,True,"{'id': 'CURRENT', 'refName': 'Current'}",,True,,23117,,"{'links': [{'rel': 'self', 'href': 'https://7399703.suitetalk.api.netsuite.com/services/rest/record/v1/account/348'}], 'id': '348', 'refName': '23110 Loans Payable'}",
"{'links': [{'rel': 'self', 'href': 'https://7399703.suitetalk.api.netsuite.com/services/rest/record/v1/account/542/accountContextSearch'}]}",Loans Payable NPIC,23118,"{'id': 'LongTermLiab', 'refName': 'Long Term Liability'}",False,False,False,542,True,False,False,False,2024-02-15T19:26:00Z,"{'links': [{'rel': 'self', 'href': 'https://7399703.suitetalk.api.netsuite.com/services/rest/record/v1/account/542/localizations'}]}","{'links': [{'rel': 'self', 'href': 'https://7399703.suitetalk.api.netsuite.com/services/rest/record/v1/account/542/subsidiary'}]}",,,"{'id': 'AVERAGE', 'refName': 'Average'}",,True,"{'id': 'CURRENT', 'refName': 'Current'}",,True,,23118,,"{'links': [{'rel': 'self', 'href': 'https://7399703.suitetalk.api.netsuite.com/services/rest/record/v1/account/348'}], 'id': '348', 'refName': '23110 Loans Payable'}",
"{'links': [{'rel': 'self', 'href': 'https://7399703.suitetalk.api.netsuite.com/services/rest/record/v1/account/543/accountContextSearch'}]}",Loans Payable MDTX MRI,23119,"{'id': 'LongTermLiab', 'refName': 'Long Term Liability'}",False,False,False,543,True,False,False,False,2023-04-13T15:50:00Z,"{'links': [{'rel': 'self', 'href': 'https://7399703.suitetalk.api.netsuite.com/services/rest/record/v1/account/543/localizations'}]}","{'links': [{'rel': 'self', 'href': 'https://7399703.suitetalk.api.netsuite.com/services/rest/record/v1/account/543/subsidiary'}]}",,,"{'id': 'AVERAGE', 'refName': 'Average'}",,True,"{'id': 'CURRENT', 'refName': 'Current'}",,True,,23119,,"{'links': [{'rel': 'self', 'href': 'https://7399703.suitetalk.api.netsuite.com/services/rest/record/v1/account/348'}], 'id': '348', 'refName': '23110 Loans Payable'}",
"{'links': [{'rel': 'self', 'href': 'https://7399703.suitetalk.api.netsuite.com/services/rest/record/v1/account/544/accountContextSearch'}]}",Loans Payable NFL,23120,"{'id': 'LongTermLiab', 'refName': 'Long Term Liability'}",False,False,False,544,True,False,False,False,2023-04-13T15:50:00Z,"{'links': [{'rel': 'self', 'href': 'https://7399703.suitetalk.api.netsuite.com/services/rest/record/v1/account/544/localizations'}]}","{'links': [{'rel': 'self', 'href': 'https://7399703.suitetalk.api.netsuite.com/services/rest/record/v1/account/544/subsidiary'}]}",,,"{'id': 'AVERAGE', 'refName': 'Average'}",,True,"{'id': 'CURRENT', 'refName': 'Current'}",,True,,23120,,"{'links': [{'rel': 'self', 'href': 'https://7399703.suitetalk.api.netsuite.com/services/rest/record/v1/account/348'}], 'id': '348', 'refName': '23110 Loans Payable'}",
"{'links': [{'rel': 'self', 'href': 'https://7399703.suitetalk.api.netsuite.com/services/rest/record/v1/account/545/accountContextSearch'}]}",Loans Payable PSO,23121,"{'id': 'LongTermLiab', 'refName': 'Long Term Liability'}",False,False,False,545,True,False,False,False,2023-04-13T15:50:00Z,"{'links': [{'rel': 'self', 'href': 'https://7399703.suitetalk.api.netsuite.com/services/rest/record/v1/account/545/localizations'}]}","{'links': [{'rel': 'self', 'href': 'https://7399703.suitetalk.api.netsuite.com/services/rest/record/v1/account/545/subsidiary'}]}",,,"{'id': 'AVERAGE', 'refName': 'Average'}",,True,"{'id': 'CURRENT', 'refName': 'Current'}",,True,,23121,,"{'links': [{'rel': 'self', 'href': 'https://7399703.suitetalk.api.netsuite.com/services/rest/record/v1/account/348'}], 'id': '348', 'refName': '23110 Loans Payable'}",
"{'links': [{'rel': 'self', 'href': 'https://7399703.suitetalk.api.netsuite.com/services/rest/record/v1/account/546/accountContextSearch'}]}",Loans Payable Reece Spine,23122,"{'id': 'LongTermLiab', 'refName': 'Long Term Liability'}",False,False,False,546,True,False,False,False,2023-04-13T15:50:00Z,"{'links': [{'rel': 'self', 'href': 'https://7399703.suitetalk.api.netsuite.com/services/rest/record/v1/account/546/localizations'}]}","{'links': [{'rel': 'self', 'href': 'https://7399703.suitetalk.api.netsuite.com/services/rest/record/v1/account/546/subsidiary'}]}",,,"{'id': 'AVERAGE', 'refName': 'Average'}",,True,"{'id': 'CURRENT', 'refName': 'Current'}",,True,,23122,,"{'links': [{'rel': 'self', 'href': 'https://7399703.suitetalk.api.netsuite.com/services/rest/record/v1/account/348'}], 'id': '348', 'refName': '23110 Loans Payable'}",
"{'links': [{'rel': 'self', 'href': 'https://7399703.suitetalk.api.netsuite.com/services/rest/record/v1/account/547/accountContextSearch'}]}",Loans Payable RWB I,23123,"{'id': 'LongTermLiab', 'refName': 'Long Term Liability'}",False,False,False,547,True,False,False,False,2023-04-13T15:50:00Z,"{'links': [{'rel': 'self', 'href': 'https://7399703.suitetalk.api.netsuite.com/services/rest/record/v1/account/547/localizations'}]}","{'links': [{'rel': 'self', 'href': 'https://7399703.suitetalk.api.netsuite.com/services/rest/record/v1/account/547/subsidiary'}]}",,,"{'id': 'AVERAGE', 'refName': 'Average'}",,True,"{'id': 'CURRENT', 'refName': 'Current'}",,True,,23123,,"{'links': [{'rel': 'self', 'href': 'https://7399703.suitetalk.api.netsuite.com/services/rest/record/v1/account/348'}], 'id': '348', 'refName': '23110 Loans Payable'}",
"{'links': [{'rel': 'self', 'href': 'https://7399703.suitetalk.api.netsuite.com/services/rest/record/v1/account/548/accountContextSearch'}]}",Loans Payable SOAR,23124,"{'id': 'LongTermLiab', 'refName': 'Long Term Liability'}",False,False,False,548,True,False,False,False,2023-04-13T15:50:00Z,"{'links': [{'rel': 'self', 'href': 'https://7399703.suitetalk.api.netsuite.com/services/rest/record/v1/account/548/localizations'}]}","{'links': [{'rel': 'self', 'href': 'https://7399703.suitetalk.api.netsuite.com/services/rest/record/v1/account/548/subsidiary'}]}",,,"{'id': 'AVERAGE', 'refName': 'Average'}",,True,"{'id': 'CURRENT', 'refName': 'Current'}",,True,,23124,,"{'links': [{'rel': 'self', 'href': 'https://7399703.suitetalk.api.netsuite.com/services/rest/record/v1/account/348'}], 'id': '348', 'refName': '23110 Loans Payable'}",
"{'links': [{'rel': 'self', 'href': 'https://7399703.suitetalk.api.netsuite.com/services/rest/record/v1/account/549/accountContextSearch'}]}",Loans Payable SRM,23125,"{'id': 'LongTermLiab', 'refName': 'Long Term Liability'}",False,False,False,549,True,False,False,False,2023-04-13T15:50:00Z,"{'links': [{'rel': 'self', 'href': 'https://7399703.suitetalk.api.netsuite.com/services/rest/record/v1/account/549/localizations'}]}","{'links': [{'rel': 'self', 'href': 'https://7399703.suitetalk.api.netsuite.com/services/rest/record/v1/account/549/subsidiary'}]}",,,"{'id': 'AVERAGE', 'refName': 'Average'}",,True,"{'id': 'CURRENT', 'refName': 'Current'}",,True,,23125,,"{'links': [{'rel': 'self', 'href': 'https://7399703.suitetalk.api.netsuite.com/services/rest/record/v1/account/348'}], 'id': '348', 'refName': '23110 Loans Payable'}",
"{'links': [{'rel': 'self', 'href': 'https://7399703.suitetalk.api.netsuite.com/services/rest/record/v1/account/550/accountContextSearch'}]}",Loans Payable SVS,23126,"{'id': 'LongTermLiab', 'refName': 'Long Term Liability'}",False,False,False,550,True,False,False,False,2023-04-13T15:51:00Z,"{'links': [{'rel': 'self', 'href': 'https://7399703.suitetalk.api.netsuite.com/services/rest/record/v1/account/550/localizations'}]}","{'links': [{'rel': 'self', 'href': 'https://7399703.suitetalk.api.netsuite.com/services/rest/record/v1/account/550/subsidiary'}]}",,,"{'id': 'AVERAGE', 'refName': 'Average'}",,True,"{'id': 'CURRENT', 'refName': 'Current'}",,True,,23126,,"{'links': [{'rel': 'self', 'href': 'https://7399703.suitetalk.api.netsuite.com/services/rest/record/v1/account/348'}], 'id': '348', 'refName': '23110 Loans Payable'}",
"{'links': [{'rel': 'self', 'href': 'https://7399703.suitetalk.api.netsuite.com/services/rest/record/v1/account/551/accountContextSearch'}]}",Loans Payable TOS,23127,"{'id': 'LongTermLiab', 'refName': 'Long Term Liability'}",False,False,False,551,True,False,False,False,2023-04-13T15:51:00Z,"{'links': [{'rel': 'self', 'href': 'https://7399703.suitetalk.api.netsuite.com/services/rest/record/v1/account/551/localizations'}]}","{'links': [{'rel': 'self', 'href': 'https://7399703.suitetalk.api.netsuite.com/services/rest/record/v1/account/551/subsidiary'}]}",,,"{'id': 'AVERAGE', 'refName': 'Average'}",,True,"{'id': 'CURRENT', 'refName': 'Current'}",,True,,23127,,"{'links': [{'rel': 'self', 'href': 'https://7399703.suitetalk.api.netsuite.com/services/rest/record/v1/account/348'}], 'id': '348', 'refName': '23110 Loans Payable'}",
"{'links': [{'rel': 'self', 'href': 'https://7399703.suitetalk.api.netsuite.com/services/rest/record/v1/account/552/accountContextSearch'}]}",Loans Payable TSSI,23128,"{'id': 'LongTermLiab', 'refName': 'Long Term Liability'}",False,False,False,552,True,False,False,False,2023-04-13T15:51:00Z,"{'links': [{'rel': 'self', 'href': 'https://7399703.suitetalk.api.netsuite.com/services/rest/record/v1/account/552/localizations'}]}","{'links': [{'rel': 'self', 'href': 'https://7399703.suitetalk.api.netsuite.com/services/rest/record/v1/account/552/subsidiary'}]}",,,"{'id': 'AVERAGE', 'refName': 'Average'}",,True,"{'id': 'CURRENT', 'refName': 'Current'}",,True,,23128,,"{'links': [{'rel': 'self', 'href': 'https://7399703.suitetalk.api.netsuite.com/services/rest/record/v1/account/348'}], 'id': '348', 'refName': '23110 Loans Payable'}",
"{'links': [{'rel': 'self', 'href': 'https://7399703.suitetalk.api.netsuite.com/services/rest/record/v1/account/553/accountContextSearch'}]}",Loans Payable TX FMG,23129,"{'id': 'LongTermLiab', 'refName': 'Long Term Liability'}",False,False,False,553,True,False,False,False,2023-04-13T15:52:00Z,"{'links': [{'rel': 'self', 'href': 'https://7399703.suitetalk.api.netsuite.com/services/rest/record/v1/account/553/localizations'}]}","{'links': [{'rel': 'self', 'href': 'https://7399703.suitetalk.api.netsuite.com/services/rest/record/v1/account/553/subsidiary'}]}",,,"{'id': 'AVERAGE', 'refName': 'Average'}",,True,"{'id': 'CURRENT', 'refName': 'Current'}",,True,,23129,,"{'links': [{'rel': 'self', 'href': 'https://7399703.suitetalk.api.netsuite.com/services/rest/record/v1/account/348'}], 'id': '348', 'refName': '23110 Loans Payable'}",
"{'links': [{'rel': 'self', 'href': 'https://7399703.suitetalk.api.netsuite.com/services/rest/record/v1/account/554/accountContextSearch'}]}",Loans Payable UMS,23130,"{'id': 'LongTermLiab', 'refName': 'Long Term Liability'}",False,False,False,554,True,False,False,False,2023-04-13T15:52:00Z,"{'links': [{'rel': 'self', 'href': 'https://7399703.suitetalk.api.netsuite.com/services/rest/record/v1/account/554/localizations'}]}","{'links': [{'rel': 'self', 'href': 'https://7399703.suitetalk.api.netsuite.com/services/rest/record/v1/account/554/subsidiary'}]}",,,"{'id': 'AVERAGE', 'refName': 'Average'}",,True,"{'id': 'CURRENT', 'refName': 'Current'}",,True,,23130,,"{'links': [{'rel': 'self', 'href': 'https://7399703.suitetalk.api.netsuite.com/services/rest/record/v1/account/348'}], 'id': '348', 'refName': '23110 Loans Payable'}",
"{'links': [{'rel': 'self', 'href': 'https://7399703.suitetalk.api.netsuite.com/services/rest/record/v1/account/555/accountContextSearch'}]}",Loans Payable WTX,23131,"{'id': 'LongTermLiab', 'refName': 'Long Term Liability'}",False,False,False,555,True,False,False,False,2023-04-13T15:52:00Z,"{'links': [{'rel': 'self', 'href': 'https://7399703.suitetalk.api.netsuite.com/services/rest/record/v1/account/555/localizations'}]}","{'links': [{'rel': 'self', 'href': 'https://7399703.suitetalk.api.netsuite.com/services/rest/record/v1/account/555/subsidiary'}]}",,,"{'id': 'AVERAGE', 'refName': 'Average'}",,True,"{'id': 'CURRENT', 'refName': 'Current'}",,True,,23131,,"{'links': [{'rel': 'self', 'href': 'https://7399703.suitetalk.api.netsuite.com/services/rest/record/v1/account/348'}], 'id': '348', 'refName': '23110 Loans Payable'}",
"{'links': [{'rel': 'self', 'href': 'https://7399703.suitetalk.api.netsuite.com/services/rest/record/v1/account/1967/accountContextSearch'}]}",Loans Payable RBS,23132,"{'id': 'LongTermLiab', 'refName': 'Long Term Liability'}",False,False,False,1967,True,False,False,False,2024-04-12T19:04:00Z,"{'links': [{'rel': 'self', 'href': 'https://7399703.suitetalk.api.netsuite.com/services/rest/record/v1/account/1967/localizations'}]}","{'links': [{'rel': 'self', 'href': 'https://7399703.suitetalk.api.netsuite.com/services/rest/record/v1/account/1967/subsidiary'}]}",,,"{'id': 'AVERAGE', 'refName': 'Average'}",,True,"{'id': 'CURRENT', 'refName': 'Current'}",,True,,,,"{'links': [{'rel': 'self', 'href': 'https://7399703.suitetalk.api.netsuite.com/services/rest/record/v1/account/348'}], 'id': '348', 'refName': '23110 Loans Payable'}",
"{'links': [{'rel': 'self', 'href': 'https://7399703.suitetalk.api.netsuite.com/services/rest/record/v1/account/1968/accountContextSearch'}]}",Loans Payable Remedy,23133,"{'id': 'LongTermLiab', 'refName': 'Long Term Liability'}",False,False,False,1968,True,False,False,False,2024-02-14T21:04:00Z,"{'links': [{'rel': 'self', 'href': 'https://7399703.suitetalk.api.netsuite.com/services/rest/record/v1/account/1968/localizations'}]}","{'links': [{'rel': 'self', 'href': 'https://7399703.suitetalk.api.netsuite.com/services/rest/record/v1/account/1968/subsidiary'}]}",,,"{'id': 'AVERAGE', 'refName': 'Average'}",,True,"{'id': 'CURRENT', 'refName': 'Current'}",,True,,,,"{'links': [{'rel': 'self', 'href': 'https://7399703.suitetalk.api.netsuite.com/services/rest/record/v1/account/348'}], 'id': '348', 'refName': '23110 Loans Payable'}",
"{'links': [{'rel': 'self', 'href': 'https://7399703.suitetalk.api.netsuite.com/services/rest/record/v1/account/1969/accountContextSearch'}]}",Loans Payable AI,23134,"{'id': 'LongTermLiab', 'refName': 'Long Term Liability'}",False,False,False,1969,True,False,False,False,2023-04-27T13:44:00Z,"{'links': [{'rel': 'self', 'href': 'https://7399703.suitetalk.api.netsuite.com/services/rest/record/v1/account/1969/localizations'}]}","{'links': [{'rel': 'self', 'href': 'https://7399703.suitetalk.api.netsuite.com/services/rest/record/v1/account/1969/subsidiary'}]}",,,"{'id': 'AVERAGE', 'refName': 'Average'}",,True,"{'id': 'CURRENT', 'refName': 'Current'}",,True,,,,"{'links': [{'rel': 'self', 'href': 'https://7399703.suitetalk.api.netsuite.com/services/rest/record/v1/account/348'}], 'id': '348', 'refName': '23110 Loans Payable'}",
"{'links': [{'rel': 'self', 'href': 'https://7399703.suitetalk.api.netsuite.com/services/rest/record/v1/account/1980/accountContextSearch'}]}",Loans Payable UJH,23135,"{'id': 'LongTermLiab', 'refName': 'Long Term Liability'}",False,False,False,1980,True,False,False,False,2023-05-01T17:43:00Z,"{'links': [{'rel': 'self', 'href': 'https://7399703.suitetalk.api.netsuite.com/services/rest/record/v1/account/1980/localizations'}]}","{'links': [{'rel': 'self', 'href': 'https://7399703.suitetalk.api.netsuite.com/services/rest/record/v1/account/1980/subsidiary'}]}",,,"{'id': 'AVERAGE', 'refName': 'Average'}",,True,"{'id': 'CURRENT', 'refName': 'Current'}",,True,,,,"{'links': [{'rel': 'self', 'href': 'https://7399703.suitetalk.api.netsuite.com/services/rest/record/v1/account/348'}], 'id': '348', 'refName': '23110 Loans Payable'}",
"{'links': [{'rel': 'self', 'href': 'https://7399703.suitetalk.api.netsuite.com/services/rest/record/v1/account/2024/accountContextSearch'}]}",Loans Payable SDC,23136,"{'id': 'LongTermLiab', 'refName': 'Long Term Liability'}",False,False,False,2024,True,False,False,False,2023-10-02T17:54:00Z,"{'links': [{'rel': 'self', 'href': 'https://7399703.suitetalk.api.netsuite.com/services/rest/record/v1/account/2024/localizations'}]}","{'links': [{'rel': 'self', 'href': 'https://7399703.suitetalk.api.netsuite.com/services/rest/record/v1/account/2024/subsidiary'}]}",,,"{'id': 'AVERAGE', 'refName': 'Average'}",,True,"{'id': 'CURRENT', 'refName': 'Current'}",,True,,,,"{'links': [{'rel': 'self', 'href': 'https://7399703.suitetalk.api.netsuite.com/services/rest/record/v1/account/348'}], 'id': '348', 'refName': '23110 Loans Payable'}",
"{'links': [{'rel': 'self', 'href': 'https://7399703.suitetalk.api.netsuite.com/services/rest/record/v1/account/2037/accountContextSearch'}]}",Loans Payable Omada,23137,"{'id': 'LongTermLiab', 'refName': 'Long Term Liability'}",False,False,False,2037,True,False,False,False,2023-10-02T20:07:00Z,"{'links': [{'rel': 'self', 'href': 'https://7399703.suitetalk.api.netsuite.com/services/rest/record/v1/account/2037/localizations'}]}","{'links': [{'rel': 'self', 'href': 'https://7399703.suitetalk.api.netsuite.com/services/rest/record/v1/account/2037/subsidiary'}]}",,,"{'id': 'AVERAGE', 'refName': 'Average'}",,True,"{'id': 'CURRENT', 'refName': 'Current'}",,True,,,,"{'links': [{'rel': 'self', 'href': 'https://7399703.suitetalk.api.netsuite.com/services/rest/record/v1/account/348'}], 'id': '348', 'refName': '23110 Loans Payable'}",
"{'links': [{'rel': 'self', 'href': 'https://7399703.suitetalk.api.netsuite.com/services/rest/record/v1/account/2043/accountContextSearch'}]}",Loans Payable LCPA,23138,"{'id': 'LongTermLiab', 'refName': 'Long Term Liability'}",False,False,False,2043,True,False,False,False,2023-08-04T18:06:00Z,"{'links': [{'rel': 'self', 'href': 'https://7399703.suitetalk.api.netsuite.com/services/rest/record/v1/account/2043/localizations'}]}","{'links': [{'rel': 'self', 'href': 'https://7399703.suitetalk.api.netsuite.com/services/rest/record/v1/account/2043/subsidiary'}]}",,,"{'id': 'AVERAGE', 'refName': 'Average'}",,True,"{'id': 'CURRENT', 'refName': 'Current'}",,True,,,,"{'links': [{'rel': 'self', 'href': 'https://7399703.suitetalk.api.netsuite.com/services/rest/record/v1/account/348'}], 'id': '348', 'refName': '23110 Loans Payable'}",
"{'links': [{'rel': 'self', 'href': 'https://7399703.suitetalk.api.netsuite.com/services/rest/record/v1/account/2264/accountContextSearch'}]}",Loans Payable CMG NC,23139,"{'id': 'LongTermLiab', 'refName': 'Long Term Liability'}",False,False,False,2264,True,False,False,False,2023-09-25T17:27:00Z,"{'links': [{'rel': 'self', 'href': 'https://7399703.suitetalk.api.netsuite.com/services/rest/record/v1/account/2264/localizations'}]}","{'links': [{'rel': 'self', 'href': 'https://7399703.suitetalk.api.netsuite.com/services/rest/record/v1/account/2264/subsidiary'}]}",,,"{'id': 'AVERAGE', 'refName': 'Average'}",,True,"{'id': 'CURRENT', 'refName': 'Current'}",,True,,,,"{'links': [{'rel': 'self', 'href': 'https://7399703.suitetalk.api.netsuite.com/services/rest/record/v1/account/348'}], 'id': '348', 'refName': '23110 Loans Payable'}",
"{'links': [{'rel': 'self', 'href': 'https://7399703.suitetalk.api.netsuite.com/services/rest/record/v1/account/2492/accountContextSearch'}]}",Loans Payable Med Source,23140,"{'id': 'LongTermLiab', 'refName': 'Long Term Liability'}",False,False,False,2492,True,False,False,False,2023-11-28T16:52:00Z,"{'links': [{'rel': 'self', 'href': 'https://7399703.suitetalk.api.netsuite.com/services/rest/record/v1/account/2492/localizations'}]}","{'links': [{'rel': 'self', 'href': 'https://7399703.suitetalk.api.netsuite.com/services/rest/record/v1/account/2492/subsidiary'}]}",,,"{'id': 'AVERAGE', 'refName': 'Average'}",,True,"{'id': 'CURRENT', 'refName': 'Current'}",,True,,,,"{'links': [{'rel': 'self', 'href': 'https://7399703.suitetalk.api.netsuite.com/services/rest/record/v1/account/348'}], 'id': '348', 'refName': '23110 Loans Payable'}",
"{'links': [{'rel': 'self', 'href': 'https://7399703.suitetalk.api.netsuite.com/services/rest/record/v1/account/2468/accountContextSearch'}]}",Loans Payable WRARG,23141,"{'id': 'LongTermLiab', 'refName': 'Long Term Liability'}",False,False,False,2468,True,False,False,False,2023-10-20T15:20:00Z,"{'links': [{'rel': 'self', 'href': 'https://7399703.suitetalk.api.netsuite.com/services/rest/record/v1/account/2468/localizations'}]}","{'links': [{'rel': 'self', 'href': 'https://7399703.suitetalk.api.netsuite.com/services/rest/record/v1/account/2468/subsidiary'}]}",,,"{'id': 'AVERAGE', 'refName': 'Average'}","{'links': [{'rel': 'self', 'href': 'https://7399703.suitetalk.api.netsuite.com/services/rest/record/v1/currency/1'}], 'id': '1', 'refName': 'USD'}",True,"{'id': 'CURRENT', 'refName': 'Current'}",,False,,,,"{'links': [{'rel': 'self', 'href': 'https://7399703.suitetalk.api.netsuite.com/services/rest/record/v1/account/348'}], 'id': '348', 'refName': '23110 Loans Payable'}",
"{'links': [{'rel': 'self', 'href': 'https://7399703.suitetalk.api.netsuite.com/services/rest/record/v1/account/2493/accountContextSearch'}]}",Loans Payable ARG II,23142,"{'id': 'LongTermLiab', 'refName': 'Long Term Liability'}",False,False,False,2493,True,False,False,False,2023-11-28T16:52:00Z,"{'links': [{'rel': 'self', 'href': 'https://7399703.suitetalk.api.netsuite.com/services/rest/record/v1/account/2493/localizations'}]}","{'links': [{'rel': 'self', 'href': 'https://7399703.suitetalk.api.netsuite.com/services/rest/record/v1/account/2493/subsidiary'}]}",,,"{'id': 'AVERAGE', 'refName': 'Average'}",,True,"{'id': 'CURRENT', 'refName': 'Current'}",,True,,,,"{'links': [{'rel': 'self', 'href': 'https://7399703.suitetalk.api.netsuite.com/services/rest/record/v1/account/348'}], 'id': '348', 'refName': '23110 Loans Payable'}",
"{'links': [{'rel': 'self', 'href': 'https://7399703.suitetalk.api.netsuite.com/services/rest/record/v1/account/2494/accountContextSearch'}]}",Loans Payable AI DFW,23143,"{'id': 'LongTermLiab', 'refName': 'Long Term Liability'}",False,False,False,2494,True,False,False,False,2023-11-28T16:53:00Z,"{'links': [{'rel': 'self', 'href': 'https://7399703.suitetalk.api.netsuite.com/services/rest/record/v1/account/2494/localizations'}]}","{'links': [{'rel': 'self', 'href': 'https://7399703.suitetalk.api.netsuite.com/services/rest/record/v1/account/2494/subsidiary'}]}",,,"{'id': 'AVERAGE', 'refName': 'Average'}",,True,"{'id': 'CURRENT', 'refName': 'Current'}",,True,,,,"{'links': [{'rel': 'self', 'href': 'https://7399703.suitetalk.api.netsuite.com/services/rest/record/v1/account/348'}], 'id': '348', 'refName': '23110 Loans Payable'}",
"{'links': [{'rel': 'self', 'href': 'https://7399703.suitetalk.api.netsuite.com/services/rest/record/v1/account/2495/accountContextSearch'}]}",Loans Payable INSP,23144,"{'id': 'LongTermLiab', 'refName': 'Long Term Liability'}",False,False,False,2495,True,False,False,False,2023-11-28T16:53:00Z,"{'links': [{'rel': 'self', 'href': 'https://7399703.suitetalk.api.netsuite.com/services/rest/record/v1/account/2495/localizations'}]}","{'links': [{'rel': 'self', 'href': 'https://7399703.suitetalk.api.netsuite.com/services/rest/record/v1/account/2495/subsidiary'}]}",,,"{'id': 'AVERAGE', 'refName': 'Average'}",,True,"{'id': 'CURRENT', 'refName': 'Current'}",,True,,,,"{'links': [{'rel': 'self', 'href': 'https://7399703.suitetalk.api.netsuite.com/services/rest/record/v1/account/348'}], 'id': '348', 'refName': '23110 Loans Payable'}",
"{'links': [{'rel': 'self', 'href': 'https://7399703.suitetalk.api.netsuite.com/services/rest/record/v1/account/2500/accountContextSearch'}]}",Loans Payable RCH,23145,"{'id': 'LongTermLiab', 'refName': 'Long Term Liability'}",False,False,False,2500,True,False,False,False,2024-01-02T14:33:00Z,"{'links': [{'rel': 'self', 'href': 'https://7399703.suitetalk.api.netsuite.com/services/rest/record/v1/account/2500/localizations'}]}","{'links': [{'rel': 'self', 'href': 'https://7399703.suitetalk.api.netsuite.com/services/rest/record/v1/account/2500/subsidiary'}]}",,,"{'id': 'AVERAGE', 'refName': 'Average'}",,True,"{'id': 'CURRENT', 'refName': 'Current'}",,True,,,,"{'links': [{'rel': 'self', 'href': 'https://7399703.suitetalk.api.netsuite.com/services/rest/record/v1/account/348'}], 'id': '348', 'refName': '23110 Loans Payable'}",
"{'links': [{'rel': 'self', 'href': 'https://7399703.suitetalk.api.netsuite.com/services/rest/record/v1/account/2507/accountContextSearch'}]}",Loans Payable Omada RV,23146,"{'id': 'LongTermLiab', 'refName': 'Long Term Liability'}",False,False,False,2507,True,False,False,False,2024-03-13T17:10:00Z,"{'links': [{'rel': 'self', 'href': 'https://7399703.suitetalk.api.netsuite.com/services/rest/record/v1/account/2507/localizations'}]}","{'links': [{'rel': 'self', 'href': 'https://7399703.suitetalk.api.netsuite.com/services/rest/record/v1/account/2507/subsidiary'}]}",,,"{'id': 'AVERAGE', 'refName': 'Average'}",,True,"{'id': 'CURRENT', 'refName': 'Current'}",,True,,,,"{'links': [{'rel': 'self', 'href': 'https://7399703.suitetalk.api.netsuite.com/services/rest/record/v1/account/348'}], 'id': '348', 'refName': '23110 Loans Payable'}",
"{'links': [{'rel': 'self', 'href': 'https://7399703.suitetalk.api.netsuite.com/services/rest/record/v1/account/2732/accountContextSearch'}]}",Loan from RTR Captive,23147,"{'id': 'LongTermLiab', 'refName': 'Long Term Liability'}",False,False,False,2732,True,False,False,False,2024-07-24T21:06:00Z,"{'links': [{'rel': 'self', 'href': 'https://7399703.suitetalk.api.netsuite.com/services/rest/record/v1/account/2732/localizations'}]}","{'links': [{'rel': 'self', 'href': 'https://7399703.suitetalk.api.netsuite.com/services/rest/record/v1/account/2732/subsidiary'}]}",,,"{'id': 'AVERAGE', 'refName': 'Average'}",,False,"{'id': 'CURRENT', 'refName': 'Current'}",,True,,,,,
"{'links': [{'rel': 'self', 'href': 'https://7399703.suitetalk.api.netsuite.com/services/rest/record/v1/account/2767/accountContextSearch'}]}",Loans Payable Flying Owl,23148,"{'id': 'LongTermLiab', 'refName': 'Long Term Liability'}",False,False,False,2767,True,False,False,False,2024-12-17T15:45:00Z,"{'links': [{'rel': 'self', 'href': 'https://7399703.suitetalk.api.netsuite.com/services/rest/record/v1/account/2767/localizations'}]}","{'links': [{'rel': 'self', 'href': 'https://7399703.suitetalk.api.netsuite.com/services/rest/record/v1/account/2767/subsidiary'}]}",,,"{'id': 'AVERAGE', 'refName': 'Average'}",,False,"{'id': 'CURRENT', 'refName': 'Current'}",,True,,,,"{'links': [{'rel': 'self', 'href': 'https://7399703.suitetalk.api.netsuite.com/services/rest/record/v1/account/348'}], 'id': '348', 'refName': '23110 Loans Payable'}",
"{'links': [{'rel': 'self', 'href': 'https://7399703.suitetalk.api.netsuite.com/services/rest/record/v1/account/1036/accountContextSearch'}]}",Loans to Owner,23160,"{'id': 'LongTermLiab', 'refName': 'Long Term Liability'}",False,False,False,1036,True,False,False,False,2022-05-06T15:14:00Z,"{'links': [{'rel': 'self', 'href': 'https://7399703.suitetalk.api.netsuite.com/services/rest/record/v1/account/1036/localizations'}]}","{'links': [{'rel': 'self', 'href': 'https://7399703.suitetalk.api.netsuite.com/services/rest/record/v1/account/1036/subsidiary'}]}",,,"{'id': 'AVERAGE', 'refName': 'Average'}",,False,"{'id': 'CURRENT', 'refName': 'Current'}",,True,,,,"{'links': [{'rel': 'self', 'href': 'https://7399703.suitetalk.api.netsuite.com/services/rest/record/v1/account/348'}], 'id': '348', 'refName': '23110 Loans Payable'}",
"{'links': [{'rel': 'self', 'href': 'https://7399703.suitetalk.api.netsuite.com/services/rest/record/v1/account/349/accountContextSearch'}]}",Bank Debt,23200,"{'id': 'LongTermLiab', 'refName': 'Long Term Liability'}",False,False,False,349,True,False,False,False,2022-04-25T19:51:00Z,"{'links': [{'rel': 'self', 'href': 'https://7399703.suitetalk.api.netsuite.com/services/rest/record/v1/account/349/localizations'}]}","{'links': [{'rel': 'self', 'href': 'https://7399703.suitetalk.api.netsuite.com/services/rest/record/v1/account/349/subsidiary'}]}",,,"{'id': 'AVERAGE', 'refName': 'Average'}",,False,"{'id': 'CURRENT', 'refName': 'Current'}",,True,,23200,,,
"{'links': [{'rel': 'self', 'href': 'https://7399703.suitetalk.api.netsuite.com/services/rest/record/v1/account/2047/accountContextSearch'}]}",Bank Debt - FMB LOC,23201,"{'id': 'LongTermLiab', 'refName': 'Long Term Liability'}",False,False,False,2047,True,False,False,False,2023-08-30T19:36:00Z,"{'links': [{'rel': 'self', 'href': 'https://7399703.suitetalk.api.netsuite.com/services/rest/record/v1/account/2047/localizations'}]}","{'links': [{'rel': 'self', 'href': 'https://7399703.suitetalk.api.netsuite.com/services/rest/record/v1/account/2047/subsidiary'}]}",,,"{'id': 'AVERAGE', 'refName': 'Average'}",,False,"{'id': 'CURRENT', 'refName': 'Current'}",,True,,,,,
"{'links': [{'rel': 'self', 'href': 'https://7399703.suitetalk.api.netsuite.com/services/rest/record/v1/account/350/accountContextSearch'}]}",Lease Obligations,23205,"{'id': 'LongTermLiab', 'refName': 'Long Term Liability'}",False,False,False,350,True,False,False,False,2022-04-25T19:52:00Z,"{'links': [{'rel': 'self', 'href': 'https://7399703.suitetalk.api.netsuite.com/services/rest/record/v1/account/350/localizations'}]}","{'links': [{'rel': 'self', 'href': 'https://7399703.suitetalk.api.netsuite.com/services/rest/record/v1/account/350/subsidiary'}]}",,,"{'id': 'AVERAGE', 'refName': 'Average'}",,False,"{'id': 'CURRENT', 'refName': 'Current'}",,True,,23205,,,
"{'links': [{'rel': 'self', 'href': 'https://7399703.suitetalk.api.netsuite.com/services/rest/record/v1/account/351/accountContextSearch'}]}",Unrealized Revenue - Medical Receivables,23300,"{'id': 'LongTermLiab', 'refName': 'Long Term Liability'}",False,False,False,351,True,False,False,False,2022-04-25T19:53:00Z,"{'links': [{'rel': 'self', 'href': 'https://7399703.suitetalk.api.netsuite.com/services/rest/record/v1/account/351/localizations'}]}","{'links': [{'rel': 'self', 'href': 'https://7399703.suitetalk.api.netsuite.com/services/rest/record/v1/account/351/subsidiary'}]}",,,"{'id': 'AVERAGE', 'refName': 'Average'}",,False,"{'id': 'CURRENT', 'refName': 'Current'}",,True,,23300,,,
"{'links': [{'rel': 'self', 'href': 'https://7399703.suitetalk.api.netsuite.com/services/rest/record/v1/account/352/accountContextSearch'}]}",Unrealized Net Revenue - Surgery Center,23301,"{'id': 'LongTermLiab', 'refName': 'Long Term Liability'}",False,False,False,352,True,False,False,False,2022-04-25T19:53:00Z,"{'links': [{'rel': 'self', 'href': 'https://7399703.suitetalk.api.netsuite.com/services/rest/record/v1/account/352/localizations'}]}","{'links': [{'rel': 'self', 'href': 'https://7399703.suitetalk.api.netsuite.com/services/rest/record/v1/account/352/subsidiary'}]}",,,"{'id': 'AVERAGE', 'refName': 'Average'}",,False,"{'id': 'CURRENT', 'refName': 'Current'}",,True,,23301,,,
"{'links': [{'rel': 'self', 'href': 'https://7399703.suitetalk.api.netsuite.com/services/rest/record/v1/account/930/accountContextSearch'}]}",Unrealized Net Revenue - Reece Companies,23302,"{'id': 'LongTermLiab', 'refName': 'Long Term Liability'}",False,False,False,930,True,False,False,False,2022-04-25T19:53:00Z,"{'links': [{'rel': 'self', 'href': 'https://7399703.suitetalk.api.netsuite.com/services/rest/record/v1/account/930/localizations'}]}","{'links': [{'rel': 'self', 'href': 'https://7399703.suitetalk.api.netsuite.com/services/rest/record/v1/account/930/subsidiary'}]}",,,"{'id': 'AVERAGE', 'refName': 'Average'}",,False,"{'id': 'CURRENT', 'refName': 'Current'}",,True,,23302,,,
"{'links': [{'rel': 'self', 'href': 'https://7399703.suitetalk.api.netsuite.com/services/rest/record/v1/account/2717/accountContextSearch'}]}",Deferred Revenue,23303,"{'id': 'OthCurrLiab', 'refName': 'Other Current Liability'}",False,False,False,2717,True,False,False,False,2024-05-09T22:30:00Z,"{'links': [{'rel': 'self', 'href': 'https://7399703.suitetalk.api.netsuite.com/services/rest/record/v1/account/2717/localizations'}]}","{'links': [{'rel': 'self', 'href': 'https://7399703.suitetalk.api.netsuite.com/services/rest/record/v1/account/2717/subsidiary'}]}",,,"{'id': 'AVERAGE', 'refName': 'Average'}",,False,"{'id': 'CURRENT', 'refName': 'Current'}",,True,,,,,
"{'links': [{'rel': 'self', 'href': 'https://7399703.suitetalk.api.netsuite.com/services/rest/record/v1/account/224/accountContextSearch'}]}",Test Intercompany Payables,2900,"{'id': 'AcctPay', 'refName': 'Accounts Payable'}",False,False,False,224,True,False,False,False,2022-04-25T19:53:00Z,"{'links': [{'rel': 'self', 'href': 'https://7399703.suitetalk.api.netsuite.com/services/rest/record/v1/account/224/localizations'}]}","{'links': [{'rel': 'self', 'href': 'https://7399703.suitetalk.api.netsuite.com/services/rest/record/v1/account/224/subsidiary'}]}",,,"{'id': 'AVERAGE', 'refName': 'Average'}",,True,"{'id': 'CURRENT', 'refName': 'Current'}",,True,test account,2900,,,
"{'links': [{'rel': 'self', 'href': 'https://7399703.suitetalk.api.netsuite.com/services/rest/record/v1/account/53/accountContextSearch'}]}",Opening Balance,30000,"{'id': 'Equity', 'refName': 'Equity'}",False,False,False,53,True,False,False,False,2022-04-25T19:52:00Z,"{'links': [{'rel': 'self', 'href': 'https://7399703.suitetalk.api.netsuite.com/services/rest/record/v1/account/53/localizations'}]}","{'links': [{'rel': 'self', 'href': 'https://7399703.suitetalk.api.netsuite.com/services/rest/record/v1/account/53/subsidiary'}]}",,,"{'id': 'HISTORICAL', 'refName': 'Historical'}",,False,"{'id': 'HISTORICAL', 'refName': 'Historical'}",,False,,30000,,,"{'id': 'OpeningBalEquity', 'refName': 'OpeningBalEquity'}"
"{'links': [{'rel': 'self', 'href': 'https://7399703.suitetalk.api.netsuite.com/services/rest/record/v1/account/2012/accountContextSearch'}]}",Partner Capit - Hurst SDC Inc,30001,"{'id': 'Equity', 'refName': 'Equity'}",False,False,False,2012,False,False,False,False,2023-05-03T20:52:00Z,"{'links': [{'rel': 'self', 'href': 'https://7399703.suitetalk.api.netsuite.com/services/rest/record/v1/account/2012/localizations'}]}","{'links': [{'rel': 'self', 'href': 'https://7399703.suitetalk.api.netsuite.com/services/rest/record/v1/account/2012/subsidiary'}]}",,,"{'id': 'HISTORICAL', 'refName': 'Historical'}",,False,"{'id': 'HISTORICAL', 'refName': 'Historical'}",,False,,,,,
"{'links': [{'rel': 'self', 'href': 'https://7399703.suitetalk.api.netsuite.com/services/rest/record/v1/account/2013/accountContextSearch'}]}",Partner Capit - G Farhat,30002,"{'id': 'Equity', 'refName': 'Equity'}",False,False,False,2013,False,False,False,False,2023-05-03T20:54:00Z,"{'links': [{'rel': 'self', 'href': 'https://7399703.suitetalk.api.netsuite.com/services/rest/record/v1/account/2013/localizations'}]}","{'links': [{'rel': 'self', 'href': 'https://7399703.suitetalk.api.netsuite.com/services/rest/record/v1/account/2013/subsidiary'}]}",,,"{'id': 'HISTORICAL', 'refName': 'Historical'}",,False,"{'id': 'HISTORICAL', 'refName': 'Historical'}",,False,,,,,
"{'links': [{'rel': 'self', 'href': 'https://7399703.suitetalk.api.netsuite.com/services/rest/record/v1/account/2014/accountContextSearch'}]}",Partner Capit - SDC Texas Ent,30004,"{'id': 'Equity', 'refName': 'Equity'}",False,False,False,2014,False,False,False,False,2023-05-03T20:55:00Z,"{'links': [{'rel': 'self', 'href': 'https://7399703.suitetalk.api.netsuite.com/services/rest/record/v1/account/2014/localizations'}]}","{'links': [{'rel': 'self', 'href': 'https://7399703.suitetalk.api.netsuite.com/services/rest/record/v1/account/2014/subsidiary'}]}",,,"{'id': 'HISTORICAL', 'refName': 'Historical'}",,False,"{'id': 'HISTORICAL', 'refName': 'Historical'}",,False,,,,,
"{'links': [{'rel': 'self', 'href': 'https://7399703.suitetalk.api.netsuite.com/services/rest/record/v1/account/2015/accountContextSearch'}]}","Partner Capit - Teki, PA",30005,"{'id': 'Equity', 'refName': 'Equity'}",False,False,False,2015,False,False,False,False,2023-05-03T20:56:00Z,"{'links': [{'rel': 'self', 'href': 'https://7399703.suitetalk.api.netsuite.com/services/rest/record/v1/account/2015/localizations'}]}","{'links': [{'rel': 'self', 'href': 'https://7399703.suitetalk.api.netsuite.com/services/rest/record/v1/account/2015/subsidiary'}]}",,,"{'id': 'HISTORICAL', 'refName': 'Historical'}",,False,"{'id': 'HISTORICAL', 'refName': 'Historical'}",,False,,,,,
"{'links': [{'rel': 'self', 'href': 'https://7399703.suitetalk.api.netsuite.com/services/rest/record/v1/account/2016/accountContextSearch'}]}",Partner Capit - T Stepteau,30006,"{'id': 'Equity', 'refName': 'Equity'}",False,False,False,2016,False,False,False,False,2023-05-03T20:59:00Z,"{'links': [{'rel': 'self', 'href': 'https://7399703.suitetalk.api.netsuite.com/services/rest/record/v1/account/2016/localizations'}]}","{'links': [{'rel': 'self', 'href': 'https://7399703.suitetalk.api.netsuite.com/services/rest/record/v1/account/2016/subsidiary'}]}",,,"{'id': 'HISTORICAL', 'refName': 'Historical'}",,False,"{'id': 'HISTORICAL', 'refName': 'Historical'}",,False,,,,,
"{'links': [{'rel': 'self', 'href': 'https://7399703.suitetalk.api.netsuite.com/services/rest/record/v1/account/2496/accountContextSearch'}]}",Partner Capit - Dr. Batra,30007,"{'id': 'Equity', 'refName': 'Equity'}",False,False,False,2496,True,False,False,False,2023-12-19T21:49:00Z,"{'links': [{'rel': 'self', 'href': 'https://7399703.suitetalk.api.netsuite.com/services/rest/record/v1/account/2496/localizations'}]}","{'links': [{'rel': 'self', 'href': 'https://7399703.suitetalk.api.netsuite.com/services/rest/record/v1/account/2496/subsidiary'}]}",,,"{'id': 'HISTORICAL', 'refName': 'Historical'}",,False,"{'id': 'HISTORICAL', 'refName': 'Historical'}",,False,,,,"{'links': [{'rel': 'self', 'href': 'https://7399703.suitetalk.api.netsuite.com/services/rest/record/v1/account/353'}], 'id': '353', 'refName': '31100 Contributions'}",
"{'links': [{'rel': 'self', 'href': 'https://7399703.suitetalk.api.netsuite.com/services/rest/record/v1/account/2504/accountContextSearch'}]}",Partner Capit - Weston Reid,30008,"{'id': 'Equity', 'refName': 'Equity'}",False,False,False,2504,True,False,False,False,2024-03-04T18:33:00Z,"{'links': [{'rel': 'self', 'href': 'https://7399703.suitetalk.api.netsuite.com/services/rest/record/v1/account/2504/localizations'}]}","{'links': [{'rel': 'self', 'href': 'https://7399703.suitetalk.api.netsuite.com/services/rest/record/v1/account/2504/subsidiary'}]}",,,"{'id': 'HISTORICAL', 'refName': 'Historical'}",,False,"{'id': 'HISTORICAL', 'refName': 'Historical'}",,False,,,,"{'links': [{'rel': 'self', 'href': 'https://7399703.suitetalk.api.netsuite.com/services/rest/record/v1/account/353'}], 'id': '353', 'refName': '31100 Contributions'}",
"{'links': [{'rel': 'self', 'href': 'https://7399703.suitetalk.api.netsuite.com/services/rest/record/v1/account/2505/accountContextSearch'}]}",Partner Capit - Dr. Reece,30009,"{'id': 'Equity', 'refName': 'Equity'}",False,False,False,2505,True,False,False,False,2024-03-07T19:23:00Z,"{'links': [{'rel': 'self', 'href': 'https://7399703.suitetalk.api.netsuite.com/services/rest/record/v1/account/2505/localizations'}]}","{'links': [{'rel': 'self', 'href': 'https://7399703.suitetalk.api.netsuite.com/services/rest/record/v1/account/2505/subsidiary'}]}",,,"{'id': 'HISTORICAL', 'refName': 'Historical'}",,False,"{'id': 'HISTORICAL', 'refName': 'Historical'}",,False,,,,"{'links': [{'rel': 'self', 'href': 'https://7399703.suitetalk.api.netsuite.com/services/rest/record/v1/account/353'}], 'id': '353', 'refName': '31100 Contributions'}",
"{'links': [{'rel': 'self', 'href': 'https://7399703.suitetalk.api.netsuite.com/services/rest/record/v1/account/2017/accountContextSearch'}]}",Partner Capit - Nicholas Lagulli,30010,"{'id': 'Equity', 'refName': 'Equity'}",False,False,False,2017,False,False,False,False,2023-05-03T21:01:00Z,"{'links': [{'rel': 'self', 'href': 'https://7399703.suitetalk.api.netsuite.com/services/rest/record/v1/account/2017/localizations'}]}","{'links': [{'rel': 'self', 'href': 'https://7399703.suitetalk.api.netsuite.com/services/rest/record/v1/account/2017/subsidiary'}]}",,,"{'id': 'HISTORICAL', 'refName': 'Historical'}",,False,"{'id': 'HISTORICAL', 'refName': 'Historical'}",,False,,,,,
"{'links': [{'rel': 'self', 'href': 'https://7399703.suitetalk.api.netsuite.com/services/rest/record/v1/account/2018/accountContextSearch'}]}",Partner Capit - A Smith,30011,"{'id': 'Equity', 'refName': 'Equity'}",False,False,False,2018,False,False,False,False,2023-05-03T21:02:00Z,"{'links': [{'rel': 'self', 'href': 'https://7399703.suitetalk.api.netsuite.com/services/rest/record/v1/account/2018/localizations'}]}","{'links': [{'rel': 'self', 'href': 'https://7399703.suitetalk.api.netsuite.com/services/rest/record/v1/account/2018/subsidiary'}]}",,,"{'id': 'HISTORICAL', 'refName': 'Historical'}",,False,"{'id': 'HISTORICAL', 'refName': 'Historical'}",,False,,,,,
"{'links': [{'rel': 'self', 'href': 'https://7399703.suitetalk.api.netsuite.com/services/rest/record/v1/account/2019/accountContextSearch'}]}",RPN Associates,30012,"{'id': 'Equity', 'refName': 'Equity'}",False,False,False,2019,False,False,False,False,2023-05-03T21:04:00Z,"{'links': [{'rel': 'self', 'href': 'https://7399703.suitetalk.api.netsuite.com/services/rest/record/v1/account/2019/localizations'}]}","{'links': [{'rel': 'self', 'href': 'https://7399703.suitetalk.api.netsuite.com/services/rest/record/v1/account/2019/subsidiary'}]}",,,"{'id': 'HISTORICAL', 'refName': 'Historical'}",,False,"{'id': 'HISTORICAL', 'refName': 'Historical'}",,False,,,,,
"{'links': [{'rel': 'self', 'href': 'https://7399703.suitetalk.api.netsuite.com/services/rest/record/v1/account/2613/accountContextSearch'}]}",Partner Capit - Trevor (Owl Creek),30013,"{'id': 'Equity', 'refName': 'Equity'}",False,False,False,2613,True,False,False,False,2024-04-09T21:26:00Z,"{'links': [{'rel': 'self', 'href': 'https://7399703.suitetalk.api.netsuite.com/services/rest/record/v1/account/2613/localizations'}]}","{'links': [{'rel': 'self', 'href': 'https://7399703.suitetalk.api.netsuite.com/services/rest/record/v1/account/2613/subsidiary'}]}",,,"{'id': 'HISTORICAL', 'refName': 'Historical'}",,False,"{'id': 'HISTORICAL', 'refName': 'Historical'}",,False,,,,"{'links': [{'rel': 'self', 'href': 'https://7399703.suitetalk.api.netsuite.com/services/rest/record/v1/account/353'}], 'id': '353', 'refName': '31100 Contributions'}",
"{'links': [{'rel': 'self', 'href': 'https://7399703.suitetalk.api.netsuite.com/services/rest/record/v1/account/2730/accountContextSearch'}]}","Partner Capital -RWB I, LLC",30014,"{'id': 'Equity', 'refName': 'Equity'}",False,False,False,2730,True,False,False,False,2024-07-24T20:19:00Z,"{'links': [{'rel': 'self', 'href': 'https://7399703.suitetalk.api.netsuite.com/services/rest/record/v1/account/2730/localizations'}]}","{'links': [{'rel': 'self', 'href': 'https://7399703.suitetalk.api.netsuite.com/services/rest/record/v1/account/2730/subsidiary'}]}",,,"{'id': 'HISTORICAL', 'refName': 'Historical'}",,False,"{'id': 'HISTORICAL', 'refName': 'Historical'}",,False,,,,,
"{'links': [{'rel': 'self', 'href': 'https://7399703.suitetalk.api.netsuite.com/services/rest/record/v1/account/2729/accountContextSearch'}]}","Partner Capital-Village North Holdings, LLC",30015,"{'id': 'Equity', 'refName': 'Equity'}",False,False,False,2729,True,False,False,False,2024-07-24T20:20:00Z,"{'links': [{'rel': 'self', 'href': 'https://7399703.suitetalk.api.netsuite.com/services/rest/record/v1/account/2729/localizations'}]}","{'links': [{'rel': 'self', 'href': 'https://7399703.suitetalk.api.netsuite.com/services/rest/record/v1/account/2729/subsidiary'}]}",,,"{'id': 'HISTORICAL', 'refName': 'Historical'}",,False,"{'id': 'HISTORICAL', 'refName': 'Historical'}",,False,,,,,
"{'links': [{'rel': 'self', 'href': 'https://7399703.suitetalk.api.netsuite.com/services/rest/record/v1/account/2728/accountContextSearch'}]}",Partner Capital - Seth Jacknowitz,30016,"{'id': 'Equity', 'refName': 'Equity'}",False,False,False,2728,True,False,False,False,2024-07-24T20:20:00Z,"{'links': [{'rel': 'self', 'href': 'https://7399703.suitetalk.api.netsuite.com/services/rest/record/v1/account/2728/localizations'}]}","{'links': [{'rel': 'self', 'href': 'https://7399703.suitetalk.api.netsuite.com/services/rest/record/v1/account/2728/subsidiary'}]}",,,"{'id': 'HISTORICAL', 'refName': 'Historical'}",,False,"{'id': 'HISTORICAL', 'refName': 'Historical'}",,False,,,,,
"{'links': [{'rel': 'self', 'href': 'https://7399703.suitetalk.api.netsuite.com/services/rest/record/v1/account/2727/accountContextSearch'}]}","Partner Capital-Coosa Commercial Holdings, LLC",30017,"{'id': 'Equity', 'refName': 'Equity'}",False,False,False,2727,True,False,False,False,2024-07-24T20:21:00Z,"{'links': [{'rel': 'self', 'href': 'https://7399703.suitetalk.api.netsuite.com/services/rest/record/v1/account/2727/localizations'}]}","{'links': [{'rel': 'self', 'href': 'https://7399703.suitetalk.api.netsuite.com/services/rest/record/v1/account/2727/subsidiary'}]}",,,"{'id': 'HISTORICAL', 'refName': 'Historical'}",,False,"{'id': 'HISTORICAL', 'refName': 'Historical'}",,False,,,,,
"{'links': [{'rel': 'self', 'href': 'https://7399703.suitetalk.api.netsuite.com/services/rest/record/v1/account/2726/accountContextSearch'}]}",Partner capital-Kyle Barton Duffy,30018,"{'id': 'Equity', 'refName': 'Equity'}",False,False,False,2726,True,False,False,False,2024-07-24T20:21:00Z,"{'links': [{'rel': 'self', 'href': 'https://7399703.suitetalk.api.netsuite.com/services/rest/record/v1/account/2726/localizations'}]}","{'links': [{'rel': 'self', 'href': 'https://7399703.suitetalk.api.netsuite.com/services/rest/record/v1/account/2726/subsidiary'}]}",,,"{'id': 'HISTORICAL', 'refName': 'Historical'}",,False,"{'id': 'HISTORICAL', 'refName': 'Historical'}",,False,,,,,
"{'links': [{'rel': 'self', 'href': 'https://7399703.suitetalk.api.netsuite.com/services/rest/record/v1/account/2736/accountContextSearch'}]}",Partner Capit- Dr. Jaeggli's,30019,"{'id': 'Equity', 'refName': 'Equity'}",False,False,False,2736,True,False,False,False,2024-08-05T14:10:00Z,"{'links': [{'rel': 'self', 'href': 'https://7399703.suitetalk.api.netsuite.com/services/rest/record/v1/account/2736/localizations'}]}","{'links': [{'rel': 'self', 'href': 'https://7399703.suitetalk.api.netsuite.com/services/rest/record/v1/account/2736/subsidiary'}]}",,,"{'id': 'HISTORICAL', 'refName': 'Historical'}",,False,"{'id': 'HISTORICAL', 'refName': 'Historical'}",,False,,,,"{'links': [{'rel': 'self', 'href': 'https://7399703.suitetalk.api.netsuite.com/services/rest/record/v1/account/353'}], 'id': '353', 'refName': '31100 Contributions'}",
"{'links': [{'rel': 'self', 'href': 'https://7399703.suitetalk.api.netsuite.com/services/rest/record/v1/account/2741/accountContextSearch'}]}",Partner Capital Dr Hothem,30020,"{'id': 'Equity', 'refName': 'Equity'}",False,False,False,2741,True,False,False,False,2024-08-22T19:43:00Z,"{'links': [{'rel': 'self', 'href': 'https://7399703.suitetalk.api.netsuite.com/services/rest/record/v1/account/2741/localizations'}]}","{'links': [{'rel': 'self', 'href': 'https://7399703.suitetalk.api.netsuite.com/services/rest/record/v1/account/2741/subsidiary'}]}",,,"{'id': 'HISTORICAL', 'refName': 'Historical'}",,False,"{'id': 'HISTORICAL', 'refName': 'Historical'}",,False,,,,,
"{'links': [{'rel': 'self', 'href': 'https://7399703.suitetalk.api.netsuite.com/services/rest/record/v1/account/2742/accountContextSearch'}]}",Partner Capital - Frank,30021,"{'id': 'Equity', 'refName': 'Equity'}",False,False,False,2742,True,False,False,False,2024-08-22T19:53:00Z,"{'links': [{'rel': 'self', 'href': 'https://7399703.suitetalk.api.netsuite.com/services/rest/record/v1/account/2742/localizations'}]}","{'links': [{'rel': 'self', 'href': 'https://7399703.suitetalk.api.netsuite.com/services/rest/record/v1/account/2742/subsidiary'}]}",,,"{'id': 'HISTORICAL', 'refName': 'Historical'}",,False,"{'id': 'HISTORICAL', 'refName': 'Historical'}",,False,,,,,
"{'links': [{'rel': 'self', 'href': 'https://7399703.suitetalk.api.netsuite.com/services/rest/record/v1/account/2743/accountContextSearch'}]}",Partner Capital Taylor Green,30022,"{'id': 'Equity', 'refName': 'Equity'}",False,False,False,2743,True,False,False,False,2024-08-23T19:19:00Z,"{'links': [{'rel': 'self', 'href': 'https://7399703.suitetalk.api.netsuite.com/services/rest/record/v1/account/2743/localizations'}]}","{'links': [{'rel': 'self', 'href': 'https://7399703.suitetalk.api.netsuite.com/services/rest/record/v1/account/2743/subsidiary'}]}",,,"{'id': 'HISTORICAL', 'refName': 'Historical'}",,False,"{'id': 'HISTORICAL', 'refName': 'Historical'}",,False,,,,,
"{'links': [{'rel': 'self', 'href': 'https://7399703.suitetalk.api.netsuite.com/services/rest/record/v1/account/2744/accountContextSearch'}]}",Partner Capital Jacob Murray,30023,"{'id': 'Equity', 'refName': 'Equity'}",False,False,False,2744,True,False,False,False,2024-08-23T19:19:00Z,"{'links': [{'rel': 'self', 'href': 'https://7399703.suitetalk.api.netsuite.com/services/rest/record/v1/account/2744/localizations'}]}","{'links': [{'rel': 'self', 'href': 'https://7399703.suitetalk.api.netsuite.com/services/rest/record/v1/account/2744/subsidiary'}]}",,,"{'id': 'HISTORICAL', 'refName': 'Historical'}",,False,"{'id': 'HISTORICAL', 'refName': 'Historical'}",,False,,,,,
"{'links': [{'rel': 'self', 'href': 'https://7399703.suitetalk.api.netsuite.com/services/rest/record/v1/account/2759/accountContextSearch'}]}",Partner Capit- Dr. Miller,30024,"{'id': 'Equity', 'refName': 'Equity'}",False,False,False,2759,True,False,False,False,2024-10-02T13:29:00Z,"{'links': [{'rel': 'self', 'href': 'https://7399703.suitetalk.api.netsuite.com/services/rest/record/v1/account/2759/localizations'}]}","{'links': [{'rel': 'self', 'href': 'https://7399703.suitetalk.api.netsuite.com/services/rest/record/v1/account/2759/subsidiary'}]}",,,"{'id': 'HISTORICAL', 'refName': 'Historical'}",,False,"{'id': 'HISTORICAL', 'refName': 'Historical'}",,False,,,,,
"{'links': [{'rel': 'self', 'href': 'https://7399703.suitetalk.api.netsuite.com/services/rest/record/v1/account/2762/accountContextSearch'}]}",Partner Capit - Dr. Ince,30025,"{'id': 'Equity', 'refName': 'Equity'}",False,False,False,2762,True,False,False,False,2024-11-21T19:56:00Z,"{'links': [{'rel': 'self', 'href': 'https://7399703.suitetalk.api.netsuite.com/services/rest/record/v1/account/2762/localizations'}]}","{'links': [{'rel': 'self', 'href': 'https://7399703.suitetalk.api.netsuite.com/services/rest/record/v1/account/2762/subsidiary'}]}",,,"{'id': 'HISTORICAL', 'refName': 'Historical'}",,False,"{'id': 'HISTORICAL', 'refName': 'Historical'}",,False,,,,"{'links': [{'rel': 'self', 'href': 'https://7399703.suitetalk.api.netsuite.com/services/rest/record/v1/account/353'}], 'id': '353', 'refName': '31100 Contributions'}",
"{'links': [{'rel': 'self', 'href': 'https://7399703.suitetalk.api.netsuite.com/services/rest/record/v1/account/2770/accountContextSearch'}]}",Partner Capit - Dr. Myles,30026,"{'id': 'Equity', 'refName': 'Equity'}",False,False,False,2770,True,False,False,False,2024-12-19T17:02:00Z,"{'links': [{'rel': 'self', 'href': 'https://7399703.suitetalk.api.netsuite.com/services/rest/record/v1/account/2770/localizations'}]}","{'links': [{'rel': 'self', 'href': 'https://7399703.suitetalk.api.netsuite.com/services/rest/record/v1/account/2770/subsidiary'}]}",,,"{'id': 'HISTORICAL', 'refName': 'Historical'}",,False,"{'id': 'HISTORICAL', 'refName': 'Historical'}",,False,,,,"{'links': [{'rel': 'self', 'href': 'https://7399703.suitetalk.api.netsuite.com/services/rest/record/v1/account/353'}], 'id': '353', 'refName': '31100 Contributions'}",
"{'links': [{'rel': 'self', 'href': 'https://7399703.suitetalk.api.netsuite.com/services/rest/record/v1/account/109/accountContextSearch'}]}",Cumulative Translation Adjustment,3035,"{'id': 'Equity', 'refName': 'Equity'}",False,False,False,109,True,False,False,False,2022-04-25T19:52:00Z,"{'links': [{'rel': 'self', 'href': 'https://7399703.suitetalk.api.netsuite.com/services/rest/record/v1/account/109/localizations'}]}","{'links': [{'rel': 'self', 'href': 'https://7399703.suitetalk.api.netsuite.com/services/rest/record/v1/account/109/subsidiary'}]}",,,"{'id': 'HISTORICAL', 'refName': 'Historical'}",,False,"{'id': 'HISTORICAL', 'refName': 'Historical'}",,False,,3035,,,"{'id': 'CumulTransAdj', 'refName': 'CumulTransAdj'}"
"{'links': [{'rel': 'self', 'href': 'https://7399703.suitetalk.api.netsuite.com/services/rest/record/v1/account/353/accountContextSearch'}]}",Contributions,31100,"{'id': 'Equity', 'refName': 'Equity'}",False,False,False,353,True,False,False,False,2022-04-25T19:52:00Z,"{'links': [{'rel': 'self', 'href': 'https://7399703.suitetalk.api.netsuite.com/services/rest/record/v1/account/353/localizations'}]}","{'links': [{'rel': 'self', 'href': 'https://7399703.suitetalk.api.netsuite.com/services/rest/record/v1/account/353/subsidiary'}]}",,,"{'id': 'HISTORICAL', 'refName': 'Historical'}",,False,"{'id': 'HISTORICAL', 'refName': 'Historical'}",,False,,31100,,,
"{'links': [{'rel': 'self', 'href': 'https://7399703.suitetalk.api.netsuite.com/services/rest/record/v1/account/354/accountContextSearch'}]}",Owner's Equity,31105,"{'id': 'Equity', 'refName': 'Equity'}",False,False,False,354,True,False,False,False,2022-04-25T19:52:00Z,"{'links': [{'rel': 'self', 'href': 'https://7399703.suitetalk.api.netsuite.com/services/rest/record/v1/account/354/localizations'}]}","{'links': [{'rel': 'self', 'href': 'https://7399703.suitetalk.api.netsuite.com/services/rest/record/v1/account/354/subsidiary'}]}",,,"{'id': 'HISTORICAL', 'refName': 'Historical'}",,False,"{'id': 'HISTORICAL', 'refName': 'Historical'}",,False,,31105,,,
"{'links': [{'rel': 'self', 'href': 'https://7399703.suitetalk.api.netsuite.com/services/rest/record/v1/account/355/accountContextSearch'}]}",Additional Paid in Capital,31125,"{'id': 'Equity', 'refName': 'Equity'}",False,False,False,355,True,False,False,False,2022-04-25T19:51:00Z,"{'links': [{'rel': 'self', 'href': 'https://7399703.suitetalk.api.netsuite.com/services/rest/record/v1/account/355/localizations'}]}","{'links': [{'rel': 'self', 'href': 'https://7399703.suitetalk.api.netsuite.com/services/rest/record/v1/account/355/subsidiary'}]}",,,"{'id': 'HISTORICAL', 'refName': 'Historical'}",,False,"{'id': 'HISTORICAL', 'refName': 'Historical'}",,False,,31125,,,
"{'links': [{'rel': 'self', 'href': 'https://7399703.suitetalk.api.netsuite.com/services/rest/record/v1/account/356/accountContextSearch'}]}",Common Stock,31150,"{'id': 'Equity', 'refName': 'Equity'}",False,False,False,356,True,False,False,False,2022-04-25T19:51:00Z,"{'links': [{'rel': 'self', 'href': 'https://7399703.suitetalk.api.netsuite.com/services/rest/record/v1/account/356/localizations'}]}","{'links': [{'rel': 'self', 'href': 'https://7399703.suitetalk.api.netsuite.com/services/rest/record/v1/account/356/subsidiary'}]}",,,"{'id': 'HISTORICAL', 'refName': 'Historical'}",,False,"{'id': 'HISTORICAL', 'refName': 'Historical'}",,False,,31150,,,
"{'links': [{'rel': 'self', 'href': 'https://7399703.suitetalk.api.netsuite.com/services/rest/record/v1/account/357/accountContextSearch'}]}",Investment - Power Investment - Kory Willis,31160,"{'id': 'Equity', 'refName': 'Equity'}",False,False,False,357,True,False,False,False,2022-04-25T19:52:00Z,"{'links': [{'rel': 'self', 'href': 'https://7399703.suitetalk.api.netsuite.com/services/rest/record/v1/account/357/localizations'}]}","{'links': [{'rel': 'self', 'href': 'https://7399703.suitetalk.api.netsuite.com/services/rest/record/v1/account/357/subsidiary'}]}",,,"{'id': 'HISTORICAL', 'refName': 'Historical'}",,False,"{'id': 'HISTORICAL', 'refName': 'Historical'}",,False,,31160,,,
"{'links': [{'rel': 'self', 'href': 'https://7399703.suitetalk.api.netsuite.com/services/rest/record/v1/account/358/accountContextSearch'}]}",Capital Stock,31175,"{'id': 'Equity', 'refName': 'Equity'}",False,False,False,358,True,False,False,False,2022-04-25T19:51:00Z,"{'links': [{'rel': 'self', 'href': 'https://7399703.suitetalk.api.netsuite.com/services/rest/record/v1/account/358/localizations'}]}","{'links': [{'rel': 'self', 'href': 'https://7399703.suitetalk.api.netsuite.com/services/rest/record/v1/account/358/subsidiary'}]}",,,"{'id': 'HISTORICAL', 'refName': 'Historical'}",,False,"{'id': 'HISTORICAL', 'refName': 'Historical'}",,False,,31175,,,
"{'links': [{'rel': 'self', 'href': 'https://7399703.suitetalk.api.netsuite.com/services/rest/record/v1/account/359/accountContextSearch'}]}",Distributions,31200,"{'id': 'Equity', 'refName': 'Equity'}",False,False,False,359,True,False,False,False,2022-04-25T19:52:00Z,"{'links': [{'rel': 'self', 'href': 'https://7399703.suitetalk.api.netsuite.com/services/rest/record/v1/account/359/localizations'}]}","{'links': [{'rel': 'self', 'href': 'https://7399703.suitetalk.api.netsuite.com/services/rest/record/v1/account/359/subsidiary'}]}",,,"{'id': 'HISTORICAL', 'refName': 'Historical'}",,False,"{'id': 'HISTORICAL', 'refName': 'Historical'}",,False,,31200,,,
"{'links': [{'rel': 'self', 'href': 'https://7399703.suitetalk.api.netsuite.com/services/rest/record/v1/account/52/accountContextSearch'}]}",Retained Earnings,31300,"{'id': 'Equity', 'refName': 'Equity'}",False,False,False,52,True,False,False,False,2022-04-25T19:53:00Z,"{'links': [{'rel': 'self', 'href': 'https://7399703.suitetalk.api.netsuite.com/services/rest/record/v1/account/52/localizations'}]}","{'links': [{'rel': 'self', 'href': 'https://7399703.suitetalk.api.netsuite.com/services/rest/record/v1/account/52/subsidiary'}]}",,,"{'id': 'HISTORICAL', 'refName': 'Historical'}",,False,"{'id': 'HISTORICAL', 'refName': 'Historical'}",,False,,31300,,,"{'id': 'RetEarnings', 'refName': 'RetEarnings'}"
"{'links': [{'rel': 'self', 'href': 'https://7399703.suitetalk.api.netsuite.com/services/rest/record/v1/account/54/accountContextSearch'}]}",Sales,4000,"{'id': 'Income', 'refName': 'Income'}",False,False,False,54,True,False,False,False,2022-04-25T19:53:00Z,"{'links': [{'rel': 'self', 'href': 'https://7399703.suitetalk.api.netsuite.com/services/rest/record/v1/account/54/localizations'}]}","{'links': [{'rel': 'self', 'href': 'https://7399703.suitetalk.api.netsuite.com/services/rest/record/v1/account/54/subsidiary'}]}",,,"{'id': 'AVERAGE', 'refName': 'Average'}",,False,"{'id': 'AVERAGE', 'refName': 'Average'}",,False,,4000,,,
"{'links': [{'rel': 'self', 'href': 'https://7399703.suitetalk.api.netsuite.com/services/rest/record/v1/account/108/accountContextSearch'}]}",Shipping and Handling,4050,"{'id': 'Income', 'refName': 'Income'}",False,False,False,108,True,False,False,False,2022-04-25T19:53:00Z,"{'links': [{'rel': 'self', 'href': 'https://7399703.suitetalk.api.netsuite.com/services/rest/record/v1/account/108/localizations'}]}","{'links': [{'rel': 'self', 'href': 'https://7399703.suitetalk.api.netsuite.com/services/rest/record/v1/account/108/subsidiary'}]}",,,"{'id': 'AVERAGE', 'refName': 'Average'}",,False,"{'id': 'AVERAGE', 'refName': 'Average'}",,False,,4050,,,
"{'links': [{'rel': 'self', 'href': 'https://7399703.suitetalk.api.netsuite.com/services/rest/record/v1/account/360/accountContextSearch'}]}",Gross Revenue from Professional Services,41100,"{'id': 'Income', 'refName': 'Income'}",False,False,False,360,True,False,False,False,2022-04-25T19:52:00Z,"{'links': [{'rel': 'self', 'href': 'https://7399703.suitetalk.api.netsuite.com/services/rest/record/v1/account/360/localizations'}]}","{'links': [{'rel': 'self', 'href': 'https://7399703.suitetalk.api.netsuite.com/services/rest/record/v1/account/360/subsidiary'}]}",,,"{'id': 'AVERAGE', 'refName': 'Average'}",,False,"{'id': 'AVERAGE', 'refName': 'Average'}",,False,,41100,,,
"{'links': [{'rel': 'self', 'href': 'https://7399703.suitetalk.api.netsuite.com/services/rest/record/v1/account/2734/accountContextSearch'}]}",Rental Revenue,41101,"{'id': 'Income', 'refName': 'Income'}",False,False,False,2734,True,False,False,False,2024-07-25T16:34:00Z,"{'links': [{'rel': 'self', 'href': 'https://7399703.suitetalk.api.netsuite.com/services/rest/record/v1/account/2734/localizations'}]}","{'links': [{'rel': 'self', 'href': 'https://7399703.suitetalk.api.netsuite.com/services/rest/record/v1/account/2734/subsidiary'}]}",,,"{'id': 'AVERAGE', 'refName': 'Average'}",,False,"{'id': 'AVERAGE', 'refName': 'Average'}",,False,,,,,
"{'links': [{'rel': 'self', 'href': 'https://7399703.suitetalk.api.netsuite.com/services/rest/record/v1/account/361/accountContextSearch'}]}",Provision for Service Fee Adjustments,41200,"{'id': 'Income', 'refName': 'Income'}",False,False,False,361,True,False,False,False,2023-08-29T15:59:00Z,"{'links': [{'rel': 'self', 'href': 'https://7399703.suitetalk.api.netsuite.com/services/rest/record/v1/account/361/localizations'}]}","{'links': [{'rel': 'self', 'href': 'https://7399703.suitetalk.api.netsuite.com/services/rest/record/v1/account/361/subsidiary'}]}",,,"{'id': 'AVERAGE', 'refName': 'Average'}",,False,"{'id': 'AVERAGE', 'refName': 'Average'}",,False,,41200,,"{'links': [{'rel': 'self', 'href': 'https://7399703.suitetalk.api.netsuite.com/services/rest/record/v1/account/360'}], 'id': '360', 'refName': '41100 Gross Revenue from Professional Services'}",
"{'links': [{'rel': 'self', 'href': 'https://7399703.suitetalk.api.netsuite.com/services/rest/record/v1/account/362/accountContextSearch'}]}",Provision for Uncollectable Service Revenue,41250,"{'id': 'Income', 'refName': 'Income'}",False,False,False,362,True,False,False,False,2022-04-25T19:53:00Z,"{'links': [{'rel': 'self', 'href': 'https://7399703.suitetalk.api.netsuite.com/services/rest/record/v1/account/362/localizations'}]}","{'links': [{'rel': 'self', 'href': 'https://7399703.suitetalk.api.netsuite.com/services/rest/record/v1/account/362/subsidiary'}]}",,,"{'id': 'AVERAGE', 'refName': 'Average'}",,False,"{'id': 'AVERAGE', 'refName': 'Average'}",,False,,41250,,,
"{'links': [{'rel': 'self', 'href': 'https://7399703.suitetalk.api.netsuite.com/services/rest/record/v1/account/363/accountContextSearch'}]}",Capitation Fees,42000,"{'id': 'Income', 'refName': 'Income'}",False,False,False,363,True,False,False,False,2022-04-25T19:51:00Z,"{'links': [{'rel': 'self', 'href': 'https://7399703.suitetalk.api.netsuite.com/services/rest/record/v1/account/363/localizations'}]}","{'links': [{'rel': 'self', 'href': 'https://7399703.suitetalk.api.netsuite.com/services/rest/record/v1/account/363/subsidiary'}]}",,,"{'id': 'AVERAGE', 'refName': 'Average'}",,False,"{'id': 'AVERAGE', 'refName': 'Average'}",,False,,42000,,,
"{'links': [{'rel': 'self', 'href': 'https://7399703.suitetalk.api.netsuite.com/services/rest/record/v1/account/364/accountContextSearch'}]}",Gross Deposition Revenue,42100,"{'id': 'Income', 'refName': 'Income'}",False,False,False,364,True,False,False,False,2022-04-25T19:52:00Z,"{'links': [{'rel': 'self', 'href': 'https://7399703.suitetalk.api.netsuite.com/services/rest/record/v1/account/364/localizations'}]}","{'links': [{'rel': 'self', 'href': 'https://7399703.suitetalk.api.netsuite.com/services/rest/record/v1/account/364/subsidiary'}]}",,,"{'id': 'AVERAGE', 'refName': 'Average'}",,False,"{'id': 'AVERAGE', 'refName': 'Average'}",,False,,42100,,,
"{'links': [{'rel': 'self', 'href': 'https://7399703.suitetalk.api.netsuite.com/services/rest/record/v1/account/2782/accountContextSearch'}]}",Medical Records Revenue,42105,"{'id': 'Income', 'refName': 'Income'}",False,False,False,2782,True,False,False,False,2025-02-07T14:21:00Z,"{'links': [{'rel': 'self', 'href': 'https://7399703.suitetalk.api.netsuite.com/services/rest/record/v1/account/2782/localizations'}]}","{'links': [{'rel': 'self', 'href': 'https://7399703.suitetalk.api.netsuite.com/services/rest/record/v1/account/2782/subsidiary'}]}",,,"{'id': 'AVERAGE', 'refName': 'Average'}",,False,"{'id': 'AVERAGE', 'refName': 'Average'}",,False,,,,"{'links': [{'rel': 'self', 'href': 'https://7399703.suitetalk.api.netsuite.com/services/rest/record/v1/account/360'}], 'id': '360', 'refName': '41100 Gross Revenue from Professional Services'}",
"{'links': [{'rel': 'self', 'href': 'https://7399703.suitetalk.api.netsuite.com/services/rest/record/v1/account/365/accountContextSearch'}]}",Gross Medical Receivables Investment Revenue,43100,"{'id': 'Income', 'refName': 'Income'}",False,False,False,365,True,False,False,False,2022-04-25T19:52:00Z,"{'links': [{'rel': 'self', 'href': 'https://7399703.suitetalk.api.netsuite.com/services/rest/record/v1/account/365/localizations'}]}","{'links': [{'rel': 'self', 'href': 'https://7399703.suitetalk.api.netsuite.com/services/rest/record/v1/account/365/subsidiary'}]}",,,"{'id': 'AVERAGE', 'refName': 'Average'}",,False,"{'id': 'AVERAGE', 'refName': 'Average'}",,False,,43100,,,
"{'links': [{'rel': 'self', 'href': 'https://7399703.suitetalk.api.netsuite.com/services/rest/record/v1/account/366/accountContextSearch'}]}",Cost of Medical Receivables,43150,"{'id': 'Income', 'refName': 'Income'}",False,False,False,366,True,False,False,False,2022-04-25T19:52:00Z,"{'links': [{'rel': 'self', 'href': 'https://7399703.suitetalk.api.netsuite.com/services/rest/record/v1/account/366/localizations'}]}","{'links': [{'rel': 'self', 'href': 'https://7399703.suitetalk.api.netsuite.com/services/rest/record/v1/account/366/subsidiary'}]}",,,"{'id': 'AVERAGE', 'refName': 'Average'}",,False,"{'id': 'AVERAGE', 'refName': 'Average'}",,False,,43150,,"{'links': [{'rel': 'self', 'href': 'https://7399703.suitetalk.api.netsuite.com/services/rest/record/v1/account/365'}], 'id': '365', 'refName': '43100 Gross Medical Receivables Investment Revenue'}",
"{'links': [{'rel': 'self', 'href': 'https://7399703.suitetalk.api.netsuite.com/services/rest/record/v1/account/367/accountContextSearch'}]}",Medical Receivables Investment Adjustment,43200,"{'id': 'Income', 'refName': 'Income'}",False,False,False,367,True,False,False,False,2022-04-25T19:52:00Z,"{'links': [{'rel': 'self', 'href': 'https://7399703.suitetalk.api.netsuite.com/services/rest/record/v1/account/367/localizations'}]}","{'links': [{'rel': 'self', 'href': 'https://7399703.suitetalk.api.netsuite.com/services/rest/record/v1/account/367/subsidiary'}]}",,,"{'id': 'AVERAGE', 'refName': 'Average'}",,False,"{'id': 'AVERAGE', 'refName': 'Average'}",,False,,43200,,"{'links': [{'rel': 'self', 'href': 'https://7399703.suitetalk.api.netsuite.com/services/rest/record/v1/account/365'}], 'id': '365', 'refName': '43100 Gross Medical Receivables Investment Revenue'}",
"{'links': [{'rel': 'self', 'href': 'https://7399703.suitetalk.api.netsuite.com/services/rest/record/v1/account/368/accountContextSearch'}]}",Gain/Loss on Provision,43210,"{'id': 'Income', 'refName': 'Income'}",False,False,False,368,True,False,False,False,2022-04-25T19:52:00Z,"{'links': [{'rel': 'self', 'href': 'https://7399703.suitetalk.api.netsuite.com/services/rest/record/v1/account/368/localizations'}]}","{'links': [{'rel': 'self', 'href': 'https://7399703.suitetalk.api.netsuite.com/services/rest/record/v1/account/368/subsidiary'}]}",,,"{'id': 'AVERAGE', 'refName': 'Average'}",,False,"{'id': 'AVERAGE', 'refName': 'Average'}",,False,,43210,,"{'links': [{'rel': 'self', 'href': 'https://7399703.suitetalk.api.netsuite.com/services/rest/record/v1/account/365'}], 'id': '365', 'refName': '43100 Gross Medical Receivables Investment Revenue'}",
"{'links': [{'rel': 'self', 'href': 'https://7399703.suitetalk.api.netsuite.com/services/rest/record/v1/account/369/accountContextSearch'}]}",Management Service Fee Income,44100,"{'id': 'Income', 'refName': 'Income'}",False,False,False,369,True,False,False,False,2022-04-25T19:52:00Z,"{'links': [{'rel': 'self', 'href': 'https://7399703.suitetalk.api.netsuite.com/services/rest/record/v1/account/369/localizations'}]}","{'links': [{'rel': 'self', 'href': 'https://7399703.suitetalk.api.netsuite.com/services/rest/record/v1/account/369/subsidiary'}]}",,,"{'id': 'AVERAGE', 'refName': 'Average'}",,False,"{'id': 'AVERAGE', 'refName': 'Average'}",,False,,44100,,,
"{'links': [{'rel': 'self', 'href': 'https://7399703.suitetalk.api.netsuite.com/services/rest/record/v1/account/2057/accountContextSearch'}]}",Employee Leasing,44200,"{'id': 'Income', 'refName': 'Income'}",False,False,False,2057,True,False,False,False,2023-09-15T14:24:00Z,"{'links': [{'rel': 'self', 'href': 'https://7399703.suitetalk.api.netsuite.com/services/rest/record/v1/account/2057/localizations'}]}","{'links': [{'rel': 'self', 'href': 'https://7399703.suitetalk.api.netsuite.com/services/rest/record/v1/account/2057/subsidiary'}]}",,,"{'id': 'AVERAGE', 'refName': 'Average'}",,False,"{'id': 'AVERAGE', 'refName': 'Average'}",,False,,,,,
"{'links': [{'rel': 'self', 'href': 'https://7399703.suitetalk.api.netsuite.com/services/rest/record/v1/account/2058/accountContextSearch'}]}","SDC Life, AD&D, LTD, STD Insurance",44300,"{'id': 'Income', 'refName': 'Income'}",False,False,False,2058,True,False,False,False,2023-09-15T14:25:00Z,"{'links': [{'rel': 'self', 'href': 'https://7399703.suitetalk.api.netsuite.com/services/rest/record/v1/account/2058/localizations'}]}","{'links': [{'rel': 'self', 'href': 'https://7399703.suitetalk.api.netsuite.com/services/rest/record/v1/account/2058/subsidiary'}]}",,,"{'id': 'AVERAGE', 'refName': 'Average'}",,False,"{'id': 'AVERAGE', 'refName': 'Average'}",,False,,,,,
"{'links': [{'rel': 'self', 'href': 'https://7399703.suitetalk.api.netsuite.com/services/rest/record/v1/account/2059/accountContextSearch'}]}",SDC Employee Medical Insurance Costs,44400,"{'id': 'Income', 'refName': 'Income'}",False,False,False,2059,True,False,False,False,2023-09-15T14:26:00Z,"{'links': [{'rel': 'self', 'href': 'https://7399703.suitetalk.api.netsuite.com/services/rest/record/v1/account/2059/localizations'}]}","{'links': [{'rel': 'self', 'href': 'https://7399703.suitetalk.api.netsuite.com/services/rest/record/v1/account/2059/subsidiary'}]}",,,"{'id': 'AVERAGE', 'refName': 'Average'}",,False,"{'id': 'AVERAGE', 'refName': 'Average'}",,False,,,,,
"{'links': [{'rel': 'self', 'href': 'https://7399703.suitetalk.api.netsuite.com/services/rest/record/v1/account/370/accountContextSearch'}]}",Uncategorized Income,45100,"{'id': 'Income', 'refName': 'Income'}",False,False,False,370,True,False,False,False,2022-04-25T19:53:00Z,"{'links': [{'rel': 'self', 'href': 'https://7399703.suitetalk.api.netsuite.com/services/rest/record/v1/account/370/localizations'}]}","{'links': [{'rel': 'self', 'href': 'https://7399703.suitetalk.api.netsuite.com/services/rest/record/v1/account/370/subsidiary'}]}",,,"{'id': 'AVERAGE', 'refName': 'Average'}",,False,"{'id': 'AVERAGE', 'refName': 'Average'}",,False,,45100,,,
"{'links': [{'rel': 'self', 'href': 'https://7399703.suitetalk.api.netsuite.com/services/rest/record/v1/account/58/accountContextSearch'}]}",Expenses,6000,"{'id': 'Expense', 'refName': 'Expense'}",False,False,False,58,True,False,False,False,2022-04-25T19:52:00Z,"{'links': [{'rel': 'self', 'href': 'https://7399703.suitetalk.api.netsuite.com/services/rest/record/v1/account/58/localizations'}]}","{'links': [{'rel': 'self', 'href': 'https://7399703.suitetalk.api.netsuite.com/services/rest/record/v1/account/58/subsidiary'}]}",,,"{'id': 'AVERAGE', 'refName': 'Average'}",,False,"{'id': 'AVERAGE', 'refName': 'Average'}",,False,,6000,,,
"{'links': [{'rel': 'self', 'href': 'https://7399703.suitetalk.api.netsuite.com/services/rest/record/v1/account/371/accountContextSearch'}]}",Patient Travel Costs,61100,"{'id': 'COGS', 'refName': 'Cost of Goods Sold'}",False,False,False,371,True,False,False,False,2022-04-25T19:52:00Z,"{'links': [{'rel': 'self', 'href': 'https://7399703.suitetalk.api.netsuite.com/services/rest/record/v1/account/371/localizations'}]}","{'links': [{'rel': 'self', 'href': 'https://7399703.suitetalk.api.netsuite.com/services/rest/record/v1/account/371/subsidiary'}]}",,,"{'id': 'AVERAGE', 'refName': 'Average'}",,False,"{'id': 'AVERAGE', 'refName': 'Average'}",,False,,61100,,,
"{'links': [{'rel': 'self', 'href': 'https://7399703.suitetalk.api.netsuite.com/services/rest/record/v1/account/387/accountContextSearch'}]}",Provider Payroll (Salaried),61101,"{'id': 'COGS', 'refName': 'Cost of Goods Sold'}",False,False,False,387,True,False,False,False,2022-04-25T19:51:00Z,"{'links': [{'rel': 'self', 'href': 'https://7399703.suitetalk.api.netsuite.com/services/rest/record/v1/account/387/localizations'}]}","{'links': [{'rel': 'self', 'href': 'https://7399703.suitetalk.api.netsuite.com/services/rest/record/v1/account/387/subsidiary'}]}",,,"{'id': 'AVERAGE', 'refName': 'Average'}",,False,"{'id': 'AVERAGE', 'refName': 'Average'}",,False,,61101,,"{'links': [{'rel': 'self', 'href': 'https://7399703.suitetalk.api.netsuite.com/services/rest/record/v1/account/386'}], 'id': '386', 'refName': '61170 Clinic Wages & Salaries'}",
"{'links': [{'rel': 'self', 'href': 'https://7399703.suitetalk.api.netsuite.com/services/rest/record/v1/account/388/accountContextSearch'}]}",Other Clinic Payroll,61102,"{'id': 'COGS', 'refName': 'Cost of Goods Sold'}",False,False,False,388,True,False,False,False,2022-04-25T19:51:00Z,"{'links': [{'rel': 'self', 'href': 'https://7399703.suitetalk.api.netsuite.com/services/rest/record/v1/account/388/localizations'}]}","{'links': [{'rel': 'self', 'href': 'https://7399703.suitetalk.api.netsuite.com/services/rest/record/v1/account/388/subsidiary'}]}",,,"{'id': 'AVERAGE', 'refName': 'Average'}",,False,"{'id': 'AVERAGE', 'refName': 'Average'}",,False,,61102,,"{'links': [{'rel': 'self', 'href': 'https://7399703.suitetalk.api.netsuite.com/services/rest/record/v1/account/386'}], 'id': '386', 'refName': '61170 Clinic Wages & Salaries'}",
"{'links': [{'rel': 'self', 'href': 'https://7399703.suitetalk.api.netsuite.com/services/rest/record/v1/account/389/accountContextSearch'}]}",Bonuses,61103,"{'id': 'COGS', 'refName': 'Cost of Goods Sold'}",False,False,False,389,True,False,False,False,2022-04-25T19:51:00Z,"{'links': [{'rel': 'self', 'href': 'https://7399703.suitetalk.api.netsuite.com/services/rest/record/v1/account/389/localizations'}]}","{'links': [{'rel': 'self', 'href': 'https://7399703.suitetalk.api.netsuite.com/services/rest/record/v1/account/389/subsidiary'}]}",,,"{'id': 'AVERAGE', 'refName': 'Average'}",,False,"{'id': 'AVERAGE', 'refName': 'Average'}",,False,,61103,,"{'links': [{'rel': 'self', 'href': 'https://7399703.suitetalk.api.netsuite.com/services/rest/record/v1/account/386'}], 'id': '386', 'refName': '61170 Clinic Wages & Salaries'}",
"{'links': [{'rel': 'self', 'href': 'https://7399703.suitetalk.api.netsuite.com/services/rest/record/v1/account/390/accountContextSearch'}]}",Payroll Taxes,61104,"{'id': 'COGS', 'refName': 'Cost of Goods Sold'}",False,False,False,390,True,False,False,False,2022-04-25T19:51:00Z,"{'links': [{'rel': 'self', 'href': 'https://7399703.suitetalk.api.netsuite.com/services/rest/record/v1/account/390/localizations'}]}","{'links': [{'rel': 'self', 'href': 'https://7399703.suitetalk.api.netsuite.com/services/rest/record/v1/account/390/subsidiary'}]}",,,"{'id': 'AVERAGE', 'refName': 'Average'}",,False,"{'id': 'AVERAGE', 'refName': 'Average'}",,False,,61104,,"{'links': [{'rel': 'self', 'href': 'https://7399703.suitetalk.api.netsuite.com/services/rest/record/v1/account/386'}], 'id': '386', 'refName': '61170 Clinic Wages & Salaries'}",
"{'links': [{'rel': 'self', 'href': 'https://7399703.suitetalk.api.netsuite.com/services/rest/record/v1/account/372/accountContextSearch'}]}",Billing & Collection Services,61105,"{'id': 'COGS', 'refName': 'Cost of Goods Sold'}",False,False,False,372,True,False,False,False,2022-04-25T19:51:00Z,"{'links': [{'rel': 'self', 'href': 'https://7399703.suitetalk.api.netsuite.com/services/rest/record/v1/account/372/localizations'}]}","{'links': [{'rel': 'self', 'href': 'https://7399703.suitetalk.api.netsuite.com/services/rest/record/v1/account/372/subsidiary'}]}",,,"{'id': 'AVERAGE', 'refName': 'Average'}",,False,"{'id': 'AVERAGE', 'refName': 'Average'}",,False,,61105,,,
"{'links': [{'rel': 'self', 'href': 'https://7399703.suitetalk.api.netsuite.com/services/rest/record/v1/account/391/accountContextSearch'}]}",401k,61109,"{'id': 'COGS', 'refName': 'Cost of Goods Sold'}",False,False,False,391,True,False,False,False,2022-04-25T19:51:00Z,"{'links': [{'rel': 'self', 'href': 'https://7399703.suitetalk.api.netsuite.com/services/rest/record/v1/account/391/localizations'}]}","{'links': [{'rel': 'self', 'href': 'https://7399703.suitetalk.api.netsuite.com/services/rest/record/v1/account/391/subsidiary'}]}",,,"{'id': 'AVERAGE', 'refName': 'Average'}",,False,"{'id': 'AVERAGE', 'refName': 'Average'}",,False,,61109,,"{'links': [{'rel': 'self', 'href': 'https://7399703.suitetalk.api.netsuite.com/services/rest/record/v1/account/386'}], 'id': '386', 'refName': '61170 Clinic Wages & Salaries'}",
"{'links': [{'rel': 'self', 'href': 'https://7399703.suitetalk.api.netsuite.com/services/rest/record/v1/account/373/accountContextSearch'}]}",Clinic IT Services Costs,61110,"{'id': 'COGS', 'refName': 'Cost of Goods Sold'}",False,False,False,373,True,False,False,False,2022-04-25T19:51:00Z,"{'links': [{'rel': 'self', 'href': 'https://7399703.suitetalk.api.netsuite.com/services/rest/record/v1/account/373/localizations'}]}","{'links': [{'rel': 'self', 'href': 'https://7399703.suitetalk.api.netsuite.com/services/rest/record/v1/account/373/subsidiary'}]}",,,"{'id': 'AVERAGE', 'refName': 'Average'}",,False,"{'id': 'AVERAGE', 'refName': 'Average'}",,False,,61110,,,
"{'links': [{'rel': 'self', 'href': 'https://7399703.suitetalk.api.netsuite.com/services/rest/record/v1/account/393/accountContextSearch'}]}",Health Insurance,61111,"{'id': 'COGS', 'refName': 'Cost of Goods Sold'}",False,False,False,393,True,False,False,False,2022-04-25T19:51:00Z,"{'links': [{'rel': 'self', 'href': 'https://7399703.suitetalk.api.netsuite.com/services/rest/record/v1/account/393/localizations'}]}","{'links': [{'rel': 'self', 'href': 'https://7399703.suitetalk.api.netsuite.com/services/rest/record/v1/account/393/subsidiary'}]}",,,"{'id': 'AVERAGE', 'refName': 'Average'}",,False,"{'id': 'AVERAGE', 'refName': 'Average'}",,False,,61111,,"{'links': [{'rel': 'self', 'href': 'https://7399703.suitetalk.api.netsuite.com/services/rest/record/v1/account/386'}], 'id': '386', 'refName': '61170 Clinic Wages & Salaries'}",
"{'links': [{'rel': 'self', 'href': 'https://7399703.suitetalk.api.netsuite.com/services/rest/record/v1/account/394/accountContextSearch'}]}",Payroll Processing Fees,61112,"{'id': 'COGS', 'refName': 'Cost of Goods Sold'}",False,False,False,394,True,False,False,False,2022-04-25T19:51:00Z,"{'links': [{'rel': 'self', 'href': 'https://7399703.suitetalk.api.netsuite.com/services/rest/record/v1/account/394/localizations'}]}","{'links': [{'rel': 'self', 'href': 'https://7399703.suitetalk.api.netsuite.com/services/rest/record/v1/account/394/subsidiary'}]}",,,"{'id': 'AVERAGE', 'refName': 'Average'}",,False,"{'id': 'AVERAGE', 'refName': 'Average'}",,False,,61112,,"{'links': [{'rel': 'self', 'href': 'https://7399703.suitetalk.api.netsuite.com/services/rest/record/v1/account/386'}], 'id': '386', 'refName': '61170 Clinic Wages & Salaries'}",
"{'links': [{'rel': 'self', 'href': 'https://7399703.suitetalk.api.netsuite.com/services/rest/record/v1/account/392/accountContextSearch'}]}",401K Employer Expense,61113,"{'id': 'COGS', 'refName': 'Cost of Goods Sold'}",False,False,False,392,True,False,False,False,2022-04-25T19:51:00Z,"{'links': [{'rel': 'self', 'href': 'https://7399703.suitetalk.api.netsuite.com/services/rest/record/v1/account/392/localizations'}]}","{'links': [{'rel': 'self', 'href': 'https://7399703.suitetalk.api.netsuite.com/services/rest/record/v1/account/392/subsidiary'}]}",,,"{'id': 'AVERAGE', 'refName': 'Average'}",,False,"{'id': 'AVERAGE', 'refName': 'Average'}",,False,,61113,,"{'links': [{'rel': 'self', 'href': 'https://7399703.suitetalk.api.netsuite.com/services/rest/record/v1/account/386'}], 'id': '386', 'refName': '61170 Clinic Wages & Salaries'}",
"{'links': [{'rel': 'self', 'href': 'https://7399703.suitetalk.api.netsuite.com/services/rest/record/v1/account/374/accountContextSearch'}]}",Clinic Utilities,61115,"{'id': 'COGS', 'refName': 'Cost of Goods Sold'}",False,False,False,374,True,False,False,False,2022-04-25T19:51:00Z,"{'links': [{'rel': 'self', 'href': 'https://7399703.suitetalk.api.netsuite.com/services/rest/record/v1/account/374/localizations'}]}","{'links': [{'rel': 'self', 'href': 'https://7399703.suitetalk.api.netsuite.com/services/rest/record/v1/account/374/subsidiary'}]}",,,"{'id': 'AVERAGE', 'refName': 'Average'}",,False,"{'id': 'AVERAGE', 'refName': 'Average'}",,False,,61115,,,
"{'links': [{'rel': 'self', 'href': 'https://7399703.suitetalk.api.netsuite.com/services/rest/record/v1/account/375/accountContextSearch'}]}",Clinic Rent,61120,"{'id': 'COGS', 'refName': 'Cost of Goods Sold'}",False,False,False,375,True,False,False,False,2022-04-25T19:51:00Z,"{'links': [{'rel': 'self', 'href': 'https://7399703.suitetalk.api.netsuite.com/services/rest/record/v1/account/375/localizations'}]}","{'links': [{'rel': 'self', 'href': 'https://7399703.suitetalk.api.netsuite.com/services/rest/record/v1/account/375/subsidiary'}]}",,,"{'id': 'AVERAGE', 'refName': 'Average'}",,False,"{'id': 'AVERAGE', 'refName': 'Average'}",,False,,61120,,,
"{'links': [{'rel': 'self', 'href': 'https://7399703.suitetalk.api.netsuite.com/services/rest/record/v1/account/376/accountContextSearch'}]}",Commissions,61125,"{'id': 'COGS', 'refName': 'Cost of Goods Sold'}",False,False,False,376,True,False,False,False,2022-04-25T19:51:00Z,"{'links': [{'rel': 'self', 'href': 'https://7399703.suitetalk.api.netsuite.com/services/rest/record/v1/account/376/localizations'}]}","{'links': [{'rel': 'self', 'href': 'https://7399703.suitetalk.api.netsuite.com/services/rest/record/v1/account/376/subsidiary'}]}",,,"{'id': 'AVERAGE', 'refName': 'Average'}",,False,"{'id': 'AVERAGE', 'refName': 'Average'}",,False,,61125,,,
"{'links': [{'rel': 'self', 'href': 'https://7399703.suitetalk.api.netsuite.com/services/rest/record/v1/account/377/accountContextSearch'}]}",DME Puchase,61130,"{'id': 'COGS', 'refName': 'Cost of Goods Sold'}",False,False,False,377,True,False,False,False,2022-04-25T19:52:00Z,"{'links': [{'rel': 'self', 'href': 'https://7399703.suitetalk.api.netsuite.com/services/rest/record/v1/account/377/localizations'}]}","{'links': [{'rel': 'self', 'href': 'https://7399703.suitetalk.api.netsuite.com/services/rest/record/v1/account/377/subsidiary'}]}",,,"{'id': 'AVERAGE', 'refName': 'Average'}",,False,"{'id': 'AVERAGE', 'refName': 'Average'}",,False,,61130,,,
"{'links': [{'rel': 'self', 'href': 'https://7399703.suitetalk.api.netsuite.com/services/rest/record/v1/account/378/accountContextSearch'}]}",DME Rental,61135,"{'id': 'COGS', 'refName': 'Cost of Goods Sold'}",False,False,False,378,True,False,False,False,2022-04-25T19:52:00Z,"{'links': [{'rel': 'self', 'href': 'https://7399703.suitetalk.api.netsuite.com/services/rest/record/v1/account/378/localizations'}]}","{'links': [{'rel': 'self', 'href': 'https://7399703.suitetalk.api.netsuite.com/services/rest/record/v1/account/378/subsidiary'}]}",,,"{'id': 'AVERAGE', 'refName': 'Average'}",,False,"{'id': 'AVERAGE', 'refName': 'Average'}",,False,,61135,,,
"{'links': [{'rel': 'self', 'href': 'https://7399703.suitetalk.api.netsuite.com/services/rest/record/v1/account/379/accountContextSearch'}]}",Dropped Cases/Bad Debt,61140,"{'id': 'COGS', 'refName': 'Cost of Goods Sold'}",False,False,False,379,True,False,False,False,2022-04-25T19:52:00Z,"{'links': [{'rel': 'self', 'href': 'https://7399703.suitetalk.api.netsuite.com/services/rest/record/v1/account/379/localizations'}]}","{'links': [{'rel': 'self', 'href': 'https://7399703.suitetalk.api.netsuite.com/services/rest/record/v1/account/379/subsidiary'}]}",,,"{'id': 'AVERAGE', 'refName': 'Average'}",,False,"{'id': 'AVERAGE', 'refName': 'Average'}",,False,,61140,,,
"{'links': [{'rel': 'self', 'href': 'https://7399703.suitetalk.api.netsuite.com/services/rest/record/v1/account/380/accountContextSearch'}]}",Labratory Fees,61145,"{'id': 'COGS', 'refName': 'Cost of Goods Sold'}",False,False,False,380,True,False,False,False,2022-04-25T19:52:00Z,"{'links': [{'rel': 'self', 'href': 'https://7399703.suitetalk.api.netsuite.com/services/rest/record/v1/account/380/localizations'}]}","{'links': [{'rel': 'self', 'href': 'https://7399703.suitetalk.api.netsuite.com/services/rest/record/v1/account/380/subsidiary'}]}",,,"{'id': 'AVERAGE', 'refName': 'Average'}",,False,"{'id': 'AVERAGE', 'refName': 'Average'}",,False,,61145,,,
"{'links': [{'rel': 'self', 'href': 'https://7399703.suitetalk.api.netsuite.com/services/rest/record/v1/account/381/accountContextSearch'}]}",Legal Fees (Direct Cost),61150,"{'id': 'COGS', 'refName': 'Cost of Goods Sold'}",False,False,False,381,True,False,False,False,2022-04-25T19:52:00Z,"{'links': [{'rel': 'self', 'href': 'https://7399703.suitetalk.api.netsuite.com/services/rest/record/v1/account/381/localizations'}]}","{'links': [{'rel': 'self', 'href': 'https://7399703.suitetalk.api.netsuite.com/services/rest/record/v1/account/381/subsidiary'}]}",,,"{'id': 'AVERAGE', 'refName': 'Average'}",,False,"{'id': 'AVERAGE', 'refName': 'Average'}",,False,,61150,,,
"{'links': [{'rel': 'self', 'href': 'https://7399703.suitetalk.api.netsuite.com/services/rest/record/v1/account/382/accountContextSearch'}]}",Medical Supply Costs,61155,"{'id': 'COGS', 'refName': 'Cost of Goods Sold'}",False,False,False,382,True,False,False,False,2022-04-25T19:52:00Z,"{'links': [{'rel': 'self', 'href': 'https://7399703.suitetalk.api.netsuite.com/services/rest/record/v1/account/382/localizations'}]}","{'links': [{'rel': 'self', 'href': 'https://7399703.suitetalk.api.netsuite.com/services/rest/record/v1/account/382/subsidiary'}]}",,,"{'id': 'AVERAGE', 'refName': 'Average'}",,False,"{'id': 'AVERAGE', 'refName': 'Average'}",,False,,61155,,,
"{'links': [{'rel': 'self', 'href': 'https://7399703.suitetalk.api.netsuite.com/services/rest/record/v1/account/2787/accountContextSearch'}]}",Medical Supply Costs - Implants,61156,"{'id': 'COGS', 'refName': 'Cost of Goods Sold'}",False,False,False,2787,True,False,False,False,2025-03-07T22:42:00Z,"{'links': [{'rel': 'self', 'href': 'https://7399703.suitetalk.api.netsuite.com/services/rest/record/v1/account/2787/localizations'}]}","{'links': [{'rel': 'self', 'href': 'https://7399703.suitetalk.api.netsuite.com/services/rest/record/v1/account/2787/subsidiary'}]}",,,"{'id': 'AVERAGE', 'refName': 'Average'}",,False,"{'id': 'AVERAGE', 'refName': 'Average'}",,False,,,,,
"{'links': [{'rel': 'self', 'href': 'https://7399703.suitetalk.api.netsuite.com/services/rest/record/v1/account/2789/accountContextSearch'}]}",Medical Supply Costs - Neuro Feedback Devices,61157,"{'id': 'COGS', 'refName': 'Cost of Goods Sold'}",False,False,False,2789,True,False,False,False,2025-04-21T15:54:00Z,"{'links': [{'rel': 'self', 'href': 'https://7399703.suitetalk.api.netsuite.com/services/rest/record/v1/account/2789/localizations'}]}","{'links': [{'rel': 'self', 'href': 'https://7399703.suitetalk.api.netsuite.com/services/rest/record/v1/account/2789/subsidiary'}]}",,,"{'id': 'AVERAGE', 'refName': 'Average'}",,False,"{'id': 'AVERAGE', 'refName': 'Average'}",,False,,,,,
"{'links': [{'rel': 'self', 'href': 'https://7399703.suitetalk.api.netsuite.com/services/rest/record/v1/account/383/accountContextSearch'}]}",Pharma Costs,61160,"{'id': 'COGS', 'refName': 'Cost of Goods Sold'}",False,False,False,383,True,False,False,False,2022-04-25T19:53:00Z,"{'links': [{'rel': 'self', 'href': 'https://7399703.suitetalk.api.netsuite.com/services/rest/record/v1/account/383/localizations'}]}","{'links': [{'rel': 'self', 'href': 'https://7399703.suitetalk.api.netsuite.com/services/rest/record/v1/account/383/subsidiary'}]}",,,"{'id': 'AVERAGE', 'refName': 'Average'}",,False,"{'id': 'AVERAGE', 'refName': 'Average'}",,False,,61160,,,
"{'links': [{'rel': 'self', 'href': 'https://7399703.suitetalk.api.netsuite.com/services/rest/record/v1/account/384/accountContextSearch'}]}",Provider Compensation,61165,"{'id': 'COGS', 'refName': 'Cost of Goods Sold'}",False,False,False,384,True,False,False,False,2022-04-25T19:53:00Z,"{'links': [{'rel': 'self', 'href': 'https://7399703.suitetalk.api.netsuite.com/services/rest/record/v1/account/384/localizations'}]}","{'links': [{'rel': 'self', 'href': 'https://7399703.suitetalk.api.netsuite.com/services/rest/record/v1/account/384/subsidiary'}]}",,,"{'id': 'AVERAGE', 'refName': 'Average'}",,False,"{'id': 'AVERAGE', 'refName': 'Average'}",,False,,61165,,,
"{'links': [{'rel': 'self', 'href': 'https://7399703.suitetalk.api.netsuite.com/services/rest/record/v1/account/385/accountContextSearch'}]}",Professional Services,61166,"{'id': 'COGS', 'refName': 'Cost of Goods Sold'}",False,False,False,385,True,False,False,False,2022-04-25T19:53:00Z,"{'links': [{'rel': 'self', 'href': 'https://7399703.suitetalk.api.netsuite.com/services/rest/record/v1/account/385/localizations'}]}","{'links': [{'rel': 'self', 'href': 'https://7399703.suitetalk.api.netsuite.com/services/rest/record/v1/account/385/subsidiary'}]}",,,"{'id': 'AVERAGE', 'refName': 'Average'}",,False,"{'id': 'AVERAGE', 'refName': 'Average'}",,False,,61166,,,
"{'links': [{'rel': 'self', 'href': 'https://7399703.suitetalk.api.netsuite.com/services/rest/record/v1/account/2719/accountContextSearch'}]}",Laundry Service,61167,"{'id': 'COGS', 'refName': 'Cost of Goods Sold'}",False,False,False,2719,True,False,False,False,2024-06-04T14:51:00Z,"{'links': [{'rel': 'self', 'href': 'https://7399703.suitetalk.api.netsuite.com/services/rest/record/v1/account/2719/localizations'}]}","{'links': [{'rel': 'self', 'href': 'https://7399703.suitetalk.api.netsuite.com/services/rest/record/v1/account/2719/subsidiary'}]}",,,"{'id': 'AVERAGE', 'refName': 'Average'}",,False,"{'id': 'AVERAGE', 'refName': 'Average'}",,False,,,,,
"{'links': [{'rel': 'self', 'href': 'https://7399703.suitetalk.api.netsuite.com/services/rest/record/v1/account/386/accountContextSearch'}]}",Clinic Wages & Salaries,61170,"{'id': 'COGS', 'refName': 'Cost of Goods Sold'}",False,False,False,386,True,False,False,False,2022-04-25T19:51:00Z,"{'links': [{'rel': 'self', 'href': 'https://7399703.suitetalk.api.netsuite.com/services/rest/record/v1/account/386/localizations'}]}","{'links': [{'rel': 'self', 'href': 'https://7399703.suitetalk.api.netsuite.com/services/rest/record/v1/account/386/subsidiary'}]}",,,"{'id': 'AVERAGE', 'refName': 'Average'}",,False,"{'id': 'AVERAGE', 'refName': 'Average'}",,False,,61170,,,
"{'links': [{'rel': 'self', 'href': 'https://7399703.suitetalk.api.netsuite.com/services/rest/record/v1/account/395/accountContextSearch'}]}",Direct Advertising & Marketing Expense,61175,"{'id': 'COGS', 'refName': 'Cost of Goods Sold'}",False,False,False,395,True,False,False,False,2022-04-25T19:52:00Z,"{'links': [{'rel': 'self', 'href': 'https://7399703.suitetalk.api.netsuite.com/services/rest/record/v1/account/395/localizations'}]}","{'links': [{'rel': 'self', 'href': 'https://7399703.suitetalk.api.netsuite.com/services/rest/record/v1/account/395/subsidiary'}]}",,,"{'id': 'AVERAGE', 'refName': 'Average'}",,False,"{'id': 'AVERAGE', 'refName': 'Average'}",,False,,61175,,,
"{'links': [{'rel': 'self', 'href': 'https://7399703.suitetalk.api.netsuite.com/services/rest/record/v1/account/396/accountContextSearch'}]}",Deposition/Legal Costs,62105,"{'id': 'COGS', 'refName': 'Cost of Goods Sold'}",False,False,False,396,True,False,False,False,2022-04-25T19:52:00Z,"{'links': [{'rel': 'self', 'href': 'https://7399703.suitetalk.api.netsuite.com/services/rest/record/v1/account/396/localizations'}]}","{'links': [{'rel': 'self', 'href': 'https://7399703.suitetalk.api.netsuite.com/services/rest/record/v1/account/396/subsidiary'}]}",,,"{'id': 'AVERAGE', 'refName': 'Average'}",,False,"{'id': 'AVERAGE', 'refName': 'Average'}",,False,,62105,,,
"{'links': [{'rel': 'self', 'href': 'https://7399703.suitetalk.api.netsuite.com/services/rest/record/v1/account/397/accountContextSearch'}]}",Investment in Receivables,63105,"{'id': 'COGS', 'refName': 'Cost of Goods Sold'}",False,False,False,397,True,False,False,False,2022-04-25T19:52:00Z,"{'links': [{'rel': 'self', 'href': 'https://7399703.suitetalk.api.netsuite.com/services/rest/record/v1/account/397/localizations'}]}","{'links': [{'rel': 'self', 'href': 'https://7399703.suitetalk.api.netsuite.com/services/rest/record/v1/account/397/subsidiary'}]}",,,"{'id': 'AVERAGE', 'refName': 'Average'}",,False,"{'id': 'AVERAGE', 'refName': 'Average'}",,False,,63105,,,
"{'links': [{'rel': 'self', 'href': 'https://7399703.suitetalk.api.netsuite.com/services/rest/record/v1/account/398/accountContextSearch'}]}",Legal Costs,63115,"{'id': 'COGS', 'refName': 'Cost of Goods Sold'}",False,False,False,398,True,False,False,False,2022-04-25T19:52:00Z,"{'links': [{'rel': 'self', 'href': 'https://7399703.suitetalk.api.netsuite.com/services/rest/record/v1/account/398/localizations'}]}","{'links': [{'rel': 'self', 'href': 'https://7399703.suitetalk.api.netsuite.com/services/rest/record/v1/account/398/subsidiary'}]}",,,"{'id': 'AVERAGE', 'refName': 'Average'}",,False,"{'id': 'AVERAGE', 'refName': 'Average'}",,False,,63115,,,
"{'links': [{'rel': 'self', 'href': 'https://7399703.suitetalk.api.netsuite.com/services/rest/record/v1/account/399/accountContextSearch'}]}",Portfolio/Case Vetting Costs,63120,"{'id': 'COGS', 'refName': 'Cost of Goods Sold'}",False,False,False,399,True,False,False,False,2022-04-25T19:53:00Z,"{'links': [{'rel': 'self', 'href': 'https://7399703.suitetalk.api.netsuite.com/services/rest/record/v1/account/399/localizations'}]}","{'links': [{'rel': 'self', 'href': 'https://7399703.suitetalk.api.netsuite.com/services/rest/record/v1/account/399/subsidiary'}]}",,,"{'id': 'AVERAGE', 'refName': 'Average'}",,False,"{'id': 'AVERAGE', 'refName': 'Average'}",,False,,63120,,,
"{'links': [{'rel': 'self', 'href': 'https://7399703.suitetalk.api.netsuite.com/services/rest/record/v1/account/400/accountContextSearch'}]}",Other Investment Costs,63125,"{'id': 'COGS', 'refName': 'Cost of Goods Sold'}",False,False,False,400,True,False,False,False,2022-04-25T19:52:00Z,"{'links': [{'rel': 'self', 'href': 'https://7399703.suitetalk.api.netsuite.com/services/rest/record/v1/account/400/localizations'}]}","{'links': [{'rel': 'self', 'href': 'https://7399703.suitetalk.api.netsuite.com/services/rest/record/v1/account/400/subsidiary'}]}",,,"{'id': 'AVERAGE', 'refName': 'Average'}",,False,"{'id': 'AVERAGE', 'refName': 'Average'}",,False,,63125,,,
"{'links': [{'rel': 'self', 'href': 'https://7399703.suitetalk.api.netsuite.com/services/rest/record/v1/account/1950/accountContextSearch'}]}",Fuel & Gas Costs,63130,"{'id': 'COGS', 'refName': 'Cost of Goods Sold'}",False,False,False,1950,True,False,False,False,2022-11-28T18:34:00Z,"{'links': [{'rel': 'self', 'href': 'https://7399703.suitetalk.api.netsuite.com/services/rest/record/v1/account/1950/localizations'}]}","{'links': [{'rel': 'self', 'href': 'https://7399703.suitetalk.api.netsuite.com/services/rest/record/v1/account/1950/subsidiary'}]}",,,"{'id': 'AVERAGE', 'refName': 'Average'}",,False,"{'id': 'AVERAGE', 'refName': 'Average'}",,False,,,,,
"{'links': [{'rel': 'self', 'href': 'https://7399703.suitetalk.api.netsuite.com/services/rest/record/v1/account/2776/accountContextSearch'}]}",Fuel & Gas Costs (Reece),63131,"{'id': 'COGS', 'refName': 'Cost of Goods Sold'}",False,False,False,2776,True,False,False,False,2025-01-31T14:40:00Z,"{'links': [{'rel': 'self', 'href': 'https://7399703.suitetalk.api.netsuite.com/services/rest/record/v1/account/2776/localizations'}]}","{'links': [{'rel': 'self', 'href': 'https://7399703.suitetalk.api.netsuite.com/services/rest/record/v1/account/2776/subsidiary'}]}",,,"{'id': 'AVERAGE', 'refName': 'Average'}",,False,"{'id': 'AVERAGE', 'refName': 'Average'}",,False,,,,"{'links': [{'rel': 'self', 'href': 'https://7399703.suitetalk.api.netsuite.com/services/rest/record/v1/account/1950'}], 'id': '1950', 'refName': '63130 Fuel & Gas Costs'}",
"{'links': [{'rel': 'self', 'href': 'https://7399703.suitetalk.api.netsuite.com/services/rest/record/v1/account/2777/accountContextSearch'}]}",Fuel & Gas Costs (Owl Creek),63132,"{'id': 'COGS', 'refName': 'Cost of Goods Sold'}",False,False,False,2777,True,False,False,False,2025-01-31T14:44:00Z,"{'links': [{'rel': 'self', 'href': 'https://7399703.suitetalk.api.netsuite.com/services/rest/record/v1/account/2777/localizations'}]}","{'links': [{'rel': 'self', 'href': 'https://7399703.suitetalk.api.netsuite.com/services/rest/record/v1/account/2777/subsidiary'}]}",,,"{'id': 'AVERAGE', 'refName': 'Average'}",,False,"{'id': 'AVERAGE', 'refName': 'Average'}",,False,,,,"{'links': [{'rel': 'self', 'href': 'https://7399703.suitetalk.api.netsuite.com/services/rest/record/v1/account/1950'}], 'id': '1950', 'refName': '63130 Fuel & Gas Costs'}",
"{'links': [{'rel': 'self', 'href': 'https://7399703.suitetalk.api.netsuite.com/services/rest/record/v1/account/2469/accountContextSearch'}]}",Pilot Cost,63135,"{'id': 'COGS', 'refName': 'Cost of Goods Sold'}",False,False,False,2469,True,False,False,False,2023-10-23T14:13:00Z,"{'links': [{'rel': 'self', 'href': 'https://7399703.suitetalk.api.netsuite.com/services/rest/record/v1/account/2469/localizations'}]}","{'links': [{'rel': 'self', 'href': 'https://7399703.suitetalk.api.netsuite.com/services/rest/record/v1/account/2469/subsidiary'}]}",,,"{'id': 'AVERAGE', 'refName': 'Average'}",,False,"{'id': 'AVERAGE', 'refName': 'Average'}",,False,,,,,
"{'links': [{'rel': 'self', 'href': 'https://7399703.suitetalk.api.netsuite.com/services/rest/record/v1/account/2778/accountContextSearch'}]}",Pilot Costs (Reece),63136,"{'id': 'COGS', 'refName': 'Cost of Goods Sold'}",False,False,False,2778,True,False,False,False,2025-01-31T14:45:00Z,"{'links': [{'rel': 'self', 'href': 'https://7399703.suitetalk.api.netsuite.com/services/rest/record/v1/account/2778/localizations'}]}","{'links': [{'rel': 'self', 'href': 'https://7399703.suitetalk.api.netsuite.com/services/rest/record/v1/account/2778/subsidiary'}]}",,,"{'id': 'AVERAGE', 'refName': 'Average'}",,False,"{'id': 'AVERAGE', 'refName': 'Average'}",,False,,,,"{'links': [{'rel': 'self', 'href': 'https://7399703.suitetalk.api.netsuite.com/services/rest/record/v1/account/2469'}], 'id': '2469', 'refName': '63135 Pilot Cost'}",
"{'links': [{'rel': 'self', 'href': 'https://7399703.suitetalk.api.netsuite.com/services/rest/record/v1/account/2779/accountContextSearch'}]}",Pilot Costs (Owl Creek),63137,"{'id': 'COGS', 'refName': 'Cost of Goods Sold'}",False,False,False,2779,True,False,False,False,2025-01-31T14:46:00Z,"{'links': [{'rel': 'self', 'href': 'https://7399703.suitetalk.api.netsuite.com/services/rest/record/v1/account/2779/localizations'}]}","{'links': [{'rel': 'self', 'href': 'https://7399703.suitetalk.api.netsuite.com/services/rest/record/v1/account/2779/subsidiary'}]}",,,"{'id': 'AVERAGE', 'refName': 'Average'}",,False,"{'id': 'AVERAGE', 'refName': 'Average'}",,False,,,,"{'links': [{'rel': 'self', 'href': 'https://7399703.suitetalk.api.netsuite.com/services/rest/record/v1/account/2469'}], 'id': '2469', 'refName': '63135 Pilot Cost'}",
"{'links': [{'rel': 'self', 'href': 'https://7399703.suitetalk.api.netsuite.com/services/rest/record/v1/account/2755/accountContextSearch'}]}",Landing Fees,63140,"{'id': 'COGS', 'refName': 'Cost of Goods Sold'}",False,False,False,2755,True,False,False,False,2024-09-17T15:48:00Z,"{'links': [{'rel': 'self', 'href': 'https://7399703.suitetalk.api.netsuite.com/services/rest/record/v1/account/2755/localizations'}]}","{'links': [{'rel': 'self', 'href': 'https://7399703.suitetalk.api.netsuite.com/services/rest/record/v1/account/2755/subsidiary'}]}",,,"{'id': 'AVERAGE', 'refName': 'Average'}",,False,"{'id': 'AVERAGE', 'refName': 'Average'}",,False,,,,,
"{'links': [{'rel': 'self', 'href': 'https://7399703.suitetalk.api.netsuite.com/services/rest/record/v1/account/2780/accountContextSearch'}]}",Landing Fees (Reece),63141,"{'id': 'COGS', 'refName': 'Cost of Goods Sold'}",False,False,False,2780,True,False,False,False,2025-01-31T14:50:00Z,"{'links': [{'rel': 'self', 'href': 'https://7399703.suitetalk.api.netsuite.com/services/rest/record/v1/account/2780/localizations'}]}","{'links': [{'rel': 'self', 'href': 'https://7399703.suitetalk.api.netsuite.com/services/rest/record/v1/account/2780/subsidiary'}]}",,,"{'id': 'AVERAGE', 'refName': 'Average'}",,False,"{'id': 'AVERAGE', 'refName': 'Average'}",,False,,,,"{'links': [{'rel': 'self', 'href': 'https://7399703.suitetalk.api.netsuite.com/services/rest/record/v1/account/2755'}], 'id': '2755', 'refName': '63140 Landing Fees'}",
"{'links': [{'rel': 'self', 'href': 'https://7399703.suitetalk.api.netsuite.com/services/rest/record/v1/account/2781/accountContextSearch'}]}",Landing Fees (Owl Creek),63142,"{'id': 'COGS', 'refName': 'Cost of Goods Sold'}",False,False,False,2781,True,False,False,False,2025-01-31T14:50:00Z,"{'links': [{'rel': 'self', 'href': 'https://7399703.suitetalk.api.netsuite.com/services/rest/record/v1/account/2781/localizations'}]}","{'links': [{'rel': 'self', 'href': 'https://7399703.suitetalk.api.netsuite.com/services/rest/record/v1/account/2781/subsidiary'}]}",,,"{'id': 'AVERAGE', 'refName': 'Average'}",,False,"{'id': 'AVERAGE', 'refName': 'Average'}",,False,,,,"{'links': [{'rel': 'self', 'href': 'https://7399703.suitetalk.api.netsuite.com/services/rest/record/v1/account/2755'}], 'id': '2755', 'refName': '63140 Landing Fees'}",
"{'links': [{'rel': 'self', 'href': 'https://7399703.suitetalk.api.netsuite.com/services/rest/record/v1/account/2756/accountContextSearch'}]}",Hangar Rent,63145,"{'id': 'COGS', 'refName': 'Cost of Goods Sold'}",False,False,False,2756,True,False,False,False,2024-09-17T15:52:00Z,"{'links': [{'rel': 'self', 'href': 'https://7399703.suitetalk.api.netsuite.com/services/rest/record/v1/account/2756/localizations'}]}","{'links': [{'rel': 'self', 'href': 'https://7399703.suitetalk.api.netsuite.com/services/rest/record/v1/account/2756/subsidiary'}]}",,,"{'id': 'AVERAGE', 'refName': 'Average'}",,False,"{'id': 'AVERAGE', 'refName': 'Average'}",,False,,,,,
"{'links': [{'rel': 'self', 'href': 'https://7399703.suitetalk.api.netsuite.com/services/rest/record/v1/account/401/accountContextSearch'}]}",Laboratory Fees,63600,"{'id': 'Expense', 'refName': 'Expense'}",False,False,False,401,True,False,False,False,2022-04-25T19:52:00Z,"{'links': [{'rel': 'self', 'href': 'https://7399703.suitetalk.api.netsuite.com/services/rest/record/v1/account/401/localizations'}]}","{'links': [{'rel': 'self', 'href': 'https://7399703.suitetalk.api.netsuite.com/services/rest/record/v1/account/401/subsidiary'}]}",,,"{'id': 'AVERAGE', 'refName': 'Average'}",,False,"{'id': 'AVERAGE', 'refName': 'Average'}",,False,,63600,,,
"{'links': [{'rel': 'self', 'href': 'https://7399703.suitetalk.api.netsuite.com/services/rest/record/v1/account/2052/accountContextSearch'}]}",Anesthesia Expense,63601,"{'id': 'Expense', 'refName': 'Expense'}",False,False,False,2052,True,False,False,False,2023-09-15T14:17:00Z,"{'links': [{'rel': 'self', 'href': 'https://7399703.suitetalk.api.netsuite.com/services/rest/record/v1/account/2052/localizations'}]}","{'links': [{'rel': 'self', 'href': 'https://7399703.suitetalk.api.netsuite.com/services/rest/record/v1/account/2052/subsidiary'}]}",,,"{'id': 'AVERAGE', 'refName': 'Average'}",,False,"{'id': 'AVERAGE', 'refName': 'Average'}",,False,,,,,
"{'links': [{'rel': 'self', 'href': 'https://7399703.suitetalk.api.netsuite.com/services/rest/record/v1/account/2053/accountContextSearch'}]}",Medical Supplies Expense,63602,"{'id': 'Expense', 'refName': 'Expense'}",False,False,False,2053,True,False,False,False,2023-09-15T14:18:00Z,"{'links': [{'rel': 'self', 'href': 'https://7399703.suitetalk.api.netsuite.com/services/rest/record/v1/account/2053/localizations'}]}","{'links': [{'rel': 'self', 'href': 'https://7399703.suitetalk.api.netsuite.com/services/rest/record/v1/account/2053/subsidiary'}]}",,,"{'id': 'AVERAGE', 'refName': 'Average'}",,False,"{'id': 'AVERAGE', 'refName': 'Average'}",,False,,,,,
"{'links': [{'rel': 'self', 'href': 'https://7399703.suitetalk.api.netsuite.com/services/rest/record/v1/account/2054/accountContextSearch'}]}",Minor Equipment & Instruments Expense,63603,"{'id': 'Expense', 'refName': 'Expense'}",False,False,False,2054,True,False,False,False,2023-09-15T14:20:00Z,"{'links': [{'rel': 'self', 'href': 'https://7399703.suitetalk.api.netsuite.com/services/rest/record/v1/account/2054/localizations'}]}","{'links': [{'rel': 'self', 'href': 'https://7399703.suitetalk.api.netsuite.com/services/rest/record/v1/account/2054/subsidiary'}]}",,,"{'id': 'AVERAGE', 'refName': 'Average'}",,False,"{'id': 'AVERAGE', 'refName': 'Average'}",,False,,,,,
"{'links': [{'rel': 'self', 'href': 'https://7399703.suitetalk.api.netsuite.com/services/rest/record/v1/account/2055/accountContextSearch'}]}",Service Contract - Medical,63604,"{'id': 'Expense', 'refName': 'Expense'}",False,False,False,2055,True,False,False,False,2023-09-15T14:21:00Z,"{'links': [{'rel': 'self', 'href': 'https://7399703.suitetalk.api.netsuite.com/services/rest/record/v1/account/2055/localizations'}]}","{'links': [{'rel': 'self', 'href': 'https://7399703.suitetalk.api.netsuite.com/services/rest/record/v1/account/2055/subsidiary'}]}",,,"{'id': 'AVERAGE', 'refName': 'Average'}",,False,"{'id': 'AVERAGE', 'refName': 'Average'}",,False,,,,,
"{'links': [{'rel': 'self', 'href': 'https://7399703.suitetalk.api.netsuite.com/services/rest/record/v1/account/2056/accountContextSearch'}]}",Medical Waste Disposal Expense,63605,"{'id': 'Expense', 'refName': 'Expense'}",False,False,False,2056,True,False,False,False,2023-09-15T14:22:00Z,"{'links': [{'rel': 'self', 'href': 'https://7399703.suitetalk.api.netsuite.com/services/rest/record/v1/account/2056/localizations'}]}","{'links': [{'rel': 'self', 'href': 'https://7399703.suitetalk.api.netsuite.com/services/rest/record/v1/account/2056/subsidiary'}]}",,,"{'id': 'AVERAGE', 'refName': 'Average'}",,False,"{'id': 'AVERAGE', 'refName': 'Average'}",,False,,,,,
"{'links': [{'rel': 'self', 'href': 'https://7399703.suitetalk.api.netsuite.com/services/rest/record/v1/account/427/accountContextSearch'}]}",Salaries,64102,"{'id': 'Expense', 'refName': 'Expense'}",False,False,False,427,True,False,False,False,2022-04-25T19:52:00Z,"{'links': [{'rel': 'self', 'href': 'https://7399703.suitetalk.api.netsuite.com/services/rest/record/v1/account/427/localizations'}]}","{'links': [{'rel': 'self', 'href': 'https://7399703.suitetalk.api.netsuite.com/services/rest/record/v1/account/427/subsidiary'}]}",,,"{'id': 'AVERAGE', 'refName': 'Average'}",,False,"{'id': 'AVERAGE', 'refName': 'Average'}",,False,,64102,,"{'links': [{'rel': 'self', 'href': 'https://7399703.suitetalk.api.netsuite.com/services/rest/record/v1/account/425'}], 'id': '425', 'refName': '64183 G&A Payroll Expense'}",
"{'links': [{'rel': 'self', 'href': 'https://7399703.suitetalk.api.netsuite.com/services/rest/record/v1/account/428/accountContextSearch'}]}",C Suite Comp,64103,"{'id': 'Expense', 'refName': 'Expense'}",False,False,False,428,True,False,False,False,2022-04-25T19:52:00Z,"{'links': [{'rel': 'self', 'href': 'https://7399703.suitetalk.api.netsuite.com/services/rest/record/v1/account/428/localizations'}]}","{'links': [{'rel': 'self', 'href': 'https://7399703.suitetalk.api.netsuite.com/services/rest/record/v1/account/428/subsidiary'}]}",,,"{'id': 'AVERAGE', 'refName': 'Average'}",,False,"{'id': 'AVERAGE', 'refName': 'Average'}",,False,,64103,,"{'links': [{'rel': 'self', 'href': 'https://7399703.suitetalk.api.netsuite.com/services/rest/record/v1/account/425'}], 'id': '425', 'refName': '64183 G&A Payroll Expense'}",
"{'links': [{'rel': 'self', 'href': 'https://7399703.suitetalk.api.netsuite.com/services/rest/record/v1/account/429/accountContextSearch'}]}",Bonuses,64104,"{'id': 'Expense', 'refName': 'Expense'}",False,False,False,429,True,False,False,False,2022-04-25T19:52:00Z,"{'links': [{'rel': 'self', 'href': 'https://7399703.suitetalk.api.netsuite.com/services/rest/record/v1/account/429/localizations'}]}","{'links': [{'rel': 'self', 'href': 'https://7399703.suitetalk.api.netsuite.com/services/rest/record/v1/account/429/subsidiary'}]}",,,"{'id': 'AVERAGE', 'refName': 'Average'}",,False,"{'id': 'AVERAGE', 'refName': 'Average'}",,False,,64104,,"{'links': [{'rel': 'self', 'href': 'https://7399703.suitetalk.api.netsuite.com/services/rest/record/v1/account/425'}], 'id': '425', 'refName': '64183 G&A Payroll Expense'}",
"{'links': [{'rel': 'self', 'href': 'https://7399703.suitetalk.api.netsuite.com/services/rest/record/v1/account/430/accountContextSearch'}]}",Payroll Taxes,64105,"{'id': 'Expense', 'refName': 'Expense'}",False,False,False,430,True,False,False,False,2022-04-25T19:52:00Z,"{'links': [{'rel': 'self', 'href': 'https://7399703.suitetalk.api.netsuite.com/services/rest/record/v1/account/430/localizations'}]}","{'links': [{'rel': 'self', 'href': 'https://7399703.suitetalk.api.netsuite.com/services/rest/record/v1/account/430/subsidiary'}]}",,,"{'id': 'AVERAGE', 'refName': 'Average'}",,False,"{'id': 'AVERAGE', 'refName': 'Average'}",,False,,64105,,"{'links': [{'rel': 'self', 'href': 'https://7399703.suitetalk.api.netsuite.com/services/rest/record/v1/account/425'}], 'id': '425', 'refName': '64183 G&A Payroll Expense'}",
"{'links': [{'rel': 'self', 'href': 'https://7399703.suitetalk.api.netsuite.com/services/rest/record/v1/account/431/accountContextSearch'}]}",401k (Employer Match),64106,"{'id': 'Expense', 'refName': 'Expense'}",False,False,False,431,True,False,False,False,2022-04-25T19:52:00Z,"{'links': [{'rel': 'self', 'href': 'https://7399703.suitetalk.api.netsuite.com/services/rest/record/v1/account/431/localizations'}]}","{'links': [{'rel': 'self', 'href': 'https://7399703.suitetalk.api.netsuite.com/services/rest/record/v1/account/431/subsidiary'}]}",,,"{'id': 'AVERAGE', 'refName': 'Average'}",,False,"{'id': 'AVERAGE', 'refName': 'Average'}",,False,,64106,,"{'links': [{'rel': 'self', 'href': 'https://7399703.suitetalk.api.netsuite.com/services/rest/record/v1/account/425'}], 'id': '425', 'refName': '64183 G&A Payroll Expense'}",
"{'links': [{'rel': 'self', 'href': 'https://7399703.suitetalk.api.netsuite.com/services/rest/record/v1/account/432/accountContextSearch'}]}",Health Insurance,64107,"{'id': 'Expense', 'refName': 'Expense'}",False,False,False,432,True,False,False,False,2022-04-25T19:52:00Z,"{'links': [{'rel': 'self', 'href': 'https://7399703.suitetalk.api.netsuite.com/services/rest/record/v1/account/432/localizations'}]}","{'links': [{'rel': 'self', 'href': 'https://7399703.suitetalk.api.netsuite.com/services/rest/record/v1/account/432/subsidiary'}]}",,,"{'id': 'AVERAGE', 'refName': 'Average'}",,False,"{'id': 'AVERAGE', 'refName': 'Average'}",,False,,64107,,"{'links': [{'rel': 'self', 'href': 'https://7399703.suitetalk.api.netsuite.com/services/rest/record/v1/account/425'}], 'id': '425', 'refName': '64183 G&A Payroll Expense'}",
"{'links': [{'rel': 'self', 'href': 'https://7399703.suitetalk.api.netsuite.com/services/rest/record/v1/account/433/accountContextSearch'}]}",Payroll Processing Fees,64108,"{'id': 'Expense', 'refName': 'Expense'}",False,False,False,433,True,False,False,False,2022-04-25T19:52:00Z,"{'links': [{'rel': 'self', 'href': 'https://7399703.suitetalk.api.netsuite.com/services/rest/record/v1/account/433/localizations'}]}","{'links': [{'rel': 'self', 'href': 'https://7399703.suitetalk.api.netsuite.com/services/rest/record/v1/account/433/subsidiary'}]}",,,"{'id': 'AVERAGE', 'refName': 'Average'}",,False,"{'id': 'AVERAGE', 'refName': 'Average'}",,False,,64108,,"{'links': [{'rel': 'self', 'href': 'https://7399703.suitetalk.api.netsuite.com/services/rest/record/v1/account/425'}], 'id': '425', 'refName': '64183 G&A Payroll Expense'}",
"{'links': [{'rel': 'self', 'href': 'https://7399703.suitetalk.api.netsuite.com/services/rest/record/v1/account/402/accountContextSearch'}]}",Indirect Advertising & Marketing Expense,64109,"{'id': 'Expense', 'refName': 'Expense'}",False,False,False,402,True,False,False,False,2022-04-25T19:52:00Z,"{'links': [{'rel': 'self', 'href': 'https://7399703.suitetalk.api.netsuite.com/services/rest/record/v1/account/402/localizations'}]}","{'links': [{'rel': 'self', 'href': 'https://7399703.suitetalk.api.netsuite.com/services/rest/record/v1/account/402/subsidiary'}]}",,,"{'id': 'AVERAGE', 'refName': 'Average'}",,False,"{'id': 'AVERAGE', 'refName': 'Average'}",,False,,64109,,,
"{'links': [{'rel': 'self', 'href': 'https://7399703.suitetalk.api.netsuite.com/services/rest/record/v1/account/403/accountContextSearch'}]}",Automobile Expense,64110,"{'id': 'Expense', 'refName': 'Expense'}",False,False,False,403,True,False,False,False,2022-04-25T19:51:00Z,"{'links': [{'rel': 'self', 'href': 'https://7399703.suitetalk.api.netsuite.com/services/rest/record/v1/account/403/localizations'}]}","{'links': [{'rel': 'self', 'href': 'https://7399703.suitetalk.api.netsuite.com/services/rest/record/v1/account/403/subsidiary'}]}",,,"{'id': 'AVERAGE', 'refName': 'Average'}",,False,"{'id': 'AVERAGE', 'refName': 'Average'}",,False,,64110,,,
"{'links': [{'rel': 'self', 'href': 'https://7399703.suitetalk.api.netsuite.com/services/rest/record/v1/account/2032/accountContextSearch'}]}",Direct Advertising and Marketing Expense,64111,"{'id': 'Expense', 'refName': 'Expense'}",False,False,False,2032,True,False,False,False,2023-07-12T16:56:00Z,"{'links': [{'rel': 'self', 'href': 'https://7399703.suitetalk.api.netsuite.com/services/rest/record/v1/account/2032/localizations'}]}","{'links': [{'rel': 'self', 'href': 'https://7399703.suitetalk.api.netsuite.com/services/rest/record/v1/account/2032/subsidiary'}]}",,,"{'id': 'AVERAGE', 'refName': 'Average'}",,False,"{'id': 'AVERAGE', 'refName': 'Average'}",,False,,,,,
"{'links': [{'rel': 'self', 'href': 'https://7399703.suitetalk.api.netsuite.com/services/rest/record/v1/account/221/accountContextSearch'}]}",Accounting/Tax Professional Fees,64115,"{'id': 'Expense', 'refName': 'Expense'}",False,False,False,221,True,False,False,False,2022-04-25T19:51:00Z,"{'links': [{'rel': 'self', 'href': 'https://7399703.suitetalk.api.netsuite.com/services/rest/record/v1/account/221/localizations'}]}","{'links': [{'rel': 'self', 'href': 'https://7399703.suitetalk.api.netsuite.com/services/rest/record/v1/account/221/subsidiary'}]}",,,"{'id': 'AVERAGE', 'refName': 'Average'}",,False,"{'id': 'AVERAGE', 'refName': 'Average'}",,False,,64115,,,
"{'links': [{'rel': 'self', 'href': 'https://7399703.suitetalk.api.netsuite.com/services/rest/record/v1/account/404/accountContextSearch'}]}",Bank Service Charges,64120,"{'id': 'Expense', 'refName': 'Expense'}",False,False,False,404,True,False,False,False,2022-04-25T19:51:00Z,"{'links': [{'rel': 'self', 'href': 'https://7399703.suitetalk.api.netsuite.com/services/rest/record/v1/account/404/localizations'}]}","{'links': [{'rel': 'self', 'href': 'https://7399703.suitetalk.api.netsuite.com/services/rest/record/v1/account/404/subsidiary'}]}",,,"{'id': 'AVERAGE', 'refName': 'Average'}",,False,"{'id': 'AVERAGE', 'refName': 'Average'}",,False,,64120,,,
"{'links': [{'rel': 'self', 'href': 'https://7399703.suitetalk.api.netsuite.com/services/rest/record/v1/account/405/accountContextSearch'}]}",Business License/Permit Expense,64125,"{'id': 'Expense', 'refName': 'Expense'}",False,False,False,405,True,False,False,False,2022-04-25T19:51:00Z,"{'links': [{'rel': 'self', 'href': 'https://7399703.suitetalk.api.netsuite.com/services/rest/record/v1/account/405/localizations'}]}","{'links': [{'rel': 'self', 'href': 'https://7399703.suitetalk.api.netsuite.com/services/rest/record/v1/account/405/subsidiary'}]}",,,"{'id': 'AVERAGE', 'refName': 'Average'}",,False,"{'id': 'AVERAGE', 'refName': 'Average'}",,False,,64125,,,
"{'links': [{'rel': 'self', 'href': 'https://7399703.suitetalk.api.netsuite.com/services/rest/record/v1/account/406/accountContextSearch'}]}",Computer/Software Expense,64130,"{'id': 'Expense', 'refName': 'Expense'}",False,False,False,406,True,False,False,False,2022-04-25T19:51:00Z,"{'links': [{'rel': 'self', 'href': 'https://7399703.suitetalk.api.netsuite.com/services/rest/record/v1/account/406/localizations'}]}","{'links': [{'rel': 'self', 'href': 'https://7399703.suitetalk.api.netsuite.com/services/rest/record/v1/account/406/subsidiary'}]}",,,"{'id': 'AVERAGE', 'refName': 'Average'}",,False,"{'id': 'AVERAGE', 'refName': 'Average'}",,False,,64130,,,
"{'links': [{'rel': 'self', 'href': 'https://7399703.suitetalk.api.netsuite.com/services/rest/record/v1/account/407/accountContextSearch'}]}",Contract & Consulting,64135,"{'id': 'Expense', 'refName': 'Expense'}",False,False,False,407,True,False,False,False,2022-04-25T19:52:00Z,"{'links': [{'rel': 'self', 'href': 'https://7399703.suitetalk.api.netsuite.com/services/rest/record/v1/account/407/localizations'}]}","{'links': [{'rel': 'self', 'href': 'https://7399703.suitetalk.api.netsuite.com/services/rest/record/v1/account/407/subsidiary'}]}",,,"{'id': 'AVERAGE', 'refName': 'Average'}",,False,"{'id': 'AVERAGE', 'refName': 'Average'}",,False,,64135,,,
"{'links': [{'rel': 'self', 'href': 'https://7399703.suitetalk.api.netsuite.com/services/rest/record/v1/account/408/accountContextSearch'}]}",Gifts,64136,"{'id': 'Expense', 'refName': 'Expense'}",False,False,False,408,True,False,False,False,2022-04-25T19:52:00Z,"{'links': [{'rel': 'self', 'href': 'https://7399703.suitetalk.api.netsuite.com/services/rest/record/v1/account/408/localizations'}]}","{'links': [{'rel': 'self', 'href': 'https://7399703.suitetalk.api.netsuite.com/services/rest/record/v1/account/408/subsidiary'}]}",,,"{'id': 'AVERAGE', 'refName': 'Average'}",,False,"{'id': 'AVERAGE', 'refName': 'Average'}",,False,,64136,,,
"{'links': [{'rel': 'self', 'href': 'https://7399703.suitetalk.api.netsuite.com/services/rest/record/v1/account/409/accountContextSearch'}]}",Client Gift,64137,"{'id': 'Expense', 'refName': 'Expense'}",False,False,False,409,True,False,False,False,2022-05-05T20:57:00Z,"{'links': [{'rel': 'self', 'href': 'https://7399703.suitetalk.api.netsuite.com/services/rest/record/v1/account/409/localizations'}]}","{'links': [{'rel': 'self', 'href': 'https://7399703.suitetalk.api.netsuite.com/services/rest/record/v1/account/409/subsidiary'}]}",,,"{'id': 'AVERAGE', 'refName': 'Average'}",,False,"{'id': 'AVERAGE', 'refName': 'Average'}",,False,,64137,,,
"{'links': [{'rel': 'self', 'href': 'https://7399703.suitetalk.api.netsuite.com/services/rest/record/v1/account/410/accountContextSearch'}]}",Holiday Gifts,64138,"{'id': 'Expense', 'refName': 'Expense'}",False,False,False,410,True,False,False,False,2022-05-05T20:57:00Z,"{'links': [{'rel': 'self', 'href': 'https://7399703.suitetalk.api.netsuite.com/services/rest/record/v1/account/410/localizations'}]}","{'links': [{'rel': 'self', 'href': 'https://7399703.suitetalk.api.netsuite.com/services/rest/record/v1/account/410/subsidiary'}]}",,,"{'id': 'AVERAGE', 'refName': 'Average'}",,False,"{'id': 'AVERAGE', 'refName': 'Average'}",,False,,64138,,,
"{'links': [{'rel': 'self', 'href': 'https://7399703.suitetalk.api.netsuite.com/services/rest/record/v1/account/411/accountContextSearch'}]}",Surgery Center Gifts,64139,"{'id': 'Expense', 'refName': 'Expense'}",False,False,False,411,True,False,False,False,2022-05-05T20:57:00Z,"{'links': [{'rel': 'self', 'href': 'https://7399703.suitetalk.api.netsuite.com/services/rest/record/v1/account/411/localizations'}]}","{'links': [{'rel': 'self', 'href': 'https://7399703.suitetalk.api.netsuite.com/services/rest/record/v1/account/411/subsidiary'}]}",,,"{'id': 'AVERAGE', 'refName': 'Average'}",,False,"{'id': 'AVERAGE', 'refName': 'Average'}",,False,,64139,,,
"{'links': [{'rel': 'self', 'href': 'https://7399703.suitetalk.api.netsuite.com/services/rest/record/v1/account/412/accountContextSearch'}]}",Donations,64140,"{'id': 'Expense', 'refName': 'Expense'}",False,False,False,412,True,False,False,False,2022-04-25T19:52:00Z,"{'links': [{'rel': 'self', 'href': 'https://7399703.suitetalk.api.netsuite.com/services/rest/record/v1/account/412/localizations'}]}","{'links': [{'rel': 'self', 'href': 'https://7399703.suitetalk.api.netsuite.com/services/rest/record/v1/account/412/subsidiary'}]}",,,"{'id': 'AVERAGE', 'refName': 'Average'}",,False,"{'id': 'AVERAGE', 'refName': 'Average'}",,False,,64140,,,
"{'links': [{'rel': 'self', 'href': 'https://7399703.suitetalk.api.netsuite.com/services/rest/record/v1/account/413/accountContextSearch'}]}",Dues & Subscriptions,64145,"{'id': 'Expense', 'refName': 'Expense'}",False,False,False,413,True,False,False,False,2022-04-25T19:52:00Z,"{'links': [{'rel': 'self', 'href': 'https://7399703.suitetalk.api.netsuite.com/services/rest/record/v1/account/413/localizations'}]}","{'links': [{'rel': 'self', 'href': 'https://7399703.suitetalk.api.netsuite.com/services/rest/record/v1/account/413/subsidiary'}]}",,,"{'id': 'AVERAGE', 'refName': 'Average'}",,False,"{'id': 'AVERAGE', 'refName': 'Average'}",,False,,64145,,,
"{'links': [{'rel': 'self', 'href': 'https://7399703.suitetalk.api.netsuite.com/services/rest/record/v1/account/414/accountContextSearch'}]}",Company Entertainment,64150,"{'id': 'Expense', 'refName': 'Expense'}",False,False,False,414,True,False,False,False,2022-04-25T19:51:00Z,"{'links': [{'rel': 'self', 'href': 'https://7399703.suitetalk.api.netsuite.com/services/rest/record/v1/account/414/localizations'}]}","{'links': [{'rel': 'self', 'href': 'https://7399703.suitetalk.api.netsuite.com/services/rest/record/v1/account/414/subsidiary'}]}",,,"{'id': 'AVERAGE', 'refName': 'Average'}",,False,"{'id': 'AVERAGE', 'refName': 'Average'}",,False,,64150,,,
"{'links': [{'rel': 'self', 'href': 'https://7399703.suitetalk.api.netsuite.com/services/rest/record/v1/account/415/accountContextSearch'}]}",Insurance Expense,64155,"{'id': 'Expense', 'refName': 'Expense'}",False,False,False,415,True,False,False,False,2022-04-25T19:52:00Z,"{'links': [{'rel': 'self', 'href': 'https://7399703.suitetalk.api.netsuite.com/services/rest/record/v1/account/415/localizations'}]}","{'links': [{'rel': 'self', 'href': 'https://7399703.suitetalk.api.netsuite.com/services/rest/record/v1/account/415/subsidiary'}]}",,,"{'id': 'AVERAGE', 'refName': 'Average'}",,False,"{'id': 'AVERAGE', 'refName': 'Average'}",,False,,64155,,,
"{'links': [{'rel': 'self', 'href': 'https://7399703.suitetalk.api.netsuite.com/services/rest/record/v1/account/416/accountContextSearch'}]}",IT Service Expense,64160,"{'id': 'Expense', 'refName': 'Expense'}",False,False,False,416,True,False,False,False,2022-04-25T19:52:00Z,"{'links': [{'rel': 'self', 'href': 'https://7399703.suitetalk.api.netsuite.com/services/rest/record/v1/account/416/localizations'}]}","{'links': [{'rel': 'self', 'href': 'https://7399703.suitetalk.api.netsuite.com/services/rest/record/v1/account/416/subsidiary'}]}",,,"{'id': 'AVERAGE', 'refName': 'Average'}",,False,"{'id': 'AVERAGE', 'refName': 'Average'}",,False,,64160,,,
"{'links': [{'rel': 'self', 'href': 'https://7399703.suitetalk.api.netsuite.com/services/rest/record/v1/account/2051/accountContextSearch'}]}",Service Contract - Admin,64161,"{'id': 'Expense', 'refName': 'Expense'}",False,False,False,2051,True,False,False,False,2023-09-15T14:14:00Z,"{'links': [{'rel': 'self', 'href': 'https://7399703.suitetalk.api.netsuite.com/services/rest/record/v1/account/2051/localizations'}]}","{'links': [{'rel': 'self', 'href': 'https://7399703.suitetalk.api.netsuite.com/services/rest/record/v1/account/2051/subsidiary'}]}",,,"{'id': 'AVERAGE', 'refName': 'Average'}",,False,"{'id': 'AVERAGE', 'refName': 'Average'}",,False,,,,,
"{'links': [{'rel': 'self', 'href': 'https://7399703.suitetalk.api.netsuite.com/services/rest/record/v1/account/417/accountContextSearch'}]}",Janitorial Expense,64165,"{'id': 'Expense', 'refName': 'Expense'}",False,False,False,417,True,False,False,False,2025-01-31T15:06:00Z,"{'links': [{'rel': 'self', 'href': 'https://7399703.suitetalk.api.netsuite.com/services/rest/record/v1/account/417/localizations'}]}","{'links': [{'rel': 'self', 'href': 'https://7399703.suitetalk.api.netsuite.com/services/rest/record/v1/account/417/subsidiary'}]}",,,"{'id': 'AVERAGE', 'refName': 'Average'}",,False,"{'id': 'AVERAGE', 'refName': 'Average'}",,False,,64165,,,
"{'links': [{'rel': 'self', 'href': 'https://7399703.suitetalk.api.netsuite.com/services/rest/record/v1/account/418/accountContextSearch'}]}",Legal Fees,64170,"{'id': 'Expense', 'refName': 'Expense'}",False,False,False,418,True,False,False,False,2023-01-20T20:03:00Z,"{'links': [{'rel': 'self', 'href': 'https://7399703.suitetalk.api.netsuite.com/services/rest/record/v1/account/418/localizations'}]}","{'links': [{'rel': 'self', 'href': 'https://7399703.suitetalk.api.netsuite.com/services/rest/record/v1/account/418/subsidiary'}]}",,,"{'id': 'AVERAGE', 'refName': 'Average'}",,False,"{'id': 'AVERAGE', 'refName': 'Average'}",,False,,64170,,,
"{'links': [{'rel': 'self', 'href': 'https://7399703.suitetalk.api.netsuite.com/services/rest/record/v1/account/419/accountContextSearch'}]}",Meals,64175,"{'id': 'Expense', 'refName': 'Expense'}",False,False,False,419,True,False,False,False,2022-04-25T19:52:00Z,"{'links': [{'rel': 'self', 'href': 'https://7399703.suitetalk.api.netsuite.com/services/rest/record/v1/account/419/localizations'}]}","{'links': [{'rel': 'self', 'href': 'https://7399703.suitetalk.api.netsuite.com/services/rest/record/v1/account/419/subsidiary'}]}",,,"{'id': 'AVERAGE', 'refName': 'Average'}",,False,"{'id': 'AVERAGE', 'refName': 'Average'}",,False,,64175,,,
"{'links': [{'rel': 'self', 'href': 'https://7399703.suitetalk.api.netsuite.com/services/rest/record/v1/account/420/accountContextSearch'}]}",Employee Group Meals,64176,"{'id': 'Expense', 'refName': 'Expense'}",False,False,False,420,True,False,False,False,2022-04-25T19:52:00Z,"{'links': [{'rel': 'self', 'href': 'https://7399703.suitetalk.api.netsuite.com/services/rest/record/v1/account/420/localizations'}]}","{'links': [{'rel': 'self', 'href': 'https://7399703.suitetalk.api.netsuite.com/services/rest/record/v1/account/420/subsidiary'}]}",,,"{'id': 'AVERAGE', 'refName': 'Average'}",,False,"{'id': 'AVERAGE', 'refName': 'Average'}",,False,,64176,,"{'links': [{'rel': 'self', 'href': 'https://7399703.suitetalk.api.netsuite.com/services/rest/record/v1/account/419'}], 'id': '419', 'refName': '64175 Meals'}",
"{'links': [{'rel': 'self', 'href': 'https://7399703.suitetalk.api.netsuite.com/services/rest/record/v1/account/421/accountContextSearch'}]}",Other Office Meals,64177,"{'id': 'Expense', 'refName': 'Expense'}",False,False,False,421,True,False,False,False,2022-04-25T19:52:00Z,"{'links': [{'rel': 'self', 'href': 'https://7399703.suitetalk.api.netsuite.com/services/rest/record/v1/account/421/localizations'}]}","{'links': [{'rel': 'self', 'href': 'https://7399703.suitetalk.api.netsuite.com/services/rest/record/v1/account/421/subsidiary'}]}",,,"{'id': 'AVERAGE', 'refName': 'Average'}",,False,"{'id': 'AVERAGE', 'refName': 'Average'}",,False,,64177,,,
"{'links': [{'rel': 'self', 'href': 'https://7399703.suitetalk.api.netsuite.com/services/rest/record/v1/account/422/accountContextSearch'}]}",Office Supplies Expense,64180,"{'id': 'Expense', 'refName': 'Expense'}",False,False,False,422,True,False,False,False,2022-04-25T19:52:00Z,"{'links': [{'rel': 'self', 'href': 'https://7399703.suitetalk.api.netsuite.com/services/rest/record/v1/account/422/localizations'}]}","{'links': [{'rel': 'self', 'href': 'https://7399703.suitetalk.api.netsuite.com/services/rest/record/v1/account/422/subsidiary'}]}",,,"{'id': 'AVERAGE', 'refName': 'Average'}",,False,"{'id': 'AVERAGE', 'refName': 'Average'}",,False,,64180,,,
"{'links': [{'rel': 'self', 'href': 'https://7399703.suitetalk.api.netsuite.com/services/rest/record/v1/account/423/accountContextSearch'}]}",Other Office Expenses,64181,"{'id': 'Expense', 'refName': 'Expense'}",False,False,False,423,True,False,False,False,2022-04-25T19:52:00Z,"{'links': [{'rel': 'self', 'href': 'https://7399703.suitetalk.api.netsuite.com/services/rest/record/v1/account/423/localizations'}]}","{'links': [{'rel': 'self', 'href': 'https://7399703.suitetalk.api.netsuite.com/services/rest/record/v1/account/423/subsidiary'}]}",,,"{'id': 'AVERAGE', 'refName': 'Average'}",,False,"{'id': 'AVERAGE', 'refName': 'Average'}",,False,,64181,,,
"{'links': [{'rel': 'self', 'href': 'https://7399703.suitetalk.api.netsuite.com/services/rest/record/v1/account/424/accountContextSearch'}]}",Other State & Local Taxes,64182,"{'id': 'Expense', 'refName': 'Expense'}",False,False,False,424,True,False,False,False,2022-04-25T19:52:00Z,"{'links': [{'rel': 'self', 'href': 'https://7399703.suitetalk.api.netsuite.com/services/rest/record/v1/account/424/localizations'}]}","{'links': [{'rel': 'self', 'href': 'https://7399703.suitetalk.api.netsuite.com/services/rest/record/v1/account/424/subsidiary'}]}",,,"{'id': 'AVERAGE', 'refName': 'Average'}",,False,"{'id': 'AVERAGE', 'refName': 'Average'}",,False,,64182,,,
"{'links': [{'rel': 'self', 'href': 'https://7399703.suitetalk.api.netsuite.com/services/rest/record/v1/account/425/accountContextSearch'}]}",G&A Payroll Expense,64183,"{'id': 'Expense', 'refName': 'Expense'}",False,False,False,425,True,False,False,False,2022-04-25T19:52:00Z,"{'links': [{'rel': 'self', 'href': 'https://7399703.suitetalk.api.netsuite.com/services/rest/record/v1/account/425/localizations'}]}","{'links': [{'rel': 'self', 'href': 'https://7399703.suitetalk.api.netsuite.com/services/rest/record/v1/account/425/subsidiary'}]}",,,"{'id': 'AVERAGE', 'refName': 'Average'}",,False,"{'id': 'AVERAGE', 'refName': 'Average'}",,False,,64183,,,
"{'links': [{'rel': 'self', 'href': 'https://7399703.suitetalk.api.netsuite.com/services/rest/record/v1/account/434/accountContextSearch'}]}",Postage Expense,64220,"{'id': 'Expense', 'refName': 'Expense'}",False,False,False,434,True,False,False,False,2022-04-25T19:53:00Z,"{'links': [{'rel': 'self', 'href': 'https://7399703.suitetalk.api.netsuite.com/services/rest/record/v1/account/434/localizations'}]}","{'links': [{'rel': 'self', 'href': 'https://7399703.suitetalk.api.netsuite.com/services/rest/record/v1/account/434/subsidiary'}]}",,,"{'id': 'AVERAGE', 'refName': 'Average'}",,False,"{'id': 'AVERAGE', 'refName': 'Average'}",,False,,64220,,,
"{'links': [{'rel': 'self', 'href': 'https://7399703.suitetalk.api.netsuite.com/services/rest/record/v1/account/435/accountContextSearch'}]}",Recruiting/Employment Service Expense,64225,"{'id': 'Expense', 'refName': 'Expense'}",False,False,False,435,True,False,False,False,2022-04-25T19:53:00Z,"{'links': [{'rel': 'self', 'href': 'https://7399703.suitetalk.api.netsuite.com/services/rest/record/v1/account/435/localizations'}]}","{'links': [{'rel': 'self', 'href': 'https://7399703.suitetalk.api.netsuite.com/services/rest/record/v1/account/435/subsidiary'}]}",,,"{'id': 'AVERAGE', 'refName': 'Average'}",,False,"{'id': 'AVERAGE', 'refName': 'Average'}",,False,,64225,,,
"{'links': [{'rel': 'self', 'href': 'https://7399703.suitetalk.api.netsuite.com/services/rest/record/v1/account/436/accountContextSearch'}]}",Rent/Office Lease Expense,64230,"{'id': 'Expense', 'refName': 'Expense'}",False,False,False,436,True,False,False,False,2022-04-25T19:53:00Z,"{'links': [{'rel': 'self', 'href': 'https://7399703.suitetalk.api.netsuite.com/services/rest/record/v1/account/436/localizations'}]}","{'links': [{'rel': 'self', 'href': 'https://7399703.suitetalk.api.netsuite.com/services/rest/record/v1/account/436/subsidiary'}]}",,,"{'id': 'AVERAGE', 'refName': 'Average'}",,False,"{'id': 'AVERAGE', 'refName': 'Average'}",,False,,64230,,,
"{'links': [{'rel': 'self', 'href': 'https://7399703.suitetalk.api.netsuite.com/services/rest/record/v1/account/2049/accountContextSearch'}]}",Equipment & Supply Rental,64231,"{'id': 'Expense', 'refName': 'Expense'}",False,False,False,2049,True,False,False,False,2023-09-15T14:09:00Z,"{'links': [{'rel': 'self', 'href': 'https://7399703.suitetalk.api.netsuite.com/services/rest/record/v1/account/2049/localizations'}]}","{'links': [{'rel': 'self', 'href': 'https://7399703.suitetalk.api.netsuite.com/services/rest/record/v1/account/2049/subsidiary'}]}",,,"{'id': 'AVERAGE', 'refName': 'Average'}",,False,"{'id': 'AVERAGE', 'refName': 'Average'}",,False,,,,,
"{'links': [{'rel': 'self', 'href': 'https://7399703.suitetalk.api.netsuite.com/services/rest/record/v1/account/2050/accountContextSearch'}]}",Equipment Maintenance,64232,"{'id': 'Expense', 'refName': 'Expense'}",False,False,False,2050,True,False,False,False,2023-09-15T14:10:00Z,"{'links': [{'rel': 'self', 'href': 'https://7399703.suitetalk.api.netsuite.com/services/rest/record/v1/account/2050/localizations'}]}","{'links': [{'rel': 'self', 'href': 'https://7399703.suitetalk.api.netsuite.com/services/rest/record/v1/account/2050/subsidiary'}]}",,,"{'id': 'AVERAGE', 'refName': 'Average'}",,False,"{'id': 'AVERAGE', 'refName': 'Average'}",,False,,,,,
"{'links': [{'rel': 'self', 'href': 'https://7399703.suitetalk.api.netsuite.com/services/rest/record/v1/account/437/accountContextSearch'}]}",Repair and Maintenance Expense,64235,"{'id': 'Expense', 'refName': 'Expense'}",False,False,False,437,True,False,False,False,2022-04-25T19:53:00Z,"{'links': [{'rel': 'self', 'href': 'https://7399703.suitetalk.api.netsuite.com/services/rest/record/v1/account/437/localizations'}]}","{'links': [{'rel': 'self', 'href': 'https://7399703.suitetalk.api.netsuite.com/services/rest/record/v1/account/437/subsidiary'}]}",,,"{'id': 'AVERAGE', 'refName': 'Average'}",,False,"{'id': 'AVERAGE', 'refName': 'Average'}",,False,,64235,,,
"{'links': [{'rel': 'self', 'href': 'https://7399703.suitetalk.api.netsuite.com/services/rest/record/v1/account/438/accountContextSearch'}]}",Training/Education Expense,64240,"{'id': 'Expense', 'refName': 'Expense'}",False,False,False,438,True,False,False,False,2022-04-25T19:53:00Z,"{'links': [{'rel': 'self', 'href': 'https://7399703.suitetalk.api.netsuite.com/services/rest/record/v1/account/438/localizations'}]}","{'links': [{'rel': 'self', 'href': 'https://7399703.suitetalk.api.netsuite.com/services/rest/record/v1/account/438/subsidiary'}]}",,,"{'id': 'AVERAGE', 'refName': 'Average'}",,False,"{'id': 'AVERAGE', 'refName': 'Average'}",,False,,64240,,,
"{'links': [{'rel': 'self', 'href': 'https://7399703.suitetalk.api.netsuite.com/services/rest/record/v1/account/439/accountContextSearch'}]}",Travel Expense,64245,"{'id': 'Expense', 'refName': 'Expense'}",False,False,False,439,True,False,False,False,2022-04-25T19:53:00Z,"{'links': [{'rel': 'self', 'href': 'https://7399703.suitetalk.api.netsuite.com/services/rest/record/v1/account/439/localizations'}]}","{'links': [{'rel': 'self', 'href': 'https://7399703.suitetalk.api.netsuite.com/services/rest/record/v1/account/439/subsidiary'}]}",,,"{'id': 'AVERAGE', 'refName': 'Average'}",,False,"{'id': 'AVERAGE', 'refName': 'Average'}",,False,,64245,,,
"{'links': [{'rel': 'self', 'href': 'https://7399703.suitetalk.api.netsuite.com/services/rest/record/v1/account/440/accountContextSearch'}]}",Commercial Travel,64246,"{'id': 'Expense', 'refName': 'Expense'}",False,False,False,440,True,False,False,False,2022-04-25T19:53:00Z,"{'links': [{'rel': 'self', 'href': 'https://7399703.suitetalk.api.netsuite.com/services/rest/record/v1/account/440/localizations'}]}","{'links': [{'rel': 'self', 'href': 'https://7399703.suitetalk.api.netsuite.com/services/rest/record/v1/account/440/subsidiary'}]}",,,"{'id': 'AVERAGE', 'refName': 'Average'}",,False,"{'id': 'AVERAGE', 'refName': 'Average'}",,False,,64246,,"{'links': [{'rel': 'self', 'href': 'https://7399703.suitetalk.api.netsuite.com/services/rest/record/v1/account/439'}], 'id': '439', 'refName': '64245 Travel Expense'}",
"{'links': [{'rel': 'self', 'href': 'https://7399703.suitetalk.api.netsuite.com/services/rest/record/v1/account/441/accountContextSearch'}]}",Private Travel (old),64247,"{'id': 'Expense', 'refName': 'Expense'}",False,False,False,441,True,False,False,False,2024-04-15T20:45:00Z,"{'links': [{'rel': 'self', 'href': 'https://7399703.suitetalk.api.netsuite.com/services/rest/record/v1/account/441/localizations'}]}","{'links': [{'rel': 'self', 'href': 'https://7399703.suitetalk.api.netsuite.com/services/rest/record/v1/account/441/subsidiary'}]}",,,"{'id': 'AVERAGE', 'refName': 'Average'}",,False,"{'id': 'AVERAGE', 'refName': 'Average'}",,False,,64247,,"{'links': [{'rel': 'self', 'href': 'https://7399703.suitetalk.api.netsuite.com/services/rest/record/v1/account/439'}], 'id': '439', 'refName': '64245 Travel Expense'}",
"{'links': [{'rel': 'self', 'href': 'https://7399703.suitetalk.api.netsuite.com/services/rest/record/v1/account/442/accountContextSearch'}]}",Personal Meals,64248,"{'id': 'Expense', 'refName': 'Expense'}",False,False,False,442,True,False,False,False,2022-04-25T19:53:00Z,"{'links': [{'rel': 'self', 'href': 'https://7399703.suitetalk.api.netsuite.com/services/rest/record/v1/account/442/localizations'}]}","{'links': [{'rel': 'self', 'href': 'https://7399703.suitetalk.api.netsuite.com/services/rest/record/v1/account/442/subsidiary'}]}",,,"{'id': 'AVERAGE', 'refName': 'Average'}",,False,"{'id': 'AVERAGE', 'refName': 'Average'}",,False,,64248,,"{'links': [{'rel': 'self', 'href': 'https://7399703.suitetalk.api.netsuite.com/services/rest/record/v1/account/439'}], 'id': '439', 'refName': '64245 Travel Expense'}",
"{'links': [{'rel': 'self', 'href': 'https://7399703.suitetalk.api.netsuite.com/services/rest/record/v1/account/443/accountContextSearch'}]}",Meals with Clients,64249,"{'id': 'Expense', 'refName': 'Expense'}",False,False,False,443,True,False,False,False,2022-04-25T19:53:00Z,"{'links': [{'rel': 'self', 'href': 'https://7399703.suitetalk.api.netsuite.com/services/rest/record/v1/account/443/localizations'}]}","{'links': [{'rel': 'self', 'href': 'https://7399703.suitetalk.api.netsuite.com/services/rest/record/v1/account/443/subsidiary'}]}",,,"{'id': 'AVERAGE', 'refName': 'Average'}",,False,"{'id': 'AVERAGE', 'refName': 'Average'}",,False,,64249,,"{'links': [{'rel': 'self', 'href': 'https://7399703.suitetalk.api.netsuite.com/services/rest/record/v1/account/439'}], 'id': '439', 'refName': '64245 Travel Expense'}",
"{'links': [{'rel': 'self', 'href': 'https://7399703.suitetalk.api.netsuite.com/services/rest/record/v1/account/444/accountContextSearch'}]}",Utilities Expense,64250,"{'id': 'Expense', 'refName': 'Expense'}",False,False,False,444,True,False,False,False,2022-04-25T19:53:00Z,"{'links': [{'rel': 'self', 'href': 'https://7399703.suitetalk.api.netsuite.com/services/rest/record/v1/account/444/localizations'}]}","{'links': [{'rel': 'self', 'href': 'https://7399703.suitetalk.api.netsuite.com/services/rest/record/v1/account/444/subsidiary'}]}",,,"{'id': 'AVERAGE', 'refName': 'Average'}",,False,"{'id': 'AVERAGE', 'refName': 'Average'}",,False,,64250,,,
"{'links': [{'rel': 'self', 'href': 'https://7399703.suitetalk.api.netsuite.com/services/rest/record/v1/account/2774/accountContextSearch'}]}",Travel Expense (Reece),64251,"{'id': 'Expense', 'refName': 'Expense'}",False,False,False,2774,True,False,False,False,2025-01-31T14:37:00Z,"{'links': [{'rel': 'self', 'href': 'https://7399703.suitetalk.api.netsuite.com/services/rest/record/v1/account/2774/localizations'}]}","{'links': [{'rel': 'self', 'href': 'https://7399703.suitetalk.api.netsuite.com/services/rest/record/v1/account/2774/subsidiary'}]}",,,"{'id': 'AVERAGE', 'refName': 'Average'}",,False,"{'id': 'AVERAGE', 'refName': 'Average'}",,False,,,,"{'links': [{'rel': 'self', 'href': 'https://7399703.suitetalk.api.netsuite.com/services/rest/record/v1/account/439'}], 'id': '439', 'refName': '64245 Travel Expense'}",
"{'links': [{'rel': 'self', 'href': 'https://7399703.suitetalk.api.netsuite.com/services/rest/record/v1/account/2775/accountContextSearch'}]}",Travel Expense (Owl Creek),64252,"{'id': 'Expense', 'refName': 'Expense'}",False,False,False,2775,True,False,False,False,2025-01-31T14:38:00Z,"{'links': [{'rel': 'self', 'href': 'https://7399703.suitetalk.api.netsuite.com/services/rest/record/v1/account/2775/localizations'}]}","{'links': [{'rel': 'self', 'href': 'https://7399703.suitetalk.api.netsuite.com/services/rest/record/v1/account/2775/subsidiary'}]}",,,"{'id': 'AVERAGE', 'refName': 'Average'}",,False,"{'id': 'AVERAGE', 'refName': 'Average'}",,False,,,,"{'links': [{'rel': 'self', 'href': 'https://7399703.suitetalk.api.netsuite.com/services/rest/record/v1/account/439'}], 'id': '439', 'refName': '64245 Travel Expense'}",
"{'links': [{'rel': 'self', 'href': 'https://7399703.suitetalk.api.netsuite.com/services/rest/record/v1/account/445/accountContextSearch'}]}",Web Applications/SAAS,64255,"{'id': 'Expense', 'refName': 'Expense'}",False,False,False,445,True,False,False,False,2022-04-25T19:53:00Z,"{'links': [{'rel': 'self', 'href': 'https://7399703.suitetalk.api.netsuite.com/services/rest/record/v1/account/445/localizations'}]}","{'links': [{'rel': 'self', 'href': 'https://7399703.suitetalk.api.netsuite.com/services/rest/record/v1/account/445/subsidiary'}]}",,,"{'id': 'AVERAGE', 'refName': 'Average'}",,False,"{'id': 'AVERAGE', 'refName': 'Average'}",,False,,64255,,,
"{'links': [{'rel': 'self', 'href': 'https://7399703.suitetalk.api.netsuite.com/services/rest/record/v1/account/446/accountContextSearch'}]}",Management Service Fee Expense,64260,"{'id': 'OthExpense', 'refName': 'Other Expense'}",False,False,False,446,True,False,False,False,2022-04-25T19:52:00Z,"{'links': [{'rel': 'self', 'href': 'https://7399703.suitetalk.api.netsuite.com/services/rest/record/v1/account/446/localizations'}]}","{'links': [{'rel': 'self', 'href': 'https://7399703.suitetalk.api.netsuite.com/services/rest/record/v1/account/446/subsidiary'}]}",,,"{'id': 'AVERAGE', 'refName': 'Average'}",,False,"{'id': 'AVERAGE', 'refName': 'Average'}",,False,,64260,,,
"{'links': [{'rel': 'self', 'href': 'https://7399703.suitetalk.api.netsuite.com/services/rest/record/v1/account/447/accountContextSearch'}]}",Telephone/Internet,64265,"{'id': 'Expense', 'refName': 'Expense'}",False,False,False,447,True,False,False,False,2022-04-25T19:53:00Z,"{'links': [{'rel': 'self', 'href': 'https://7399703.suitetalk.api.netsuite.com/services/rest/record/v1/account/447/localizations'}]}","{'links': [{'rel': 'self', 'href': 'https://7399703.suitetalk.api.netsuite.com/services/rest/record/v1/account/447/subsidiary'}]}",,,"{'id': 'AVERAGE', 'refName': 'Average'}",,False,"{'id': 'AVERAGE', 'refName': 'Average'}",,False,,64265,,,
"{'links': [{'rel': 'self', 'href': 'https://7399703.suitetalk.api.netsuite.com/services/rest/record/v1/account/1132/accountContextSearch'}]}",Uncategorized Expense,64270,"{'id': 'Expense', 'refName': 'Expense'}",False,False,False,1132,True,False,False,False,2022-05-09T17:17:00Z,"{'links': [{'rel': 'self', 'href': 'https://7399703.suitetalk.api.netsuite.com/services/rest/record/v1/account/1132/localizations'}]}","{'links': [{'rel': 'self', 'href': 'https://7399703.suitetalk.api.netsuite.com/services/rest/record/v1/account/1132/subsidiary'}]}",,,"{'id': 'AVERAGE', 'refName': 'Average'}",,False,"{'id': 'AVERAGE', 'refName': 'Average'}",,False,,,,,
"{'links': [{'rel': 'self', 'href': 'https://7399703.suitetalk.api.netsuite.com/services/rest/record/v1/account/448/accountContextSearch'}]}",Interest Expense - IC,64275,"{'id': 'OthExpense', 'refName': 'Other Expense'}",False,False,False,448,True,False,False,False,2024-09-19T20:32:00Z,"{'links': [{'rel': 'self', 'href': 'https://7399703.suitetalk.api.netsuite.com/services/rest/record/v1/account/448/localizations'}]}","{'links': [{'rel': 'self', 'href': 'https://7399703.suitetalk.api.netsuite.com/services/rest/record/v1/account/448/subsidiary'}]}",,,"{'id': 'AVERAGE', 'refName': 'Average'}",,False,"{'id': 'AVERAGE', 'refName': 'Average'}",,False,,64275,,,
"{'links': [{'rel': 'self', 'href': 'https://7399703.suitetalk.api.netsuite.com/services/rest/record/v1/account/2614/accountContextSearch'}]}",Private Travel,64276,"{'id': 'OthExpense', 'refName': 'Other Expense'}",False,False,False,2614,True,False,False,False,2024-04-15T20:45:00Z,"{'links': [{'rel': 'self', 'href': 'https://7399703.suitetalk.api.netsuite.com/services/rest/record/v1/account/2614/localizations'}]}","{'links': [{'rel': 'self', 'href': 'https://7399703.suitetalk.api.netsuite.com/services/rest/record/v1/account/2614/subsidiary'}]}",,,"{'id': 'AVERAGE', 'refName': 'Average'}",,False,"{'id': 'AVERAGE', 'refName': 'Average'}",,False,,,,,
"{'links': [{'rel': 'self', 'href': 'https://7399703.suitetalk.api.netsuite.com/services/rest/record/v1/account/2757/accountContextSearch'}]}",Interest Expense - External,64277,"{'id': 'OthExpense', 'refName': 'Other Expense'}",False,False,False,2757,True,False,False,False,2024-09-19T20:30:00Z,"{'links': [{'rel': 'self', 'href': 'https://7399703.suitetalk.api.netsuite.com/services/rest/record/v1/account/2757/localizations'}]}","{'links': [{'rel': 'self', 'href': 'https://7399703.suitetalk.api.netsuite.com/services/rest/record/v1/account/2757/subsidiary'}]}",,,"{'id': 'AVERAGE', 'refName': 'Average'}",,False,"{'id': 'AVERAGE', 'refName': 'Average'}",,False,,,,,
"{'links': [{'rel': 'self', 'href': 'https://7399703.suitetalk.api.netsuite.com/services/rest/record/v1/account/449/accountContextSearch'}]}",Bad Debt Expense,64280,"{'id': 'Expense', 'refName': 'Expense'}",False,False,False,449,True,False,False,False,2022-04-25T19:51:00Z,"{'links': [{'rel': 'self', 'href': 'https://7399703.suitetalk.api.netsuite.com/services/rest/record/v1/account/449/localizations'}]}","{'links': [{'rel': 'self', 'href': 'https://7399703.suitetalk.api.netsuite.com/services/rest/record/v1/account/449/subsidiary'}]}",,,"{'id': 'AVERAGE', 'refName': 'Average'}",,False,"{'id': 'AVERAGE', 'refName': 'Average'}",,False,,64280,,,
"{'links': [{'rel': 'self', 'href': 'https://7399703.suitetalk.api.netsuite.com/services/rest/record/v1/account/450/accountContextSearch'}]}",Compliance Expense,64285,"{'id': 'Expense', 'refName': 'Expense'}",False,False,False,450,True,False,False,False,2022-04-25T19:51:00Z,"{'links': [{'rel': 'self', 'href': 'https://7399703.suitetalk.api.netsuite.com/services/rest/record/v1/account/450/localizations'}]}","{'links': [{'rel': 'self', 'href': 'https://7399703.suitetalk.api.netsuite.com/services/rest/record/v1/account/450/subsidiary'}]}",,,"{'id': 'AVERAGE', 'refName': 'Average'}",,False,"{'id': 'AVERAGE', 'refName': 'Average'}",,False,,64285,,,
"{'links': [{'rel': 'self', 'href': 'https://7399703.suitetalk.api.netsuite.com/services/rest/record/v1/account/1837/accountContextSearch'}]}",Lobbying Expense,64287,"{'id': 'Expense', 'refName': 'Expense'}",False,False,False,1837,True,False,False,False,2022-06-08T17:02:00Z,"{'links': [{'rel': 'self', 'href': 'https://7399703.suitetalk.api.netsuite.com/services/rest/record/v1/account/1837/localizations'}]}","{'links': [{'rel': 'self', 'href': 'https://7399703.suitetalk.api.netsuite.com/services/rest/record/v1/account/1837/subsidiary'}]}",,,"{'id': 'AVERAGE', 'refName': 'Average'}",,False,"{'id': 'AVERAGE', 'refName': 'Average'}",,False,,,,,
"{'links': [{'rel': 'self', 'href': 'https://7399703.suitetalk.api.netsuite.com/services/rest/record/v1/account/451/accountContextSearch'}]}",Business Development,64295,"{'id': 'Expense', 'refName': 'Expense'}",False,False,False,451,True,False,False,False,2022-04-25T19:51:00Z,"{'links': [{'rel': 'self', 'href': 'https://7399703.suitetalk.api.netsuite.com/services/rest/record/v1/account/451/localizations'}]}","{'links': [{'rel': 'self', 'href': 'https://7399703.suitetalk.api.netsuite.com/services/rest/record/v1/account/451/subsidiary'}]}",,,"{'id': 'AVERAGE', 'refName': 'Average'}",,False,"{'id': 'AVERAGE', 'refName': 'Average'}",,False,,64295,,,
"{'links': [{'rel': 'self', 'href': 'https://7399703.suitetalk.api.netsuite.com/services/rest/record/v1/account/2763/accountContextSearch'}]}",Client Gifts,64296,"{'id': 'Expense', 'refName': 'Expense'}",False,False,False,2763,True,False,False,False,2024-12-06T21:20:00Z,"{'links': [{'rel': 'self', 'href': 'https://7399703.suitetalk.api.netsuite.com/services/rest/record/v1/account/2763/localizations'}]}","{'links': [{'rel': 'self', 'href': 'https://7399703.suitetalk.api.netsuite.com/services/rest/record/v1/account/2763/subsidiary'}]}",,,"{'id': 'AVERAGE', 'refName': 'Average'}",,False,"{'id': 'AVERAGE', 'refName': 'Average'}",,False,,,,"{'links': [{'rel': 'self', 'href': 'https://7399703.suitetalk.api.netsuite.com/services/rest/record/v1/account/451'}], 'id': '451', 'refName': '64295 Business Development'}",
"{'links': [{'rel': 'self', 'href': 'https://7399703.suitetalk.api.netsuite.com/services/rest/record/v1/account/2764/accountContextSearch'}]}",Holiday Gifts,64297,"{'id': 'Expense', 'refName': 'Expense'}",False,False,False,2764,True,False,False,False,2024-12-06T21:20:00Z,"{'links': [{'rel': 'self', 'href': 'https://7399703.suitetalk.api.netsuite.com/services/rest/record/v1/account/2764/localizations'}]}","{'links': [{'rel': 'self', 'href': 'https://7399703.suitetalk.api.netsuite.com/services/rest/record/v1/account/2764/subsidiary'}]}",,,"{'id': 'AVERAGE', 'refName': 'Average'}",,False,"{'id': 'AVERAGE', 'refName': 'Average'}",,False,,,,"{'links': [{'rel': 'self', 'href': 'https://7399703.suitetalk.api.netsuite.com/services/rest/record/v1/account/451'}], 'id': '451', 'refName': '64295 Business Development'}",
"{'links': [{'rel': 'self', 'href': 'https://7399703.suitetalk.api.netsuite.com/services/rest/record/v1/account/2765/accountContextSearch'}]}",Other Office Meals,64298,"{'id': 'Expense', 'refName': 'Expense'}",False,False,False,2765,True,False,False,False,2024-12-06T21:22:00Z,"{'links': [{'rel': 'self', 'href': 'https://7399703.suitetalk.api.netsuite.com/services/rest/record/v1/account/2765/localizations'}]}","{'links': [{'rel': 'self', 'href': 'https://7399703.suitetalk.api.netsuite.com/services/rest/record/v1/account/2765/subsidiary'}]}",,,"{'id': 'AVERAGE', 'refName': 'Average'}",,False,"{'id': 'AVERAGE', 'refName': 'Average'}",,False,,,,"{'links': [{'rel': 'self', 'href': 'https://7399703.suitetalk.api.netsuite.com/services/rest/record/v1/account/451'}], 'id': '451', 'refName': '64295 Business Development'}",
"{'links': [{'rel': 'self', 'href': 'https://7399703.suitetalk.api.netsuite.com/services/rest/record/v1/account/2766/accountContextSearch'}]}",Indirect Advertising and Marketing Expense,64299,"{'id': 'Expense', 'refName': 'Expense'}",False,False,False,2766,True,False,False,False,2024-12-06T21:23:00Z,"{'links': [{'rel': 'self', 'href': 'https://7399703.suitetalk.api.netsuite.com/services/rest/record/v1/account/2766/localizations'}]}","{'links': [{'rel': 'self', 'href': 'https://7399703.suitetalk.api.netsuite.com/services/rest/record/v1/account/2766/subsidiary'}]}",,,"{'id': 'AVERAGE', 'refName': 'Average'}",,False,"{'id': 'AVERAGE', 'refName': 'Average'}",,False,,,,"{'links': [{'rel': 'self', 'href': 'https://7399703.suitetalk.api.netsuite.com/services/rest/record/v1/account/451'}], 'id': '451', 'refName': '64295 Business Development'}",
"{'links': [{'rel': 'self', 'href': 'https://7399703.suitetalk.api.netsuite.com/services/rest/record/v1/account/2718/accountContextSearch'}]}",OPEX Buffer,64300,"{'id': 'Expense', 'refName': 'Expense'}",False,False,False,2718,True,False,False,False,2024-05-13T16:24:00Z,"{'links': [{'rel': 'self', 'href': 'https://7399703.suitetalk.api.netsuite.com/services/rest/record/v1/account/2718/localizations'}]}","{'links': [{'rel': 'self', 'href': 'https://7399703.suitetalk.api.netsuite.com/services/rest/record/v1/account/2718/subsidiary'}]}",,,"{'id': 'AVERAGE', 'refName': 'Average'}",,False,"{'id': 'AVERAGE', 'refName': 'Average'}",,False,,,,,
"{'links': [{'rel': 'self', 'href': 'https://7399703.suitetalk.api.netsuite.com/services/rest/record/v1/account/452/accountContextSearch'}]}",Medical Records and Supplies,64400,"{'id': 'Expense', 'refName': 'Expense'}",False,False,False,452,True,False,False,False,2022-04-25T19:52:00Z,"{'links': [{'rel': 'self', 'href': 'https://7399703.suitetalk.api.netsuite.com/services/rest/record/v1/account/452/localizations'}]}","{'links': [{'rel': 'self', 'href': 'https://7399703.suitetalk.api.netsuite.com/services/rest/record/v1/account/452/subsidiary'}]}",,,"{'id': 'AVERAGE', 'refName': 'Average'}",,False,"{'id': 'AVERAGE', 'refName': 'Average'}",,False,,64400,,,
"{'links': [{'rel': 'self', 'href': 'https://7399703.suitetalk.api.netsuite.com/services/rest/record/v1/account/453/accountContextSearch'}]}",Sublease Rent,71100,"{'id': 'OthIncome', 'refName': 'Other Income'}",False,False,False,453,True,False,False,False,2022-04-25T19:53:00Z,"{'links': [{'rel': 'self', 'href': 'https://7399703.suitetalk.api.netsuite.com/services/rest/record/v1/account/453/localizations'}]}","{'links': [{'rel': 'self', 'href': 'https://7399703.suitetalk.api.netsuite.com/services/rest/record/v1/account/453/subsidiary'}]}",,,"{'id': 'AVERAGE', 'refName': 'Average'}",,False,"{'id': 'AVERAGE', 'refName': 'Average'}",,False,,71100,,,
"{'links': [{'rel': 'self', 'href': 'https://7399703.suitetalk.api.netsuite.com/services/rest/record/v1/account/454/accountContextSearch'}]}",Other Miscellaneous Income,71115,"{'id': 'OthIncome', 'refName': 'Other Income'}",False,False,False,454,True,False,False,False,2022-04-25T19:52:00Z,"{'links': [{'rel': 'self', 'href': 'https://7399703.suitetalk.api.netsuite.com/services/rest/record/v1/account/454/localizations'}]}","{'links': [{'rel': 'self', 'href': 'https://7399703.suitetalk.api.netsuite.com/services/rest/record/v1/account/454/subsidiary'}]}",,,"{'id': 'AVERAGE', 'refName': 'Average'}",,False,"{'id': 'AVERAGE', 'refName': 'Average'}",,False,,71115,,,
"{'links': [{'rel': 'self', 'href': 'https://7399703.suitetalk.api.netsuite.com/services/rest/record/v1/account/455/accountContextSearch'}]}",Gain/Loss on Collections,71120,"{'id': 'OthIncome', 'refName': 'Other Income'}",False,False,False,455,True,False,False,False,2022-04-25T19:52:00Z,"{'links': [{'rel': 'self', 'href': 'https://7399703.suitetalk.api.netsuite.com/services/rest/record/v1/account/455/localizations'}]}","{'links': [{'rel': 'self', 'href': 'https://7399703.suitetalk.api.netsuite.com/services/rest/record/v1/account/455/subsidiary'}]}",,,"{'id': 'AVERAGE', 'refName': 'Average'}",,False,"{'id': 'AVERAGE', 'refName': 'Average'}",,False,,71120,,,
"{'links': [{'rel': 'self', 'href': 'https://7399703.suitetalk.api.netsuite.com/services/rest/record/v1/account/456/accountContextSearch'}]}",Interest Income - IC,71125,"{'id': 'OthIncome', 'refName': 'Other Income'}",False,False,False,456,True,False,False,False,2024-09-19T20:31:00Z,"{'links': [{'rel': 'self', 'href': 'https://7399703.suitetalk.api.netsuite.com/services/rest/record/v1/account/456/localizations'}]}","{'links': [{'rel': 'self', 'href': 'https://7399703.suitetalk.api.netsuite.com/services/rest/record/v1/account/456/subsidiary'}]}",,,"{'id': 'AVERAGE', 'refName': 'Average'}",,False,"{'id': 'AVERAGE', 'refName': 'Average'}",,False,,71125,,,
"{'links': [{'rel': 'self', 'href': 'https://7399703.suitetalk.api.netsuite.com/services/rest/record/v1/account/2758/accountContextSearch'}]}",Interest Income - External,71126,"{'id': 'OthIncome', 'refName': 'Other Income'}",False,False,False,2758,True,False,False,False,2024-09-19T20:30:00Z,"{'links': [{'rel': 'self', 'href': 'https://7399703.suitetalk.api.netsuite.com/services/rest/record/v1/account/2758/localizations'}]}","{'links': [{'rel': 'self', 'href': 'https://7399703.suitetalk.api.netsuite.com/services/rest/record/v1/account/2758/subsidiary'}]}",,,"{'id': 'AVERAGE', 'refName': 'Average'}",,False,"{'id': 'AVERAGE', 'refName': 'Average'}",,False,,,,,
"{'links': [{'rel': 'self', 'href': 'https://7399703.suitetalk.api.netsuite.com/services/rest/record/v1/account/1838/accountContextSearch'}]}",Depreciation,72105,"{'id': 'OthExpense', 'refName': 'Other Expense'}",False,False,False,1838,True,False,False,False,2022-07-22T19:22:00Z,"{'links': [{'rel': 'self', 'href': 'https://7399703.suitetalk.api.netsuite.com/services/rest/record/v1/account/1838/localizations'}]}","{'links': [{'rel': 'self', 'href': 'https://7399703.suitetalk.api.netsuite.com/services/rest/record/v1/account/1838/subsidiary'}]}",,,"{'id': 'AVERAGE', 'refName': 'Average'}",,False,"{'id': 'AVERAGE', 'refName': 'Average'}",,False,,,,,
"{'links': [{'rel': 'self', 'href': 'https://7399703.suitetalk.api.netsuite.com/services/rest/record/v1/account/211/accountContextSearch'}]}",Amortization,72110,"{'id': 'DeferExpense', 'refName': 'Deferred Expense'}",False,False,False,211,True,False,False,False,2022-04-25T19:51:00Z,"{'links': [{'rel': 'self', 'href': 'https://7399703.suitetalk.api.netsuite.com/services/rest/record/v1/account/211/localizations'}]}","{'links': [{'rel': 'self', 'href': 'https://7399703.suitetalk.api.netsuite.com/services/rest/record/v1/account/211/subsidiary'}]}",,,"{'id': 'AVERAGE', 'refName': 'Average'}",,False,"{'id': 'CURRENT', 'refName': 'Current'}",,False,,72110,,,"{'id': 'DeferExpense', 'refName': 'DeferExpense'}"
"{'links': [{'rel': 'self', 'href': 'https://7399703.suitetalk.api.netsuite.com/services/rest/record/v1/account/457/accountContextSearch'}]}",Other Miscellaneous Expense,72115,"{'id': 'OthExpense', 'refName': 'Other Expense'}",False,False,False,457,True,False,False,False,2022-04-25T19:52:00Z,"{'links': [{'rel': 'self', 'href': 'https://7399703.suitetalk.api.netsuite.com/services/rest/record/v1/account/457/localizations'}]}","{'links': [{'rel': 'self', 'href': 'https://7399703.suitetalk.api.netsuite.com/services/rest/record/v1/account/457/subsidiary'}]}",,,"{'id': 'AVERAGE', 'refName': 'Average'}",,False,"{'id': 'AVERAGE', 'refName': 'Average'}",,False,,72115,,,
"{'links': [{'rel': 'self', 'href': 'https://7399703.suitetalk.api.netsuite.com/services/rest/record/v1/account/458/accountContextSearch'}]}",Insurance Expense (Captive),72120,"{'id': 'OthExpense', 'refName': 'Other Expense'}",False,False,False,458,True,False,False,False,2022-04-25T19:52:00Z,"{'links': [{'rel': 'self', 'href': 'https://7399703.suitetalk.api.netsuite.com/services/rest/record/v1/account/458/localizations'}]}","{'links': [{'rel': 'self', 'href': 'https://7399703.suitetalk.api.netsuite.com/services/rest/record/v1/account/458/subsidiary'}]}",,,"{'id': 'AVERAGE', 'refName': 'Average'}",,False,"{'id': 'AVERAGE', 'refName': 'Average'}",,False,,72120,,,
"{'links': [{'rel': 'self', 'href': 'https://7399703.suitetalk.api.netsuite.com/services/rest/record/v1/account/459/accountContextSearch'}]}",Reconciliation Discrepancies,72125,"{'id': 'OthExpense', 'refName': 'Other Expense'}",False,False,False,459,True,False,False,False,2022-04-25T19:53:00Z,"{'links': [{'rel': 'self', 'href': 'https://7399703.suitetalk.api.netsuite.com/services/rest/record/v1/account/459/localizations'}]}","{'links': [{'rel': 'self', 'href': 'https://7399703.suitetalk.api.netsuite.com/services/rest/record/v1/account/459/subsidiary'}]}",,,"{'id': 'AVERAGE', 'refName': 'Average'}",,False,"{'id': 'AVERAGE', 'refName': 'Average'}",,False,,72125,,,
"{'links': [{'rel': 'self', 'href': 'https://7399703.suitetalk.api.netsuite.com/services/rest/record/v1/account/460/accountContextSearch'}]}",FF&E Expense,72130,"{'id': 'OthExpense', 'refName': 'Other Expense'}",False,False,False,460,True,False,False,False,2022-04-25T19:52:00Z,"{'links': [{'rel': 'self', 'href': 'https://7399703.suitetalk.api.netsuite.com/services/rest/record/v1/account/460/localizations'}]}","{'links': [{'rel': 'self', 'href': 'https://7399703.suitetalk.api.netsuite.com/services/rest/record/v1/account/460/subsidiary'}]}",,,"{'id': 'AVERAGE', 'refName': 'Average'}",,False,"{'id': 'AVERAGE', 'refName': 'Average'}",,False,,72130,,,
"{'links': [{'rel': 'self', 'href': 'https://7399703.suitetalk.api.netsuite.com/services/rest/record/v1/account/461/accountContextSearch'}]}",Buildout Expense,72135,"{'id': 'OthExpense', 'refName': 'Other Expense'}",False,False,False,461,True,False,False,False,2022-04-25T19:51:00Z,"{'links': [{'rel': 'self', 'href': 'https://7399703.suitetalk.api.netsuite.com/services/rest/record/v1/account/461/localizations'}]}","{'links': [{'rel': 'self', 'href': 'https://7399703.suitetalk.api.netsuite.com/services/rest/record/v1/account/461/subsidiary'}]}",,,"{'id': 'AVERAGE', 'refName': 'Average'}",,False,"{'id': 'AVERAGE', 'refName': 'Average'}",,False,,72135,,,
"{'links': [{'rel': 'self', 'href': 'https://7399703.suitetalk.api.netsuite.com/services/rest/record/v1/account/1135/accountContextSearch'}]}",Contract/Consulting Expense,72140,"{'id': 'OthExpense', 'refName': 'Other Expense'}",False,False,False,1135,True,False,False,False,2022-05-27T18:36:00Z,"{'links': [{'rel': 'self', 'href': 'https://7399703.suitetalk.api.netsuite.com/services/rest/record/v1/account/1135/localizations'}]}","{'links': [{'rel': 'self', 'href': 'https://7399703.suitetalk.api.netsuite.com/services/rest/record/v1/account/1135/subsidiary'}]}",,,"{'id': 'AVERAGE', 'refName': 'Average'}",,False,"{'id': 'AVERAGE', 'refName': 'Average'}",,False,,,,,
"{'links': [{'rel': 'self', 'href': 'https://7399703.suitetalk.api.netsuite.com/services/rest/record/v1/account/2745/accountContextSearch'}]}",Transaction Costs,72145,"{'id': 'OthExpense', 'refName': 'Other Expense'}",False,False,False,2745,True,False,False,False,2024-08-23T19:27:00Z,"{'links': [{'rel': 'self', 'href': 'https://7399703.suitetalk.api.netsuite.com/services/rest/record/v1/account/2745/localizations'}]}","{'links': [{'rel': 'self', 'href': 'https://7399703.suitetalk.api.netsuite.com/services/rest/record/v1/account/2745/subsidiary'}]}",,,"{'id': 'AVERAGE', 'refName': 'Average'}",,False,"{'id': 'AVERAGE', 'refName': 'Average'}",,False,,,,,
"{'links': [{'rel': 'self', 'href': 'https://7399703.suitetalk.api.netsuite.com/services/rest/record/v1/account/2746/accountContextSearch'}]}",Gain/Loss on Sale of Asset,72150,"{'id': 'OthIncome', 'refName': 'Other Income'}",False,False,False,2746,True,False,False,False,2024-08-26T21:00:00Z,"{'links': [{'rel': 'self', 'href': 'https://7399703.suitetalk.api.netsuite.com/services/rest/record/v1/account/2746/localizations'}]}","{'links': [{'rel': 'self', 'href': 'https://7399703.suitetalk.api.netsuite.com/services/rest/record/v1/account/2746/subsidiary'}]}",,,"{'id': 'AVERAGE', 'refName': 'Average'}",,False,"{'id': 'AVERAGE', 'refName': 'Average'}",,False,,,,,
"{'links': [{'rel': 'self', 'href': 'https://7399703.suitetalk.api.netsuite.com/services/rest/record/v1/account/2747/accountContextSearch'}]}",Capital Gain on Sale of Assets,72155,"{'id': 'OthExpense', 'refName': 'Other Expense'}",False,False,False,2747,True,False,False,False,2024-08-27T13:30:00Z,"{'links': [{'rel': 'self', 'href': 'https://7399703.suitetalk.api.netsuite.com/services/rest/record/v1/account/2747/localizations'}]}","{'links': [{'rel': 'self', 'href': 'https://7399703.suitetalk.api.netsuite.com/services/rest/record/v1/account/2747/subsidiary'}]}",,,"{'id': 'AVERAGE', 'refName': 'Average'}",,False,"{'id': 'AVERAGE', 'refName': 'Average'}",,False,,,,,
"{'links': [{'rel': 'self', 'href': 'https://7399703.suitetalk.api.netsuite.com/services/rest/record/v1/account/226/accountContextSearch'}]}",Rent/Sqr Footage,99999,"{'id': 'Stat', 'refName': 'Statistical'}",False,False,False,226,True,False,False,False,2022-04-25T19:53:00Z,"{'links': [{'rel': 'self', 'href': 'https://7399703.suitetalk.api.netsuite.com/services/rest/record/v1/account/226/localizations'}]}","{'links': [{'rel': 'self', 'href': 'https://7399703.suitetalk.api.netsuite.com/services/rest/record/v1/account/226/subsidiary'}]}",1,"{'links': [{'rel': 'self', 'href': 'https://7399703.suitetalk.api.netsuite.com/services/rest/record/v1/unitstype/1'}], 'id': '1', 'refName': 'Square Feet'}",,,,,,,Test Stat Account,99999,,,
"{'links': [{'rel': 'self', 'href': 'https://7399703.suitetalk.api.netsuite.com/services/rest/record/v1/account/227/accountContextSearch'}]}",Cash Account,999999,"{'id': 'Bank', 'refName': 'Bank'}",False,False,False,227,False,False,False,False,2022-04-25T19:51:00Z,"{'links': [{'rel': 'self', 'href': 'https://7399703.suitetalk.api.netsuite.com/services/rest/record/v1/account/227/localizations'}]}","{'links': [{'rel': 'self', 'href': 'https://7399703.suitetalk.api.netsuite.com/services/rest/record/v1/account/227/subsidiary'}]}",,,"{'id': 'AVERAGE', 'refName': 'Average'}","{'links': [{'rel': 'self', 'href': 'https://7399703.suitetalk.api.netsuite.com/services/rest/record/v1/currency/1'}], 'id': '1', 'refName': 'USD'}",False,"{'id': 'CURRENT', 'refName': 'Current'}",True,False,,999999,,,
"{'links': [{'rel': 'self', 'href': 'https://7399703.suitetalk.api.netsuite.com/services/rest/record/v1/account/228/accountContextSearch'}]}",Intercompany Rent Expense,99999999,"{'id': 'Stat', 'refName': 'Statistical'}",False,False,False,228,True,False,False,False,2022-04-25T19:52:00Z,"{'links': [{'rel': 'self', 'href': 'https://7399703.suitetalk.api.netsuite.com/services/rest/record/v1/account/228/localizations'}]}","{'links': [{'rel': 'self', 'href': 'https://7399703.suitetalk.api.netsuite.com/services/rest/record/v1/account/228/subsidiary'}]}",1,"{'links': [{'rel': 'self', 'href': 'https://7399703.suitetalk.api.netsuite.com/services/rest/record/v1/unitstype/1'}], 'id': '1', 'refName': 'Square Feet'}",,,,,,,,99999999,,,
"{'links': [{'rel': 'self', 'href': 'https://7399703.suitetalk.api.netsuite.com/services/rest/record/v1/account/118/accountContextSearch'}]}",Advances Paid,,"{'id': 'OthCurrAsset', 'refName': 'Other Current Asset'}",False,False,False,118,True,False,False,False,2022-02-01T22:47:00Z,"{'links': [{'rel': 'self', 'href': 'https://7399703.suitetalk.api.netsuite.com/services/rest/record/v1/account/118/localizations'}]}","{'links': [{'rel': 'self', 'href': 'https://7399703.suitetalk.api.netsuite.com/services/rest/record/v1/account/118/subsidiary'}]}",,,"{'id': 'AVERAGE', 'refName': 'Average'}",,False,"{'id': 'CURRENT', 'refName': 'Current'}",,False,,,,,"{'id': 'AdvPaid', 'refName': 'AdvPaid'}"
"{'links': [{'rel': 'self', 'href': 'https://7399703.suitetalk.api.netsuite.com/services/rest/record/v1/account/214/accountContextSearch'}]}",Cost of Goods Sold,,"{'id': 'COGS', 'refName': 'Cost of Goods Sold'}",False,False,False,214,True,False,False,False,2022-02-01T22:55:00Z,"{'links': [{'rel': 'self', 'href': 'https://7399703.suitetalk.api.netsuite.com/services/rest/record/v1/account/214/localizations'}]}","{'links': [{'rel': 'self', 'href': 'https://7399703.suitetalk.api.netsuite.com/services/rest/record/v1/account/214/subsidiary'}]}",,,"{'id': 'AVERAGE', 'refName': 'Average'}",,False,"{'id': 'AVERAGE', 'refName': 'Average'}",,False,,,,,"{'id': 'COGS', 'refName': 'COGS'}"
"{'links': [{'rel': 'self', 'href': 'https://7399703.suitetalk.api.netsuite.com/services/rest/record/v1/account/222/accountContextSearch'}]}",Cumulative Translation Adjustment-Elimination,,"{'id': 'Equity', 'refName': 'Equity'}",False,False,False,222,True,False,False,False,2022-03-20T18:00:00Z,"{'links': [{'rel': 'self', 'href': 'https://7399703.suitetalk.api.netsuite.com/services/rest/record/v1/account/222/localizations'}]}","{'links': [{'rel': 'self', 'href': 'https://7399703.suitetalk.api.netsuite.com/services/rest/record/v1/account/222/subsidiary'}]}",,,"{'id': 'HISTORICAL', 'refName': 'Historical'}",,False,"{'id': 'HISTORICAL', 'refName': 'Historical'}",,False,,,,,"{'id': 'CTA-E', 'refName': 'CTA-E'}"
"{'links': [{'rel': 'self', 'href': 'https://7399703.suitetalk.api.netsuite.com/services/rest/record/v1/account/114/accountContextSearch'}]}",Estimates,,"{'id': 'NonPosting', 'refName': 'Non Posting'}",False,False,False,114,True,False,False,False,2022-02-01T22:47:00Z,"{'links': [{'rel': 'self', 'href': 'https://7399703.suitetalk.api.netsuite.com/services/rest/record/v1/account/114/localizations'}]}","{'links': [{'rel': 'self', 'href': 'https://7399703.suitetalk.api.netsuite.com/services/rest/record/v1/account/114/subsidiary'}]}",,,"{'id': 'AVERAGE', 'refName': 'Average'}",,False,"{'id': 'AVERAGE', 'refName': 'Average'}",,False,,,,,"{'id': 'Estimate', 'refName': 'Estimate'}"
"{'links': [{'rel': 'self', 'href': 'https://7399703.suitetalk.api.netsuite.com/services/rest/record/v1/account/216/accountContextSearch'}]}",Inventory In Transit,,"{'id': 'OthCurrAsset', 'refName': 'Other Current Asset'}",False,False,False,216,True,True,False,False,2022-02-01T22:55:00Z,"{'links': [{'rel': 'self', 'href': 'https://7399703.suitetalk.api.netsuite.com/services/rest/record/v1/account/216/localizations'}]}","{'links': [{'rel': 'self', 'href': 'https://7399703.suitetalk.api.netsuite.com/services/rest/record/v1/account/216/subsidiary'}]}",,,"{'id': 'AVERAGE', 'refName': 'Average'}",,False,"{'id': 'CURRENT', 'refName': 'Current'}",,False,,,,,"{'id': 'InvInTransit', 'refName': 'InvInTransit'}"
"{'links': [{'rel': 'self', 'href': 'https://7399703.suitetalk.api.netsuite.com/services/rest/record/v1/account/2748/accountContextSearch'}]}",Accrual to Cash Adjustment,M1000,"{'id': 'OthExpense', 'refName': 'Other Expense'}",False,False,False,2748,True,False,False,False,2024-08-27T13:31:00Z,"{'links': [{'rel': 'self', 'href': 'https://7399703.suitetalk.api.netsuite.com/services/rest/record/v1/account/2748/localizations'}]}","{'links': [{'rel': 'self', 'href': 'https://7399703.suitetalk.api.netsuite.com/services/rest/record/v1/account/2748/subsidiary'}]}",,,"{'id': 'AVERAGE', 'refName': 'Average'}",,False,"{'id': 'AVERAGE', 'refName': 'Average'}",,False,,,,,
"{'links': [{'rel': 'self', 'href': 'https://7399703.suitetalk.api.netsuite.com/services/rest/record/v1/account/2749/accountContextSearch'}]}",Gain/Loss on Sale of Asset M-1,M2000,"{'id': 'OthExpense', 'refName': 'Other Expense'}",False,False,False,2749,True,False,False,False,2024-08-27T13:32:00Z,"{'links': [{'rel': 'self', 'href': 'https://7399703.suitetalk.api.netsuite.com/services/rest/record/v1/account/2749/localizations'}]}","{'links': [{'rel': 'self', 'href': 'https://7399703.suitetalk.api.netsuite.com/services/rest/record/v1/account/2749/subsidiary'}]}",,,"{'id': 'AVERAGE', 'refName': 'Average'}",,False,"{'id': 'AVERAGE', 'refName': 'Average'}",,False,,,,,
"{'links': [{'rel': 'self', 'href': 'https://7399703.suitetalk.api.netsuite.com/services/rest/record/v1/account/2750/accountContextSearch'}]}",754 Depreciation M-1,M3000,"{'id': 'OthExpense', 'refName': 'Other Expense'}",False,False,False,2750,True,False,False,False,2024-08-27T13:34:00Z,"{'links': [{'rel': 'self', 'href': 'https://7399703.suitetalk.api.netsuite.com/services/rest/record/v1/account/2750/localizations'}]}","{'links': [{'rel': 'self', 'href': 'https://7399703.suitetalk.api.netsuite.com/services/rest/record/v1/account/2750/subsidiary'}]}",,,"{'id': 'AVERAGE', 'refName': 'Average'}",,False,"{'id': 'AVERAGE', 'refName': 'Average'}",,False,,,,,
"{'links': [{'rel': 'self', 'href': 'https://7399703.suitetalk.api.netsuite.com/services/rest/record/v1/account/212/accountContextSearch'}]}",Depreciation OLD,OLD 72105,"{'id': 'DeferExpense', 'refName': 'Deferred Expense'}",False,False,False,212,True,False,False,False,2022-07-22T19:22:00Z,"{'links': [{'rel': 'self', 'href': 'https://7399703.suitetalk.api.netsuite.com/services/rest/record/v1/account/212/localizations'}]}","{'links': [{'rel': 'self', 'href': 'https://7399703.suitetalk.api.netsuite.com/services/rest/record/v1/account/212/subsidiary'}]}",,,"{'id': 'AVERAGE', 'refName': 'Average'}",,False,"{'id': 'CURRENT', 'refName': 'Current'}",,False,,72105,,,"{'id': 'AccumDeprec', 'refName': 'AccumDeprec'}"
"{'links': [{'rel': 'self', 'href': 'https://7399703.suitetalk.api.netsuite.com/services/rest/record/v1/account/124/accountContextSearch'}]}",Opportunities,,"{'id': 'NonPosting', 'refName': 'Non Posting'}",False,False,False,124,True,False,False,False,2022-02-01T22:47:00Z,"{'links': [{'rel': 'self', 'href': 'https://7399703.suitetalk.api.netsuite.com/services/rest/record/v1/account/124/localizations'}]}","{'links': [{'rel': 'self', 'href': 'https://7399703.suitetalk.api.netsuite.com/services/rest/record/v1/account/124/subsidiary'}]}",,,"{'id': 'AVERAGE', 'refName': 'Average'}",,False,"{'id': 'AVERAGE', 'refName': 'Average'}",,False,,,,,"{'id': 'Opprtnty', 'refName': 'Opprtnty'}"
"{'links': [{'rel': 'self', 'href': 'https://7399703.suitetalk.api.netsuite.com/services/rest/record/v1/account/115/accountContextSearch'}]}",Purchase Orders,,"{'id': 'NonPosting', 'refName': 'Non Posting'}",False,False,False,115,True,False,False,False,2022-02-01T22:47:00Z,"{'links': [{'rel': 'self', 'href': 'https://7399703.suitetalk.api.netsuite.com/services/rest/record/v1/account/115/localizations'}]}","{'links': [{'rel': 'self', 'href': 'https://7399703.suitetalk.api.netsuite.com/services/rest/record/v1/account/115/subsidiary'}]}",,,"{'id': 'AVERAGE', 'refName': 'Average'}",,False,"{'id': 'AVERAGE', 'refName': 'Average'}",,False,,,,,"{'id': 'PurchOrd', 'refName': 'PurchOrd'}"
"{'links': [{'rel': 'self', 'href': 'https://7399703.suitetalk.api.netsuite.com/services/rest/record/v1/account/121/accountContextSearch'}]}",Purchases Returned Not Credited,,"{'id': 'OthCurrAsset', 'refName': 'Other Current Asset'}",False,False,False,121,True,False,False,False,2022-02-01T22:47:00Z,"{'links': [{'rel': 'self', 'href': 'https://7399703.suitetalk.api.netsuite.com/services/rest/record/v1/account/121/localizations'}]}","{'links': [{'rel': 'self', 'href': 'https://7399703.suitetalk.api.netsuite.com/services/rest/record/v1/account/121/subsidiary'}]}",,,"{'id': 'AVERAGE', 'refName': 'Average'}",,False,"{'id': 'CURRENT', 'refName': 'Current'}",,False,,,,,"{'id': 'RtnNotCredit', 'refName': 'RtnNotCredit'}"
"{'links': [{'rel': 'self', 'href': 'https://7399703.suitetalk.api.netsuite.com/services/rest/record/v1/account/2365/accountContextSearch'}]}","Ramp Card - All Access Clinic, PLLC","Ramp Card - All Access Clinic, PLLC","{'id': 'CredCard', 'refName': 'Credit Card'}",False,False,False,2365,False,False,False,False,2023-10-11T21:10:00Z,"{'links': [{'rel': 'self', 'href': 'https://7399703.suitetalk.api.netsuite.com/services/rest/record/v1/account/2365/localizations'}]}","{'links': [{'rel': 'self', 'href': 'https://7399703.suitetalk.api.netsuite.com/services/rest/record/v1/account/2365/subsidiary'}]}",,,"{'id': 'AVERAGE', 'refName': 'Average'}","{'links': [{'rel': 'self', 'href': 'https://7399703.suitetalk.api.netsuite.com/services/rest/record/v1/currency/1'}], 'id': '1', 'refName': 'USD'}",False,"{'id': 'CURRENT', 'refName': 'Current'}",True,True,,,,,
"{'links': [{'rel': 'self', 'href': 'https://7399703.suitetalk.api.netsuite.com/services/rest/record/v1/account/2616/accountContextSearch'}]}","Ramp Card - Avalon Imaging - DFW I, LLC","Ramp Card - Avalon Imaging - DFW I, LLC","{'id': 'CredCard', 'refName': 'Credit Card'}",False,False,False,2616,False,False,False,False,2024-05-01T13:07:00Z,"{'links': [{'rel': 'self', 'href': 'https://7399703.suitetalk.api.netsuite.com/services/rest/record/v1/account/2616/localizations'}]}","{'links': [{'rel': 'self', 'href': 'https://7399703.suitetalk.api.netsuite.com/services/rest/record/v1/account/2616/subsidiary'}]}",,,"{'id': 'AVERAGE', 'refName': 'Average'}","{'links': [{'rel': 'self', 'href': 'https://7399703.suitetalk.api.netsuite.com/services/rest/record/v1/currency/1'}], 'id': '1', 'refName': 'USD'}",False,"{'id': 'CURRENT', 'refName': 'Current'}",True,True,,,,,
"{'links': [{'rel': 'self', 'href': 'https://7399703.suitetalk.api.netsuite.com/services/rest/record/v1/account/2265/accountContextSearch'}]}",Ramp Card - CMG Norcal,Ramp Card - CMG Norcal,"{'id': 'CredCard', 'refName': 'Credit Card'}",False,False,False,2265,False,False,False,False,2023-09-25T20:49:00Z,"{'links': [{'rel': 'self', 'href': 'https://7399703.suitetalk.api.netsuite.com/services/rest/record/v1/account/2265/localizations'}]}","{'links': [{'rel': 'self', 'href': 'https://7399703.suitetalk.api.netsuite.com/services/rest/record/v1/account/2265/subsidiary'}]}",,,"{'id': 'AVERAGE', 'refName': 'Average'}","{'links': [{'rel': 'self', 'href': 'https://7399703.suitetalk.api.netsuite.com/services/rest/record/v1/currency/1'}], 'id': '1', 'refName': 'USD'}",False,"{'id': 'CURRENT', 'refName': 'Current'}",True,True,,,,,
"{'links': [{'rel': 'self', 'href': 'https://7399703.suitetalk.api.netsuite.com/services/rest/record/v1/account/2513/accountContextSearch'}]}","Ramp Card - Flying Owl Aviation, LLC","Ramp Card - Flying Owl Aviation, LLC","{'id': 'CredCard', 'refName': 'Credit Card'}",False,False,False,2513,False,False,False,False,2024-04-03T18:59:00Z,"{'links': [{'rel': 'self', 'href': 'https://7399703.suitetalk.api.netsuite.com/services/rest/record/v1/account/2513/localizations'}]}","{'links': [{'rel': 'self', 'href': 'https://7399703.suitetalk.api.netsuite.com/services/rest/record/v1/account/2513/subsidiary'}]}",,,"{'id': 'AVERAGE', 'refName': 'Average'}","{'links': [{'rel': 'self', 'href': 'https://7399703.suitetalk.api.netsuite.com/services/rest/record/v1/currency/1'}], 'id': '1', 'refName': 'USD'}",False,"{'id': 'CURRENT', 'refName': 'Current'}",True,True,,,,,
"{'links': [{'rel': 'self', 'href': 'https://7399703.suitetalk.api.netsuite.com/services/rest/record/v1/account/2160/accountContextSearch'}]}",Ramp Card - Life Care Planners of America LLC,Ramp Card - Life Care Planners of America LLC,"{'id': 'CredCard', 'refName': 'Credit Card'}",False,False,False,2160,False,False,False,False,2023-09-21T19:25:00Z,"{'links': [{'rel': 'self', 'href': 'https://7399703.suitetalk.api.netsuite.com/services/rest/record/v1/account/2160/localizations'}]}","{'links': [{'rel': 'self', 'href': 'https://7399703.suitetalk.api.netsuite.com/services/rest/record/v1/account/2160/subsidiary'}]}",,,"{'id': 'AVERAGE', 'refName': 'Average'}","{'links': [{'rel': 'self', 'href': 'https://7399703.suitetalk.api.netsuite.com/services/rest/record/v1/currency/1'}], 'id': '1', 'refName': 'USD'}",False,"{'id': 'CURRENT', 'refName': 'Current'}",True,True,,,,,
"{'links': [{'rel': 'self', 'href': 'https://7399703.suitetalk.api.netsuite.com/services/rest/record/v1/account/2060/accountContextSearch'}]}",Ramp Card - Uncle John Holdings LLC,Ramp Card - Uncle John Holdings LLC,"{'id': 'CredCard', 'refName': 'Credit Card'}",False,False,False,2060,False,False,False,False,2023-09-21T19:03:00Z,"{'links': [{'rel': 'self', 'href': 'https://7399703.suitetalk.api.netsuite.com/services/rest/record/v1/account/2060/localizations'}]}","{'links': [{'rel': 'self', 'href': 'https://7399703.suitetalk.api.netsuite.com/services/rest/record/v1/account/2060/subsidiary'}]}",,,"{'id': 'AVERAGE', 'refName': 'Average'}","{'links': [{'rel': 'self', 'href': 'https://7399703.suitetalk.api.netsuite.com/services/rest/record/v1/currency/1'}], 'id': '1', 'refName': 'USD'}",False,"{'id': 'CURRENT', 'refName': 'Current'}",True,True,,,,,
"{'links': [{'rel': 'self', 'href': 'https://7399703.suitetalk.api.netsuite.com/services/rest/record/v1/account/123/accountContextSearch'}]}",Refunds Payable,,"{'id': 'OthCurrLiab', 'refName': 'Other Current Liability'}",False,False,False,123,True,False,False,False,2022-02-01T22:47:00Z,"{'links': [{'rel': 'self', 'href': 'https://7399703.suitetalk.api.netsuite.com/services/rest/record/v1/account/123/localizations'}]}","{'links': [{'rel': 'self', 'href': 'https://7399703.suitetalk.api.netsuite.com/services/rest/record/v1/account/123/subsidiary'}]}",,,"{'id': 'AVERAGE', 'refName': 'Average'}",,False,"{'id': 'CURRENT', 'refName': 'Current'}",,False,,,,,"{'id': 'RefundPay', 'refName': 'RefundPay'}"
"{'links': [{'rel': 'self', 'href': 'https://7399703.suitetalk.api.netsuite.com/services/rest/record/v1/account/113/accountContextSearch'}]}",Return Authorizations,,"{'id': 'NonPosting', 'refName': 'Non Posting'}",False,False,False,113,True,False,False,False,2022-02-01T22:47:00Z,"{'links': [{'rel': 'self', 'href': 'https://7399703.suitetalk.api.netsuite.com/services/rest/record/v1/account/113/localizations'}]}","{'links': [{'rel': 'self', 'href': 'https://7399703.suitetalk.api.netsuite.com/services/rest/record/v1/account/113/subsidiary'}]}",,,"{'id': 'AVERAGE', 'refName': 'Average'}",,False,"{'id': 'AVERAGE', 'refName': 'Average'}",,False,,,,,"{'id': 'RtnAuth', 'refName': 'RtnAuth'}"
"{'links': [{'rel': 'self', 'href': 'https://7399703.suitetalk.api.netsuite.com/services/rest/record/v1/account/225/accountContextSearch'}]}",Rounding Gain/Loss,,"{'id': 'OthExpense', 'refName': 'Other Expense'}",False,False,False,225,True,False,False,False,2022-03-20T18:28:00Z,"{'links': [{'rel': 'self', 'href': 'https://7399703.suitetalk.api.netsuite.com/services/rest/record/v1/account/225/localizations'}]}","{'links': [{'rel': 'self', 'href': 'https://7399703.suitetalk.api.netsuite.com/services/rest/record/v1/account/225/subsidiary'}]}",,,"{'id': 'AVERAGE', 'refName': 'Average'}",,False,"{'id': 'AVERAGE', 'refName': 'Average'}",,False,,,,,"{'id': 'RndERV', 'refName': 'RndERV'}"
"{'links': [{'rel': 'self', 'href': 'https://7399703.suitetalk.api.netsuite.com/services/rest/record/v1/account/116/accountContextSearch'}]}",Sales Orders,,"{'id': 'NonPosting', 'refName': 'Non Posting'}",False,False,False,116,True,False,False,False,2022-02-01T22:47:00Z,"{'links': [{'rel': 'self', 'href': 'https://7399703.suitetalk.api.netsuite.com/services/rest/record/v1/account/116/localizations'}]}","{'links': [{'rel': 'self', 'href': 'https://7399703.suitetalk.api.netsuite.com/services/rest/record/v1/account/116/subsidiary'}]}",,,"{'id': 'AVERAGE', 'refName': 'Average'}",,False,"{'id': 'AVERAGE', 'refName': 'Average'}",,False,,,,,"{'id': 'SalesOrd', 'refName': 'SalesOrd'}"
"{'links': [{'rel': 'self', 'href': 'https://7399703.suitetalk.api.netsuite.com/services/rest/record/v1/account/218/accountContextSearch'}]}",Sales Taxes Payable AR,,"{'id': 'OthCurrLiab', 'refName': 'Other Current Liability'}",False,False,False,218,True,False,False,False,2022-03-04T00:37:00Z,"{'links': [{'rel': 'self', 'href': 'https://7399703.suitetalk.api.netsuite.com/services/rest/record/v1/account/218/localizations'}]}","{'links': [{'rel': 'self', 'href': 'https://7399703.suitetalk.api.netsuite.com/services/rest/record/v1/account/218/subsidiary'}]}",,,"{'id': 'AVERAGE', 'refName': 'Average'}",,False,"{'id': 'CURRENT', 'refName': 'Current'}",,False,,,,,"{'id': 'SalesTaxPay', 'refName': 'SalesTaxPay'}"
"{'links': [{'rel': 'self', 'href': 'https://7399703.suitetalk.api.netsuite.com/services/rest/record/v1/account/219/accountContextSearch'}]}",Sales Taxes Payable AZ,,"{'id': 'OthCurrLiab', 'refName': 'Other Current Liability'}",False,False,False,219,True,False,False,False,2022-03-04T00:38:00Z,"{'links': [{'rel': 'self', 'href': 'https://7399703.suitetalk.api.netsuite.com/services/rest/record/v1/account/219/localizations'}]}","{'links': [{'rel': 'self', 'href': 'https://7399703.suitetalk.api.netsuite.com/services/rest/record/v1/account/219/subsidiary'}]}",,,"{'id': 'AVERAGE', 'refName': 'Average'}",,False,"{'id': 'CURRENT', 'refName': 'Current'}",,False,,,,,"{'id': 'SalesTaxPay', 'refName': 'SalesTaxPay'}"
"{'links': [{'rel': 'self', 'href': 'https://7399703.suitetalk.api.netsuite.com/services/rest/record/v1/account/1939/accountContextSearch'}]}",Sales Taxes Payable CA,,"{'id': 'OthCurrLiab', 'refName': 'Other Current Liability'}",False,False,False,1939,True,False,False,False,2022-09-26T18:15:00Z,"{'links': [{'rel': 'self', 'href': 'https://7399703.suitetalk.api.netsuite.com/services/rest/record/v1/account/1939/localizations'}]}","{'links': [{'rel': 'self', 'href': 'https://7399703.suitetalk.api.netsuite.com/services/rest/record/v1/account/1939/subsidiary'}]}",,,"{'id': 'AVERAGE', 'refName': 'Average'}",,False,"{'id': 'CURRENT', 'refName': 'Current'}",,False,,,,,"{'id': 'SalesTaxPay', 'refName': 'SalesTaxPay'}"
"{'links': [{'rel': 'self', 'href': 'https://7399703.suitetalk.api.netsuite.com/services/rest/record/v1/account/729/accountContextSearch'}]}",Sales Taxes Payable DE,,"{'id': 'OthCurrLiab', 'refName': 'Other Current Liability'}",False,False,False,729,True,False,False,False,2022-03-28T15:40:00Z,"{'links': [{'rel': 'self', 'href': 'https://7399703.suitetalk.api.netsuite.com/services/rest/record/v1/account/729/localizations'}]}","{'links': [{'rel': 'self', 'href': 'https://7399703.suitetalk.api.netsuite.com/services/rest/record/v1/account/729/subsidiary'}]}",,,"{'id': 'AVERAGE', 'refName': 'Average'}",,False,"{'id': 'CURRENT', 'refName': 'Current'}",,False,,,,,"{'id': 'SalesTaxPay', 'refName': 'SalesTaxPay'}"
"{'links': [{'rel': 'self', 'href': 'https://7399703.suitetalk.api.netsuite.com/services/rest/record/v1/account/217/accountContextSearch'}]}",Sales Taxes Payable FL,,"{'id': 'OthCurrLiab', 'refName': 'Other Current Liability'}",False,False,False,217,True,False,False,False,2022-03-04T00:36:00Z,"{'links': [{'rel': 'self', 'href': 'https://7399703.suitetalk.api.netsuite.com/services/rest/record/v1/account/217/localizations'}]}","{'links': [{'rel': 'self', 'href': 'https://7399703.suitetalk.api.netsuite.com/services/rest/record/v1/account/217/subsidiary'}]}",,,"{'id': 'AVERAGE', 'refName': 'Average'}",,False,"{'id': 'CURRENT', 'refName': 'Current'}",,False,,,,,"{'id': 'SalesTaxPay', 'refName': 'SalesTaxPay'}"
"{'links': [{'rel': 'self', 'href': 'https://7399703.suitetalk.api.netsuite.com/services/rest/record/v1/account/220/accountContextSearch'}]}",Sales Taxes Payable TN,,"{'id': 'OthCurrLiab', 'refName': 'Other Current Liability'}",False,False,False,220,True,False,False,False,2022-03-04T00:38:00Z,"{'links': [{'rel': 'self', 'href': 'https://7399703.suitetalk.api.netsuite.com/services/rest/record/v1/account/220/localizations'}]}","{'links': [{'rel': 'self', 'href': 'https://7399703.suitetalk.api.netsuite.com/services/rest/record/v1/account/220/subsidiary'}]}",,,"{'id': 'AVERAGE', 'refName': 'Average'}",,False,"{'id': 'CURRENT', 'refName': 'Current'}",,False,,,,,"{'id': 'SalesTaxPay', 'refName': 'SalesTaxPay'}"
"{'links': [{'rel': 'self', 'href': 'https://7399703.suitetalk.api.netsuite.com/services/rest/record/v1/account/210/accountContextSearch'}]}",Sales Taxes Payable TX,,"{'id': 'OthCurrLiab', 'refName': 'Other Current Liability'}",False,False,False,210,True,False,False,False,2022-02-01T22:47:00Z,"{'links': [{'rel': 'self', 'href': 'https://7399703.suitetalk.api.netsuite.com/services/rest/record/v1/account/210/localizations'}]}","{'links': [{'rel': 'self', 'href': 'https://7399703.suitetalk.api.netsuite.com/services/rest/record/v1/account/210/subsidiary'}]}",,,"{'id': 'AVERAGE', 'refName': 'Average'}",,False,"{'id': 'CURRENT', 'refName': 'Current'}",,False,,,,,"{'id': 'SalesTaxPay', 'refName': 'SalesTaxPay'}"
"{'links': [{'rel': 'self', 'href': 'https://7399703.suitetalk.api.netsuite.com/services/rest/record/v1/account/2751/accountContextSearch'}]}",743 Amortization,Tax_100,"{'id': 'OthExpense', 'refName': 'Other Expense'}",False,False,False,2751,True,False,False,False,2024-08-27T13:37:00Z,"{'links': [{'rel': 'self', 'href': 'https://7399703.suitetalk.api.netsuite.com/services/rest/record/v1/account/2751/localizations'}]}","{'links': [{'rel': 'self', 'href': 'https://7399703.suitetalk.api.netsuite.com/services/rest/record/v1/account/2751/subsidiary'}]}",,,"{'id': 'AVERAGE', 'refName': 'Average'}",,False,"{'id': 'AVERAGE', 'refName': 'Average'}",,False,,,,,
"{'links': [{'rel': 'self', 'href': 'https://7399703.suitetalk.api.netsuite.com/services/rest/record/v1/account/2752/accountContextSearch'}]}",734 Amortization,Tax_200,"{'id': 'OthExpense', 'refName': 'Other Expense'}",False,False,False,2752,True,False,False,False,2024-08-27T13:38:00Z,"{'links': [{'rel': 'self', 'href': 'https://7399703.suitetalk.api.netsuite.com/services/rest/record/v1/account/2752/localizations'}]}","{'links': [{'rel': 'self', 'href': 'https://7399703.suitetalk.api.netsuite.com/services/rest/record/v1/account/2752/subsidiary'}]}",,,"{'id': 'AVERAGE', 'refName': 'Average'}",,False,"{'id': 'AVERAGE', 'refName': 'Average'}",,False,,,,,
"{'links': [{'rel': 'self', 'href': 'https://7399703.suitetalk.api.netsuite.com/services/rest/record/v1/account/2753/accountContextSearch'}]}",Depreciation on 751b Exchange,Tax_300,"{'id': 'OthExpense', 'refName': 'Other Expense'}",False,False,False,2753,True,False,False,False,2024-08-27T13:40:00Z,"{'links': [{'rel': 'self', 'href': 'https://7399703.suitetalk.api.netsuite.com/services/rest/record/v1/account/2753/localizations'}]}","{'links': [{'rel': 'self', 'href': 'https://7399703.suitetalk.api.netsuite.com/services/rest/record/v1/account/2753/subsidiary'}]}",,,"{'id': 'AVERAGE', 'refName': 'Average'}",,False,"{'id': 'AVERAGE', 'refName': 'Average'}",,False,,,,,
"{'links': [{'rel': 'self', 'href': 'https://7399703.suitetalk.api.netsuite.com/services/rest/record/v1/account/215/accountContextSearch'}]}",Transfer Orders,,"{'id': 'NonPosting', 'refName': 'Non Posting'}",False,False,False,215,True,False,False,False,2022-02-01T22:55:00Z,"{'links': [{'rel': 'self', 'href': 'https://7399703.suitetalk.api.netsuite.com/services/rest/record/v1/account/215/localizations'}]}","{'links': [{'rel': 'self', 'href': 'https://7399703.suitetalk.api.netsuite.com/services/rest/record/v1/account/215/subsidiary'}]}",,,"{'id': 'AVERAGE', 'refName': 'Average'}",,False,"{'id': 'AVERAGE', 'refName': 'Average'}",,False,,,,,"{'id': 'TrnfrOrd', 'refName': 'TrnfrOrd'}"
"{'links': [{'rel': 'self', 'href': 'https://7399703.suitetalk.api.netsuite.com/services/rest/record/v1/account/110/accountContextSearch'}]}",Unapproved Customer Payments,,"{'id': 'NonPosting', 'refName': 'Non Posting'}",False,False,False,110,True,False,False,False,2022-02-01T22:47:00Z,"{'links': [{'rel': 'self', 'href': 'https://7399703.suitetalk.api.netsuite.com/services/rest/record/v1/account/110/localizations'}]}","{'links': [{'rel': 'self', 'href': 'https://7399703.suitetalk.api.netsuite.com/services/rest/record/v1/account/110/subsidiary'}]}",,,"{'id': 'AVERAGE', 'refName': 'Average'}",,False,"{'id': 'AVERAGE', 'refName': 'Average'}",,False,,,,,"{'id': 'UnappvPymt', 'refName': 'UnappvPymt'}"
"{'links': [{'rel': 'self', 'href': 'https://7399703.suitetalk.api.netsuite.com/services/rest/record/v1/account/117/accountContextSearch'}]}",Unapproved Expense Reports,,"{'id': 'NonPosting', 'refName': 'Non Posting'}",False,False,False,117,True,False,False,False,2022-02-01T22:47:00Z,"{'links': [{'rel': 'self', 'href': 'https://7399703.suitetalk.api.netsuite.com/services/rest/record/v1/account/117/localizations'}]}","{'links': [{'rel': 'self', 'href': 'https://7399703.suitetalk.api.netsuite.com/services/rest/record/v1/account/117/subsidiary'}]}",,,"{'id': 'AVERAGE', 'refName': 'Average'}",,False,"{'id': 'AVERAGE', 'refName': 'Average'}",,False,,,,,"{'id': 'UnappvExpRept', 'refName': 'UnappvExpRept'}"
"{'links': [{'rel': 'self', 'href': 'https://7399703.suitetalk.api.netsuite.com/services/rest/record/v1/account/1948/accountContextSearch'}]}",Unrealized Gain/Loss,,"{'id': 'OthExpense', 'refName': 'Other Expense'}",False,False,False,1948,True,False,False,False,2022-11-18T20:24:00Z,"{'links': [{'rel': 'self', 'href': 'https://7399703.suitetalk.api.netsuite.com/services/rest/record/v1/account/1948/localizations'}]}","{'links': [{'rel': 'self', 'href': 'https://7399703.suitetalk.api.netsuite.com/services/rest/record/v1/account/1948/subsidiary'}]}",,,"{'id': 'AVERAGE', 'refName': 'Average'}",,False,"{'id': 'AVERAGE', 'refName': 'Average'}",,False,,,,,"{'id': 'UnrERV', 'refName': 'UnrERV'}"
"{'links': [{'rel': 'self', 'href': 'https://7399703.suitetalk.api.netsuite.com/services/rest/record/v1/account/1949/accountContextSearch'}]}",Unrealized Matching Gain/Loss,,"{'id': 'OthExpense', 'refName': 'Other Expense'}",False,False,False,1949,True,False,False,False,2022-11-18T20:24:00Z,"{'links': [{'rel': 'self', 'href': 'https://7399703.suitetalk.api.netsuite.com/services/rest/record/v1/account/1949/localizations'}]}","{'links': [{'rel': 'self', 'href': 'https://7399703.suitetalk.api.netsuite.com/services/rest/record/v1/account/1949/subsidiary'}]}",,,"{'id': 'AVERAGE', 'refName': 'Average'}",,False,"{'id': 'AVERAGE', 'refName': 'Average'}",,False,,,,,"{'id': 'MatchingUnrERV', 'refName': 'MatchingUnrERV'}"
"{'links': [{'rel': 'self', 'href': 'https://7399703.suitetalk.api.netsuite.com/services/rest/record/v1/account/120/accountContextSearch'}]}",{#Vendor Return Authorizations#},,"{'id': 'NonPosting', 'refName': 'Non Posting'}",False,False,False,120,True,False,False,False,2022-02-01T22:47:00Z,"{'links': [{'rel': 'self', 'href': 'https://7399703.suitetalk.api.netsuite.com/services/rest/record/v1/account/120/localizations'}]}","{'links': [{'rel': 'self', 'href': 'https://7399703.suitetalk.api.netsuite.com/services/rest/record/v1/account/120/subsidiary'}]}",,,"{'id': 'AVERAGE', 'refName': 'Average'}",,False,"{'id': 'AVERAGE', 'refName': 'Average'}",,False,,,,,"{'id': 'VendAuth', 'refName': 'VendAuth'}"
